일자,금융채 6월,금융채 5년,국채 1년,국채 3년,국채 5년,국채 10년
2026/09/03,3.498,4.443,3.477,3.882,4.108,4.367
2026/09/02,3.498,4.502,3.485,3.935,4.170,4.417
2026/09/01,3.487,4.442,3.475,3.878,4.110,4.370
2026/08/31,3.477,4.386,3.457,3.840,4.052,4.310
2026/08/28,3.462,4.356,3.447,3.795,4.022,4.285
2026/08/27,3.447,4.301,3.435,3.750,3.967,4.221
2026/08/26,3.417,4.364,3.440,3.817,4.030,4.282
2026/08/25,3.407,4.366,3.420,3.826,4.032,4.317
2026/08/24,3.402,4.393,3.417,3.835,4.062,4.327
2026/08/21,3.392,4.438,3.412,3.855,4.107,4.370
2026/08/20,3.377,4.401,3.402,3.822,4.070,4.322
2026/08/19,3.355,4.388,3.390,3.787,4.057,4.335
2026/08/18,3.340,4.431,3.402,3.840,4.107,4.372
2026/08/14,3.322,4.367,3.400,3.795,4.043,4.310
2026/08/13,3.312,4.341,3.402,3.777,4.017,4.300
2026/08/12,3.302,4.339,3.405,3.782,4.015,4.285
2026/08/11,3.290,4.356,3.407,3.797,4.035,4.295
2026/08/10,3.277,4.308,3.398,3.776,3.987,4.235
2026/08/07,3.275,4.286,3.398,3.747,3.965,4.215
2026/08/06,3.275,4.278,3.391,3.745,3.957,4.192
2026/08/05,3.275,4.241,3.378,3.677,3.920,4.155
2026/08/04,3.276,4.323,3.393,3.740,4.002,4.255
2026/08/03,3.267,4.333,3.393,3.742,4.012,4.260
2026/07/31,3.262,4.341,3.392,3.760,4.020,4.262
2026/07/30,3.259,4.393,3.397,3.827,4.072,4.312
2026/07/29,3.249,4.358,3.392,3.802,4.037,4.255
2026/07/28,3.250,4.391,3.395,3.830,4.070,4.292
2026/07/27,3.255,4.438,3.395,3.867,4.117,4.330
2026/07/24,3.263,4.529,3.407,3.953,4.210,4.446
2026/07/23,3.249,4.481,3.370,3.917,4.162,4.397
2026/07/22,3.255,4.494,3.362,3.915,4.175,4.385
2026/07/21,3.263,4.438,3.355,3.867,4.116,4.330
2026/07/20,3.270,4.477,3.362,3.897,4.155,4.342
2026/07/16,3.272,4.427,3.357,3.852,4.105,4.300
2026/07/15,3.289,4.434,3.372,3.867,4.112,4.332
2026/07/14,3.296,4.457,3.382,3.890,4.135,4.340
2026/07/13,3.286,4.369,3.355,3.810,4.047,4.267
2026/07/10,3.276,4.329,3.340,3.770,4.007,4.237
2026/07/09,3.278,4.347,3.350,3.780,4.025,4.262
2026/07/08,3.288,4.324,3.345,3.776,4.002,4.250
2026/07/07,3.292,4.312,3.347,3.778,3.990,4.217
2026/07/06,3.299,4.309,3.347,3.770,3.987,4.205
2026/07/03,3.309,4.294,3.345,3.745,3.972,4.195
2026/07/02,3.314,4.302,3.345,3.745,3.980,4.185
2026/07/01,3.314,4.347,3.357,3.791,4.025,4.205
2026/06/30,3.289,4.237,3.305,3.697,3.915,4.070
2026/06/29,3.276,4.284,3.315,3.735,3.962,4.140
2026/06/26,3.256,4.267,3.295,3.717,3.942,4.117
2026/06/25,3.246,4.322,3.292,3.762,4.000,4.155
2026/06/24,3.236,4.347,3.292,3.775,4.017,4.172
2026/06/23,3.218,4.335,3.285,3.765,4.007,4.162
2026/06/22,3.213,4.365,3.300,3.805,4.040,4.192
2026/06/19,3.198,4.325,3.285,3.782,4.002,4.170
2026/06/18,3.178,4.275,3.267,3.752,3.952,4.120
2026/06/17,3.165,4.213,3.270,3.700,3.890,4.062
2026/06/16,3.153,4.223,3.296,3.715,3.905,4.110
2026/06/15,3.145,4.238,3.338,3.740,3.920,4.120
2026/06/12,3.148,4.274,3.381,3.790,3.956,4.195
2026/06/11,3.140,4.380,3.393,3.907,4.080,4.315
2026/06/10,3.119,4.370,3.403,3.877,4.070,4.265
2026/06/09,3.094,4.398,3.290,3.860,4.100,4.272
2026/06/08,3.087,4.478,3.290,3.930,4.180,4.346
2026/06/05,3.062,4.418,3.235,3.880,4.120,4.252
2026/06/04,3.055,4.375,3.232,3.860,4.075,4.227
2026/06/02,3.031,4.270,3.183,3.770,3.970,4.137
2026/06/01,3.024,4.290,3.183,3.790,3.995,4.180
2026/05/29,3.005,4.210,3.175,3.723,3.915,4.065
2026/05/28,3.000,4.283,3.177,3.767,3.990,4.146
2026/05/27,2.985,4.241,3.155,3.717,3.957,4.107
2026/05/26,2.973,4.184,3.155,3.663,3.902,4.075
2026/05/22,2.968,4.235,3.170,3.725,3.957,4.126
2026/05/21,2.950,4.260,3.172,3.755,3.990,4.182
2026/05/20,2.930,4.245,3.172,3.758,3.975,4.195
2026/05/19,2.919,4.235,3.167,3.750,3.965,4.205
2026/05/18,2.908,4.260,3.157,3.757,3.992,4.247
2026/05/15,2.907,4.273,3.168,3.765,4.005,4.220
2026/05/14,2.868,4.163,3.122,3.657,3.890,4.087
2026/05/13,2.862,4.133,3.095,3.642,3.860,4.055
2026/05/12,2.862,4.146,3.096,3.680,3.877,4.065
2026/05/11,2.852,4.056,3.055,3.592,3.772,3.950
2026/05/08,2.834,4.022,3.010,3.562,3.735,3.905
2026/05/07,2.834,4.004,3.007,3.535,3.717,3.876
2026/05/06,2.834,4.070,3.020,3.597,3.786,3.935
2026/05/04,2.842,4.080,3.020,3.615,3.796,3.933
2026/04/30,2.842,4.059,3.020,3.593,3.775,3.915
2026/04/29,2.835,3.986,2.990,3.525,3.702,3.842
2026/04/28,2.835,3.999,2.990,3.530,3.715,3.865
2026/04/27,2.835,3.961,2.987,3.497,3.677,3.820
2026/04/24,2.842,3.966,2.990,3.495,3.682,3.815
2026/04/23,2.842,3.934,2.970,3.452,3.650,3.787
2026/04/22,2.835,3.850,2.937,3.363,3.562,3.697
2026/04/21,2.841,3.828,2.930,3.335,3.540,3.657
2026/04/20,2.844,3.855,2.925,3.347,3.567,3.685
2026/04/17,2.848,3.867,2.931,3.370,3.578,3.715
2026/04/16,2.848,3.828,2.925,3.337,3.540,3.672
2026/04/15,2.847,3.808,2.927,3.333,3.520,3.655
2026/04/14,2.851,3.805,2.920,3.337,3.517,3.652
2026/04/13,2.856,3.838,2.922,3.380,3.550,3.712
2026/04/10,2.863,3.803,2.915,3.357,3.515,3.685
2026/04/09,2.868,3.773,2.905,3.330,3.485,3.655
2026/04/08,2.865,3.768,2.902,3.320,3.480,3.632
2026/04/07,2.881,3.900,2.993,3.447,3.617,3.755
2026/04/06,2.880,3.875,2.995,3.430,3.592,3.725
2026/04/03,2.885,3.900,3.010,3.445,3.617,3.743
2026/04/02,2.896,3.953,3.015,3.475,3.670,3.795
2026/04/01,2.899,3.852,2.992,3.370,3.568,3.690
2026/03/31,2.926,4.044,3.052,3.555,3.771,3.877
2026/03/30,2.934,4.073,3.062,3.542,3.800,3.895
2026/03/27,2.948,4.113,3.066,3.592,3.840,3.925
2026/03/26,2.925,4.060,3.053,3.545,3.787,3.850
2026/03/25,2.900,4.058,3.041,3.555,3.782,3.855
2026/03/24,2.880,4.031,3.010,3.532,3.755,3.837
2026/03/23,2.870,4.116,3.027,3.630,3.840,3.885
2026/03/20,2.851,3.901,2.957,3.412,3.615,3.735
2026/03/19,2.841,3.866,2.883,3.327,3.580,3.685
2026/03/18,2.836,3.803,2.831,3.265,3.517,3.610
2026/03/17,2.844,3.874,2.828,3.327,3.582,3.700
2026/03/16,2.849,3.854,2.825,3.306,3.562,3.680
2026/03/13,2.856,3.859,2.835,3.332,3.560,3.700
2026/03/12,2.854,3.781,2.820,3.265,3.482,3.650
2026/03/11,2.851,3.766,2.810,3.250,3.470,3.612
2026/03/10,2.856,3.801,2.835,3.280,3.505,3.618
2026/03/09,2.859,3.926,2.815,3.400,3.640,3.740
2026/03/06,2.834,3.762,2.767,3.222,3.472,3.617
2026/03/05,2.835,3.715,2.742,3.180,3.425,3.580
2026/03/04,2.835,3.765,2.742,3.225,3.475,3.637
2026/03/03,2.835,3.720,2.732,3.185,3.430,3.620
2026/02/27,2.815,3.572,2.692,3.040,3.275,3.445
2026/02/26,2.816,3.612,2.682,3.063,3.315,3.472
2026/02/25,2.819,3.679,2.680,3.122,3.382,3.557
2026/02/24,2.820,3.704,2.660,3.155,3.407,3.590
2026/02/23,2.820,3.702,2.650,3.155,3.405,3.577
2026/02/20,2.820,3.684,2.645,3.140,3.387,3.537
2026/02/19,2.818,3.722,2.642,3.177,3.425,3.585
2026/02/13,2.815,3.690,2.640,3.140,3.390,3.565
2026/02/12,2.820,3.720,2.661,3.150,3.420,3.615
2026/02/11,2.830,3.757,2.672,3.200,3.457,3.635
2026/02/10,2.833,3.790,2.685,3.222,3.490,3.682
2026/02/09,2.833,3.841,2.695,3.270,3.557,3.761
2026/02/06,2.834,3.814,2.697,3.242,3.530,3.717
2026/02/05,2.832,3.789,2.700,3.205,3.505,3.692
2026/02/04,2.832,3.809,2.702,3.222,3.535,3.720
2026/02/03,2.824,3.766,2.700,3.190,3.492,3.662
2026/02/02,2.812,3.724,2.687,3.155,3.450,3.605
2026/01/30,2.807,3.716,2.685,3.142,3.442,3.612
2026/01/29,2.794,3.669,2.682,3.106,3.397,3.562
2026/01/28,2.781,3.627,2.675,3.065,3.355,3.517
2026/01/27,2.771,3.640,2.680,3.088,3.375,3.527
2026/01/26,2.758,3.647,2.656,3.092,3.382,3.545
2026/01/23,2.756,3.674,2.642,3.130,3.412,3.581
2026/01/22,2.744,3.649,2.615,3.097,3.387,3.550
2026/01/21,2.739,3.688,2.605,3.130,3.427,3.597
2026/01/20,2.737,3.735,2.595,3.182,3.480,3.646
2026/01/19,2.736,3.647,2.585,3.131,3.392,3.565
2026/01/16,2.732,3.577,2.580,3.082,3.322,3.500
2026/01/15,2.727,3.577,2.565,3.085,3.322,3.500
2026/01/14,2.719,3.495,2.537,2.995,3.240,3.420
2026/01/13,2.717,3.497,2.527,2.998,3.242,3.417
2026/01/12,2.720,3.467,2.515,2.980,3.212,3.395
2026/01/09,2.723,3.447,2.508,2.940,3.192,3.387
2026/01/08,2.723,3.420,2.505,2.910,3.165,3.345
2026/01/07,2.725,3.442,2.505,2.907,3.187,3.357
2026/01/06,2.739,3.502,2.515,2.950,3.247,3.400
2026/01/05,2.757,3.497,2.530,2.927,3.242,3.395
2026/01/02,2.787,3.496,2.535,2.926,3.236,3.385
2025/12/31,2.834,3.497,2.550,2.951,3.235,3.385
2025/12/30,2.834,3.497,2.550,2.951,3.235,3.385
2025/12/29,2.837,3.489,2.550,2.938,3.227,3.355
2025/12/26,2.842,3.506,2.560,2.961,3.243,3.380
2025/12/24,2.848,3.474,2.560,2.943,3.212,3.347
2025/12/23,2.856,3.502,2.562,2.960,3.240,3.377
2025/12/22,2.862,3.505,2.572,2.995,3.245,3.366
2025/12/19,2.877,3.506,2.592,3.015,3.247,3.355
2025/12/18,2.873,3.459,2.560,2.965,3.200,3.310
2025/12/17,2.878,3.484,2.560,2.995,3.225,3.322
2025/12/16,2.883,3.504,2.553,3.002,3.245,3.315
2025/12/15,2.885,3.514,2.568,2.993,3.255,3.333
2025/12/12,2.912,3.595,2.587,3.085,3.346,3.412
2025/12/11,2.912,3.610,2.585,3.100,3.360,3.365
2025/12/10,2.915,3.592,2.587,3.086,3.340,3.370
2025/12/09,2.913,3.557,2.540,3.085,3.305,3.453
2025/12/08,2.911,3.492,2.517,3.032,3.240,3.403
2025/12/05,2.908,3.446,2.510,2.990,3.193,3.352
2025/12/04,2.913,3.477,2.512,3.025,3.225,3.376
2025/12/03,2.911,3.492,2.517,3.037,3.240,3.365
2025/12/02,2.903,3.459,2.517,3.020,3.207,3.345
2025/12/01,2.906,3.484,2.520,3.042,3.232,3.390
2025/11/28,2.883,3.422,2.500,2.990,3.170,3.345
2025/11/27,2.868,3.449,2.502,3.020,3.197,3.355
2025/11/26,2.828,3.337,2.457,2.896,3.082,3.250
2025/11/25,2.824,3.355,2.452,2.905,3.100,3.265
2025/11/24,2.822,3.362,2.450,2.905,3.107,3.290
2025/11/21,2.817,3.332,2.452,2.872,3.077,3.275
2025/11/20,2.817,3.375,2.457,2.912,3.120,3.332
2025/11/19,2.809,3.327,2.455,2.870,3.072,3.282
2025/11/18,2.807,3.317,2.462,2.865,3.062,3.260
2025/11/17,2.809,3.357,2.478,2.907,3.102,3.302
2025/11/14,2.812,3.392,2.515,2.955,3.137,3.331
2025/11/13,2.802,3.340,2.516,2.927,3.085,3.262
2025/11/12,2.772,3.315,2.512,2.910,3.060,3.260
2025/11/11,2.757,3.237,2.507,2.822,2.982,3.192
2025/11/10,2.752,3.282,2.522,2.862,3.032,3.230
2025/11/07,2.739,3.290,2.522,2.895,3.040,3.220
2025/11/06,2.719,3.250,2.520,2.843,3.000,3.212
2025/11/05,2.689,3.171,2.485,2.767,2.921,3.130
2025/11/04,2.677,3.131,2.465,2.730,2.881,3.082
2025/11/03,2.672,3.142,2.467,2.742,2.895,3.095
2025/10/31,2.661,3.105,2.447,2.712,2.855,3.057
2025/10/30,2.656,3.110,2.445,2.737,2.860,3.055
2025/10/29,2.631,3.045,2.408,2.675,2.795,2.980
2025/10/28,2.606,3.005,2.385,2.635,2.755,2.937
2025/10/27,2.601,3.009,2.377,2.620,2.757,2.960
2025/10/24,2.591,2.965,2.365,2.580,2.710,2.910
2025/10/23,2.585,2.976,2.365,2.600,2.721,2.912
2025/10/22,2.576,2.931,2.335,2.555,2.671,2.860
2025/10/21,2.576,2.975,2.333,2.605,2.715,2.905
2025/10/20,2.569,2.957,2.313,2.575,2.697,2.892
2025/10/17,2.562,2.915,2.295,2.540,2.655,2.872
2025/10/16,2.560,2.952,2.300,2.580,2.692,2.920
2025/10/15,2.557,2.906,2.287,2.522,2.637,2.860
2025/10/14,2.560,2.911,2.297,2.532,2.642,2.862
2025/10/13,2.563,2.944,2.310,2.552,2.675,2.907
2025/10/10,2.563,2.990,2.317,2.585,2.721,2.957
2025/10/02,2.565,2.991,2.312,2.577,2.722,2.958
2025/10/01,2.570,3.022,2.305,2.600,2.753,2.967
2025/09/30,2.572,3.002,2.302,2.583,2.733,2.940
2025/09/29,2.569,2.989,2.290,2.565,2.720,2.936
2025/09/26,2.568,2.981,2.290,2.560,2.712,2.935
2025/09/25,2.563,2.944,2.277,2.531,2.675,2.885
2025/09/24,2.552,2.896,2.277,2.485,2.627,2.847
2025/09/23,2.548,2.865,2.269,2.460,2.595,2.810
2025/09/22,2.547,2.870,2.276,2.457,2.600,2.830
2025/09/19,2.545,2.850,2.270,2.437,2.580,2.812
2025/09/18,2.545,2.813,2.265,2.400,2.540,2.752
2025/09/17,2.543,2.828,2.262,2.410,2.555,2.775
2025/09/16,2.543,2.833,2.267,2.412,2.560,2.797
2025/09/15,2.543,2.854,2.266,2.442,2.581,2.821
2025/09/12,2.541,2.838,2.271,2.430,2.565,2.815
2025/09/11,2.541,2.825,2.272,2.412,2.552,2.812
2025/09/10,2.544,2.832,2.287,2.420,2.557,2.830
2025/09/09,2.541,2.836,2.282,2.422,2.585,2.827
2025/09/08,2.541,2.863,2.292,2.452,2.612,2.857
2025/09/05,2.541,2.878,2.297,2.465,2.627,2.867
2025/09/04,2.535,2.891,2.287,2.470,2.640,2.880
2025/09/03,2.531,2.906,2.275,2.470,2.655,2.912
2025/09/02,2.526,2.866,2.261,2.447,2.615,2.872
2025/09/01,2.526,2.848,2.253,2.432,2.597,2.847
2025/08/29,2.523,2.831,2.248,2.427,2.580,2.812
2025/08/28,2.523,2.828,2.242,2.415,2.577,2.815
2025/08/27,2.523,2.816,2.240,2.397,2.565,2.822
2025/08/26,2.523,2.843,2.237,2.417,2.592,2.855
2025/08/25,2.521,2.854,2.240,2.435,2.602,2.852
2025/08/22,2.521,2.879,2.257,2.455,2.627,2.860
2025/08/21,2.518,2.854,2.257,2.437,2.602,2.842
2025/08/20,2.517,2.857,2.260,2.437,2.605,2.847
2025/08/19,2.516,2.862,2.256,2.442,2.610,2.857
2025/08/18,2.516,2.842,2.267,2.422,2.590,2.835
2025/08/14,2.516,2.797,2.250,2.392,2.545,2.782
2025/08/13,2.516,2.817,2.260,2.412,2.565,2.800
2025/08/12,2.516,2.832,2.262,2.430,2.580,2.800
2025/08/11,2.516,2.819,2.262,2.420,2.567,2.785
2025/08/08,2.511,2.806,2.256,2.407,2.553,2.772
2025/08/07,2.514,2.797,2.254,2.400,2.545,2.762
2025/08/06,2.512,2.822,2.259,2.425,2.570,2.780
2025/08/05,2.513,2.814,2.267,2.427,2.562,2.765
2025/08/04,2.518,2.817,2.266,2.420,2.565,2.775
2025/08/01,2.527,2.877,2.281,2.475,2.625,2.835
2025/07/31,2.527,2.846,2.278,2.457,2.591,2.790
2025/07/30,2.522,2.852,2.278,2.457,2.597,2.797
2025/07/29,2.518,2.862,2.284,2.457,2.607,2.816
2025/07/28,2.515,2.865,2.287,2.460,2.610,2.825
2025/07/25,2.518,2.890,2.293,2.482,2.635,2.855
2025/07/24,2.515,2.882,2.305,2.470,2.627,2.852
2025/07/23,2.513,2.867,2.321,2.452,2.612,2.827
2025/07/22,2.513,2.877,2.336,2.461,2.622,2.835
2025/07/21,2.513,2.881,2.338,2.455,2.626,2.852
2025/07/18,2.513,2.902,2.327,2.472,2.647,2.872
2025/07/17,2.511,2.925,2.327,2.482,2.670,2.907
2025/07/16,2.511,2.894,2.312,2.455,2.637,2.872
2025/07/15,2.511,2.904,2.308,2.460,2.647,2.881
2025/07/14,2.508,2.914,2.311,2.475,2.655,2.887
2025/07/11,2.505,2.865,2.311,2.447,2.605,2.831
2025/07/10,2.504,2.850,2.300,2.427,2.588,2.807
2025/07/09,2.504,2.894,2.310,2.475,2.632,2.847
2025/07/08,2.505,2.894,2.310,2.477,2.632,2.852
2025/07/07,2.507,2.894,2.310,2.482,2.632,2.840
2025/07/04,2.512,2.887,2.312,2.473,2.625,2.833
2025/07/03,2.513,2.854,2.306,2.445,2.590,2.810
2025/07/02,2.520,2.889,2.312,2.490,2.625,2.835
2025/07/01,2.524,2.844,2.312,2.452,2.577,2.785
2025/06/30,2.529,2.859,2.317,2.455,2.592,2.807
2025/06/27,2.534,2.857,2.321,2.455,2.590,2.785
2025/06/26,2.535,2.856,2.322,2.450,2.585,2.775
2025/06/25,2.536,2.891,2.323,2.462,2.620,2.820
2025/06/24,2.530,2.884,2.322,2.460,2.612,2.820
2025/06/23,2.535,2.932,2.312,2.495,2.660,2.867
2025/06/20,2.523,2.904,2.300,2.457,2.632,2.857
2025/06/19,2.523,2.914,2.300,2.476,2.642,2.877
2025/06/18,2.516,2.912,2.295,2.467,2.637,2.875
2025/06/17,2.519,2.885,2.287,2.440,2.610,2.867
2025/06/16,2.519,2.904,2.290,2.482,2.627,2.870
2025/06/13,2.519,2.876,2.280,2.462,2.598,2.845
2025/06/12,2.521,2.851,2.273,2.422,2.572,2.820
2025/06/11,2.526,2.866,2.263,2.417,2.582,2.835
2025/06/10,2.529,2.846,2.253,2.385,2.562,2.827
2025/06/09,2.531,2.841,2.243,2.395,2.557,2.862
2025/06/05,2.538,2.881,2.245,2.412,2.597,2.890
2025/06/04,2.544,2.886,2.242,2.412,2.602,2.892
2025/06/02,2.546,2.809,2.232,2.335,2.515,2.795
2025/05/30,2.550,2.799,2.245,2.335,2.505,2.772
2025/05/29,2.560,2.794,2.242,2.340,2.500,2.760
2025/05/28,2.562,2.754,2.242,2.307,2.460,2.702
2025/05/27,2.570,2.766,2.261,2.332,2.472,2.705
2025/05/26,2.574,2.796,2.276,2.347,2.502,2.770
2025/05/23,2.577,2.789,2.282,2.332,2.495,2.765
2025/05/22,2.578,2.782,2.278,2.325,2.482,2.740
2025/05/21,2.583,2.800,2.271,2.345,2.500,2.760
2025/05/20,2.585,2.777,2.271,2.332,2.477,2.722
2025/05/19,2.588,2.805,2.291,2.362,2.505,2.745
2025/05/16,2.589,2.740,2.266,2.315,2.440,2.670
2025/05/15,2.599,2.780,2.281,2.350,2.480,2.710
2025/05/14,2.604,2.780,2.287,2.350,2.480,2.712
2025/05/13,2.610,2.797,2.303,2.370,2.497,2.725
2025/05/12,2.613,2.753,2.297,2.327,2.452,2.692
2025/05/09,2.615,2.751,2.300,2.330,2.450,2.672
2025/05/08,2.620,2.701,2.302,2.280,2.400,2.625
2025/05/07,2.630,2.676,2.305,2.252,2.375,2.602
2025/05/02,2.640,2.694,2.337,2.282,2.395,2.595
2025/04/30,2.644,2.675,2.375,2.272,2.376,2.570
2025/04/29,2.648,2.724,2.380,2.315,2.425,2.610
2025/04/28,2.649,2.714,2.380,2.315,2.415,2.590
2025/04/25,2.663,2.704,2.380,2.305,2.405,2.578
2025/04/24,2.670,2.746,2.390,2.342,2.447,2.620
2025/04/23,2.678,2.729,2.390,2.332,2.430,2.592
2025/04/22,2.683,2.736,2.390,2.325,2.437,2.620
2025/04/21,2.683,2.723,2.392,2.320,2.423,2.595
2025/04/18,2.688,2.759,2.395,2.351,2.460,2.615
2025/04/17,2.698,2.786,2.417,2.385,2.487,2.647
2025/04/16,2.707,2.759,2.435,2.332,2.452,2.620
2025/04/15,2.724,2.809,2.470,2.397,2.502,2.662
2025/04/14,2.731,2.822,2.490,2.412,2.515,2.687
2025/04/11,2.736,2.798,2.500,2.402,2.491,2.690
2025/04/10,2.740,2.829,2.507,2.440,2.522,2.712
2025/04/09,2.747,2.835,2.517,2.430,2.528,2.725
2025/04/08,2.751,2.814,2.525,2.412,2.507,2.676
2025/04/07,2.756,2.792,2.515,2.405,2.485,2.647
2025/04/04,2.766,2.852,2.557,2.465,2.545,2.692
2025/04/03,2.789,2.927,2.605,2.545,2.620,2.747
2025/04/02,2.821,2.954,2.620,2.582,2.647,2.765
2025/04/01,2.831,2.967,2.617,2.585,2.660,2.787
2025/03/31,2.839,2.942,2.615,2.560,2.635,2.767
2025/03/28,2.849,3.008,2.630,2.622,2.705,2.840
2025/03/27,2.852,3.018,2.630,2.630,2.715,2.847
2025/03/26,2.853,3.023,2.632,2.620,2.715,2.853
2025/03/25,2.860,3.000,2.620,2.605,2.692,2.812
2025/03/24,2.866,2.988,2.616,2.597,2.680,2.815
2025/03/21,2.865,2.964,2.603,2.591,2.653,2.805
2025/03/20,2.864,2.975,2.590,2.597,2.665,2.795
2025/03/19,2.867,2.975,2.592,2.616,2.667,2.800
2025/03/18,2.867,2.959,2.585,2.600,2.646,2.792
2025/03/17,2.868,2.949,2.580,2.597,2.635,2.805
2025/03/14,2.868,2.948,2.585,2.587,2.638,2.815
2025/03/13,2.870,2.937,2.572,2.567,2.627,2.777
2025/03/12,2.866,2.924,2.547,2.545,2.615,2.760
2025/03/11,2.867,2.935,2.575,2.550,2.626,2.757
2025/03/10,2.878,2.970,2.617,2.595,2.661,2.807
2025/03/07,2.877,2.938,2.620,2.565,2.672,2.762
2025/03/06,2.877,2.975,2.621,2.595,2.712,2.805
2025/03/05,2.877,2.948,2.612,2.573,2.685,2.775
2025/03/04,2.877,2.900,2.602,2.542,2.635,2.707
2025/02/28,2.882,2.898,2.605,2.560,2.633,2.700
2025/02/27,2.879,2.941,2.612,2.592,2.680,2.751
2025/02/26,2.874,2.941,2.612,2.595,2.680,2.752
2025/02/25,2.879,2.966,2.625,2.600,2.705,2.795
2025/02/24,2.914,2.978,2.635,2.610,2.717,2.822
2025/02/21,2.924,2.991,2.642,2.615,2.730,2.852
2025/02/20,2.934,3.009,2.643,2.627,2.748,2.885
2025/02/19,2.942,3.008,2.642,2.630,2.747,2.875
2025/02/18,2.949,3.016,2.652,2.642,2.755,2.880
2025/02/17,2.953,2.996,2.652,2.622,2.730,2.867
2025/02/14,2.955,2.975,2.652,2.607,2.707,2.847
2025/02/13,2.958,2.999,2.660,2.625,2.727,2.872
2025/02/12,2.958,3.015,2.672,2.645,2.742,2.880
2025/02/11,2.958,3.001,2.667,2.637,2.720,2.852
2025/02/10,2.963,3.000,2.677,2.632,2.712,2.837
2025/02/07,2.965,3.011,2.685,2.645,2.722,2.840
2025/02/06,2.970,2.975,2.683,2.588,2.680,2.803
2025/02/05,2.975,2.973,2.682,2.572,2.675,2.812
2025/02/04,2.989,3.000,2.680,2.581,2.702,2.840
2025/02/03,2.992,2.982,2.662,2.562,2.682,2.822
2025/01/31,2.998,3.002,2.652,2.570,2.702,2.857
2025/01/24,3.005,3.000,2.655,2.560,2.700,2.861
2025/01/23,3.012,2.987,2.652,2.565,2.687,2.830
2025/01/22,3.017,2.989,2.645,2.577,2.690,2.823
2025/01/21,3.015,2.974,2.625,2.570,2.675,2.810
2025/01/20,3.017,3.014,2.631,2.621,2.715,2.865
2025/01/17,3.021,2.991,2.616,2.587,2.690,2.813
2025/01/16,3.028,3.026,2.626,2.625,2.725,2.810
2025/01/15,3.045,3.083,2.641,2.680,2.782,2.873
2025/01/14,3.045,3.041,2.627,2.647,2.737,2.845
2025/01/13,3.060,3.060,2.632,2.665,2.755,2.875
2025/01/10,3.068,3.003,2.617,2.570,2.681,2.840
2025/01/09,3.098,2.957,2.603,2.496,2.635,2.793
2025/01/08,3.128,2.972,2.616,2.500,2.647,2.785
2025/01/07,3.155,2.987,2.635,2.511,2.662,2.793
2025/01/06,3.200,3.010,2.652,2.522,2.685,2.820
2025/01/03,3.224,2.960,2.640,2.470,2.635,2.766
2025/01/02,3.276,3.000,2.655,2.501,2.675,2.742
2024/12/31,3.336,3.090,2.700,2.595,2.765,2.872
2024/12/30,3.336,3.090,2.700,2.595,2.765,2.872
2024/12/27,3.341,3.112,2.692,2.625,2.787,2.890
2024/12/26,3.344,3.150,2.697,2.670,2.825,2.915
2024/12/24,3.342,3.125,2.686,2.626,2.800,2.885
2024/12/23,3.327,3.087,2.675,2.608,2.757,2.845
2024/12/20,3.322,3.090,2.677,2.612,2.760,2.860
2024/12/19,3.312,3.060,2.676,2.600,2.730,2.810
2024/12/18,3.300,2.987,2.655,2.541,2.655,2.736
2024/12/17,3.292,3.059,2.685,2.620,2.732,2.790
2024/12/16,3.287,2.977,2.670,2.551,2.650,2.712
2024/12/13,3.278,2.942,2.670,2.535,2.615,2.675
2024/12/12,3.275,2.956,2.677,2.547,2.630,2.700
2024/12/11,3.269,2.939,2.692,2.535,2.615,2.687
2024/12/10,3.264,2.903,2.690,2.516,2.582,2.640
2024/12/09,3.260,2.893,2.722,2.573,2.572,2.672
2024/12/06,3.255,2.947,2.730,2.622,2.633,2.743
2024/12/05,3.253,2.927,2.732,2.600,2.615,2.735
2024/12/04,3.248,2.954,2.737,2.625,2.642,2.765
2024/12/03,3.245,2.915,2.737,2.585,2.600,2.712
2024/12/02,3.248,2.905,2.747,2.565,2.590,2.700
2024/11/29,3.263,2.964,2.765,2.610,2.652,2.760
2024/11/28,3.298,3.001,2.795,2.640,2.686,2.785
2024/11/27,3.408,3.095,2.857,2.740,2.780,2.882
2024/11/26,3.414,3.121,2.857,2.772,2.810,2.902
2024/11/25,3.416,3.128,2.860,2.771,2.818,2.920
2024/11/22,3.411,3.185,2.872,2.817,2.877,2.980
2024/11/21,3.408,3.193,2.872,2.830,2.885,2.980
2024/11/20,3.408,3.227,2.890,2.875,2.920,3.013
2024/11/19,3.408,3.240,2.892,2.887,2.935,3.035
2024/11/18,3.409,3.270,2.902,2.915,2.965,3.060
2024/11/15,3.412,3.295,2.907,2.937,2.990,3.080
2024/11/14,3.408,3.290,2.890,2.927,2.985,3.075
2024/11/13,3.406,3.290,2.882,2.942,2.985,3.062
2024/11/12,3.396,3.245,2.867,2.900,2.940,3.015
2024/11/11,3.394,3.254,2.863,2.900,2.948,3.035
2024/11/08,3.393,3.244,2.858,2.882,2.937,3.037
2024/11/07,3.388,3.286,2.870,2.922,2.977,3.093
2024/11/06,3.390,3.327,2.882,2.956,3.020,3.137
2024/11/05,3.388,3.279,2.857,2.917,2.972,3.075
2024/11/04,3.384,3.297,2.860,2.932,2.992,3.095
2024/11/01,3.380,3.302,2.872,2.942,2.997,3.090
2024/10/31,3.376,3.290,2.872,2.930,2.985,3.095
2024/10/30,3.372,3.303,2.870,2.935,3.000,3.102
2024/10/29,3.369,3.310,2.867,2.932,3.007,3.120
2024/10/28,3.366,3.318,2.860,2.932,3.015,3.127
2024/10/25,3.356,3.255,2.850,2.880,2.950,3.060
2024/10/24,3.353,3.257,2.852,2.890,2.952,3.070
2024/10/23,3.352,3.311,2.870,2.932,3.007,3.127
2024/10/22,3.343,3.316,2.870,2.942,3.012,3.127
2024/10/21,3.334,3.271,2.866,2.905,2.965,3.057
2024/10/18,3.354,3.292,2.871,2.915,2.986,3.080
2024/10/17,3.356,3.260,2.860,2.897,2.953,3.037
2024/10/16,3.355,3.229,2.850,2.875,2.920,3.005
2024/10/15,3.364,3.267,2.855,2.906,2.958,3.047
2024/10/14,3.373,3.305,2.865,2.933,2.996,3.083
2024/10/11,3.388,3.304,2.865,2.947,2.995,3.077
2024/10/10,3.416,3.320,2.862,2.962,3.011,3.087
2024/10/08,3.414,3.311,2.855,2.935,3.002,3.080
2024/10/07,3.419,3.327,2.855,2.957,3.018,3.102
2024/10/04,3.399,3.215,2.807,2.826,2.896,2.995
2024/10/02,3.399,3.163,2.807,2.782,2.842,2.935
2024/09/30,3.406,3.206,2.817,2.805,2.885,2.992
2024/09/27,3.406,3.213,2.825,2.820,2.890,2.997
2024/09/26,3.406,3.201,2.827,2.810,2.878,3.000
2024/09/25,3.404,3.198,2.840,2.812,2.875,2.997
2024/09/24,3.414,3.233,2.877,2.860,2.910,3.032
2024/09/23,3.420,3.228,2.882,2.860,2.905,3.025
2024/09/20,3.418,3.193,2.877,2.837,2.870,2.992
2024/09/19,3.418,3.176,2.882,2.835,2.853,2.968
2024/09/13,3.414,3.153,2.882,2.820,2.830,2.927
2024/09/12,3.432,3.215,2.903,2.868,2.895,2.970
2024/09/11,3.415,3.167,2.882,2.815,2.847,2.938
2024/09/10,3.428,3.222,2.915,2.875,2.907,3.007
2024/09/09,3.430,3.239,2.976,2.895,2.961,3.030
2024/09/06,3.433,3.211,3.001,2.880,2.930,2.987
2024/09/05,3.433,3.252,3.020,2.910,2.972,3.032
2024/09/04,3.447,3.271,3.028,2.927,2.990,3.047
2024/09/03,3.468,3.330,3.043,2.980,3.052,3.120
2024/09/02,3.461,3.330,3.053,2.992,3.052,3.125
2024/08/30,3.458,3.290,3.050,2.955,3.012,3.087
2024/08/29,3.457,3.275,3.055,2.938,2.997,3.072
2024/08/28,3.449,3.250,3.048,2.915,2.972,3.050
2024/08/27,3.447,3.263,3.057,2.935,2.988,3.066
2024/08/26,3.439,3.204,3.037,2.890,2.927,2.975
2024/08/23,3.435,3.228,3.045,2.917,2.952,3.005
2024/08/22,3.427,3.211,3.047,2.905,2.935,2.982
2024/08/21,3.428,3.237,3.047,2.940,2.961,2.997
2024/08/20,3.425,3.237,3.055,2.942,2.960,3.000
2024/08/19,3.422,3.215,3.051,2.922,2.938,2.985
2024/08/16,3.419,3.205,3.051,2.922,2.930,2.975
2024/08/14,3.409,3.172,3.045,2.887,2.897,2.940
2024/08/13,3.404,3.198,3.055,2.915,2.930,2.975
2024/08/12,3.404,3.225,3.081,2.945,2.958,3.002
2024/08/09,3.394,3.226,3.080,2.940,2.957,3.012
2024/08/08,3.392,3.207,3.077,2.918,2.938,3.000
2024/08/07,3.392,3.219,3.102,2.932,2.950,3.002
2024/08/06,3.388,3.224,3.107,2.940,2.955,2.997
2024/08/05,3.370,3.109,3.057,2.815,2.830,2.892
2024/08/02,3.425,3.208,3.127,2.936,2.942,2.970
2024/08/01,3.430,3.245,3.137,2.976,2.985,3.012
2024/07/31,3.433,3.276,3.142,3.000,3.020,3.057
2024/07/30,3.433,3.265,3.147,2.993,3.008,3.055
2024/07/29,3.431,3.243,3.140,2.972,2.987,3.042
2024/07/26,3.431,3.294,3.165,3.017,3.040,3.103
2024/07/25,3.431,3.303,3.187,3.020,3.052,3.122
2024/07/24,3.438,3.326,3.208,3.045,3.075,3.132
2024/07/23,3.448,3.363,3.223,3.087,3.112,3.172
2024/07/22,3.442,3.336,3.227,3.068,3.085,3.143
2024/07/19,3.438,3.346,3.227,3.072,3.095,3.152
2024/07/18,3.435,3.333,3.212,3.060,3.082,3.135
2024/07/17,3.433,3.325,3.202,3.053,3.073,3.140
2024/07/16,3.433,3.311,3.192,3.035,3.060,3.137
2024/07/15,3.439,3.348,3.195,3.072,3.097,3.175
2024/07/12,3.443,3.356,3.188,3.093,3.103,3.167
2024/07/11,3.446,3.423,3.225,3.158,3.170,3.222
2024/07/10,3.423,3.385,3.198,3.117,3.135,3.195
2024/07/09,3.413,3.390,3.196,3.120,3.140,3.200
2024/07/08,3.418,3.392,3.201,3.120,3.142,3.211
2024/07/05,3.440,3.395,3.210,3.115,3.147,3.215
2024/07/04,3.463,3.408,3.212,3.122,3.160,3.235
2024/07/03,3.503,3.444,3.242,3.160,3.192,3.275
2024/07/02,3.523,3.447,3.255,3.165,3.192,3.280
2024/07/01,3.564,3.490,3.288,3.207,3.235,3.307
2024/06/28,3.571,3.450,3.292,3.177,3.195,3.260
2024/06/27,3.576,3.492,3.336,3.212,3.237,3.295
2024/06/26,3.578,3.482,3.336,3.208,3.225,3.275
2024/06/25,3.578,3.471,3.337,3.200,3.212,3.270
2024/06/24,3.581,3.473,3.345,3.192,3.212,3.262
2024/06/21,3.578,3.451,3.335,3.160,3.190,3.242
2024/06/20,3.578,3.484,3.345,3.195,3.220,3.270
2024/06/19,3.577,3.451,3.330,3.150,3.180,3.225
2024/06/18,3.577,3.501,3.331,3.207,3.230,3.277
2024/06/17,3.577,3.504,3.331,3.207,3.230,3.276
2024/06/14,3.582,3.536,3.338,3.242,3.262,3.300
2024/06/13,3.592,3.584,3.338,3.278,3.300,3.352
2024/06/12,3.602,3.604,3.337,3.295,3.315,3.370
2024/06/11,3.605,3.649,3.348,3.332,3.360,3.417
2024/06/10,3.606,3.671,3.350,3.345,3.383,3.432
2024/06/07,3.601,3.625,3.350,3.308,3.330,3.385
2024/06/05,3.608,3.662,3.357,3.342,3.367,3.432
2024/06/04,3.614,3.712,3.372,3.392,3.417,3.472
2024/06/03,3.614,3.762,3.380,3.432,3.467,3.537
2024/05/31,3.617,3.802,3.390,3.452,3.502,3.580
2024/05/30,3.617,3.791,3.405,3.440,3.490,3.562
2024/05/29,3.613,3.771,3.400,3.420,3.465,3.535
2024/05/28,3.608,3.726,3.395,3.387,3.415,3.477
2024/05/27,3.618,3.747,3.405,3.410,3.437,3.497
2024/05/24,3.622,3.763,3.412,3.415,3.440,3.507
2024/05/23,3.617,3.743,3.405,3.400,3.420,3.465
2024/05/22,3.622,3.768,3.422,3.415,3.445,3.485
2024/05/21,3.620,3.768,3.432,3.412,3.445,3.495
2024/05/20,3.620,3.765,3.432,3.407,3.442,3.497
2024/05/17,3.614,3.736,3.420,3.375,3.410,3.455
2024/05/16,3.614,3.741,3.420,3.377,3.415,3.465
2024/05/14,3.627,3.821,3.460,3.452,3.495,3.545
2024/05/13,3.628,3.824,3.465,3.452,3.495,3.555
2024/05/10,3.626,3.806,3.457,3.433,3.475,3.535
2024/05/09,3.623,3.826,3.457,3.451,3.495,3.557
2024/05/08,3.614,3.811,3.451,3.437,3.475,3.532
2024/05/07,3.612,3.816,3.452,3.442,3.480,3.537
2024/05/03,3.623,3.888,3.460,3.505,3.552,3.617
2024/05/02,3.625,3.906,3.461,3.510,3.565,3.642
2024/04/30,3.628,3.926,3.468,3.526,3.585,3.650
2024/04/29,3.630,3.953,3.476,3.537,3.612,3.690
2024/04/26,3.621,3.931,3.465,3.520,3.585,3.685
2024/04/25,3.611,3.971,3.470,3.540,3.625,3.712
2024/04/24,3.609,3.933,3.467,3.507,3.582,3.652
2024/04/23,3.614,3.911,3.467,3.487,3.560,3.635
2024/04/22,3.610,3.936,3.477,3.510,3.585,3.652
2024/04/19,3.599,3.901,3.457,3.477,3.550,3.590
2024/04/18,3.579,3.852,3.432,3.430,3.498,3.565
2024/04/17,3.579,3.886,3.440,3.465,3.532,3.625
2024/04/16,3.584,3.891,3.440,3.470,3.537,3.627
2024/04/15,3.577,3.855,3.435,3.437,3.495,3.557
2024/04/12,3.581,3.819,3.422,3.397,3.452,3.537
2024/04/11,3.596,3.877,3.445,3.460,3.510,3.587
2024/04/09,3.588,3.809,3.405,3.387,3.435,3.505
2024/04/08,3.593,3.799,3.402,3.377,3.420,3.487
2024/04/05,3.593,3.761,3.395,3.330,3.372,3.435
2024/04/04,3.602,3.780,3.400,3.336,3.383,3.460
2024/04/03,3.612,3.776,3.395,3.327,3.372,3.450
2024/04/02,3.624,3.773,3.395,3.325,3.362,3.425
2024/04/01,3.631,3.735,3.390,3.292,3.320,3.377
2024/03/29,3.643,3.760,3.400,3.318,3.345,3.402
2024/03/28,3.646,3.745,3.382,3.300,3.325,3.380
2024/03/27,3.646,3.743,3.370,3.286,3.313,3.375
2024/03/26,3.646,3.790,3.350,3.302,3.345,3.412
2024/03/25,3.646,3.781,3.340,3.291,3.327,3.380
2024/03/22,3.646,3.790,3.340,3.287,3.323,3.363
2024/03/21,3.641,3.826,3.337,3.305,3.345,3.408
2024/03/20,3.651,3.875,3.345,3.365,3.391,3.440
2024/03/19,3.648,3.906,3.345,3.390,3.422,3.475
2024/03/18,3.651,3.873,3.345,3.350,3.385,3.432
2024/03/15,3.655,3.834,3.340,3.305,3.340,3.410
2024/03/14,3.663,3.792,3.335,3.267,3.296,3.355
2024/03/13,3.670,3.764,3.322,3.245,3.267,3.327
2024/03/12,3.675,3.777,3.332,3.270,3.280,3.333
2024/03/11,3.680,3.779,3.335,3.275,3.282,3.347
2024/03/08,3.684,3.772,3.400,3.265,3.297,3.320
2024/03/07,3.689,3.835,3.430,3.317,3.360,3.397
2024/03/06,3.691,3.830,3.435,3.320,3.355,3.377
2024/03/05,3.701,3.865,3.457,3.352,3.390,3.415
2024/03/04,3.706,3.879,3.462,3.357,3.402,3.435
2024/02/29,3.719,3.907,3.472,3.382,3.430,3.480
2024/02/28,3.717,3.887,3.482,3.365,3.410,3.452
2024/02/27,3.717,3.877,3.485,3.365,3.400,3.430
2024/02/26,3.717,3.860,3.480,3.338,3.375,3.402
2024/02/23,3.702,3.922,3.490,3.377,3.440,3.481
2024/02/22,3.694,3.873,3.485,3.345,3.391,3.430
2024/02/21,3.694,3.922,3.500,3.402,3.440,3.475
2024/02/20,3.694,3.942,3.500,3.407,3.460,3.492
2024/02/19,3.693,3.922,3.477,3.396,3.440,3.467
2024/02/16,3.690,3.927,3.467,3.406,3.445,3.480
2024/02/15,3.688,3.932,3.457,3.407,3.445,3.480
2024/02/14,3.691,3.942,3.460,3.413,3.455,3.495
2024/02/13,3.679,3.885,3.420,3.347,3.385,3.445
2024/02/08,3.679,3.845,3.406,3.303,3.340,3.406
2024/02/07,3.676,3.824,3.387,3.290,3.317,3.382
2024/02/06,3.670,3.834,3.372,3.291,3.327,3.385
2024/02/05,3.669,3.843,3.367,3.307,3.335,3.382
2024/02/02,3.654,3.771,3.345,3.243,3.256,3.290
2024/02/01,3.654,3.817,3.345,3.270,3.297,3.345
2024/01/31,3.651,3.815,3.337,3.258,3.295,3.345
2024/01/30,3.644,3.832,3.337,3.270,3.312,3.361
2024/01/29,3.654,3.886,3.345,3.303,3.363,3.441
2024/01/26,3.646,3.834,3.335,3.260,3.310,3.387
2024/01/25,3.649,3.871,3.330,3.305,3.345,3.415
2024/01/24,3.645,3.860,3.330,3.293,3.333,3.397
2024/01/23,3.645,3.856,3.330,3.288,3.330,3.375
2024/01/22,3.644,3.852,3.335,3.277,3.322,3.375
2024/01/19,3.643,3.886,3.335,3.302,3.355,3.415
2024/01/18,3.638,3.854,3.335,3.270,3.315,3.372
2024/01/17,3.638,3.852,3.340,3.270,3.312,3.360
2024/01/16,3.638,3.810,3.335,3.231,3.265,3.315
2024/01/15,3.640,3.772,3.345,3.195,3.227,3.296
2024/01/12,3.656,3.779,3.352,3.197,3.232,3.306
2024/01/11,3.670,3.799,3.365,3.222,3.252,3.317
2024/01/10,3.688,3.844,3.395,3.267,3.295,3.347
2024/01/09,3.703,3.818,3.397,3.247,3.268,3.315
2024/01/08,3.725,3.856,3.415,3.290,3.307,3.355
2024/01/05,3.750,3.851,3.417,3.280,3.302,3.337
2024/01/04,3.783,3.806,3.422,3.223,3.257,3.285
2024/01/03,3.815,3.856,3.447,3.275,3.307,3.335
2024/01/02,3.835,3.819,3.427,3.245,3.270,3.305
2023/12/29,3.838,3.705,3.407,3.145,3.156,3.175
2023/12/28,3.838,3.705,3.407,3.145,3.156,3.175
2023/12/27,3.868,3.764,3.437,3.212,3.215,3.255
2023/12/26,3.865,3.773,3.440,3.217,3.223,3.267
2023/12/22,3.863,3.791,3.440,3.226,3.242,3.292
2023/12/21,3.858,3.801,3.437,3.232,3.252,3.292
2023/12/20,3.855,3.794,3.430,3.222,3.245,3.277
2023/12/19,3.855,3.845,3.456,3.273,3.296,3.306
2023/12/18,3.838,3.851,3.458,3.278,3.302,3.340
2023/12/15,3.840,3.849,3.455,3.275,3.300,3.347
2023/12/14,3.825,3.809,3.432,3.237,3.260,3.300
2023/12/13,3.948,4.044,3.577,3.460,3.495,3.527
2023/12/12,3.945,4.034,3.572,3.447,3.485,3.530
2023/12/11,3.954,4.064,3.562,3.470,3.515,3.560
2023/12/08,3.947,4.013,3.545,3.460,3.460,3.533
2023/12/07,3.954,4.073,3.555,3.506,3.520,3.575
2023/12/06,3.957,4.040,3.555,3.470,3.487,3.540
2023/12/05,3.969,4.070,3.562,3.482,3.517,3.575
2023/12/04,3.979,4.115,3.577,3.532,3.562,3.626
2023/12/01,3.999,4.174,3.600,3.585,3.620,3.700
2023/11/30,4.006,4.174,3.625,3.582,3.620,3.697
2023/11/29,4.001,4.132,3.627,3.550,3.576,3.640
2023/11/28,4.046,4.226,3.690,3.650,3.672,3.735
2023/11/27,4.058,4.269,3.712,3.687,3.715,3.762
2023/11/24,4.061,4.275,3.712,3.673,3.721,3.775
2023/11/23,4.050,4.233,3.697,3.642,3.675,3.710
2023/11/22,4.050,4.263,3.707,3.665,3.705,3.760
2023/11/21,4.051,4.229,3.712,3.640,3.668,3.710
2023/11/20,4.057,4.249,3.720,3.658,3.687,3.745
2023/11/17,4.078,4.283,3.737,3.685,3.721,3.805
2023/11/16,4.078,4.280,3.757,3.697,3.718,3.790
2023/11/15,4.095,4.325,3.765,3.745,3.763,3.817
2023/11/14,4.112,4.464,3.790,3.857,3.902,3.980
2023/11/13,4.110,4.486,3.795,3.872,3.922,4.007
2023/11/10,4.107,4.459,3.786,3.853,3.892,3.960
2023/11/09,4.102,4.439,3.765,3.838,3.872,3.935
2023/11/08,4.100,4.497,3.767,3.872,3.930,4.030
2023/11/07,4.093,4.519,3.750,3.883,3.951,4.056
2023/11/06,4.087,4.521,3.730,3.880,3.952,4.057
2023/11/03,4.083,4.584,3.731,3.945,4.015,4.100
2023/11/02,4.079,4.625,3.730,3.980,4.056,4.160
2023/11/01,4.083,4.733,3.725,4.065,4.165,4.285
2023/10/31,4.082,4.767,3.737,4.083,4.202,4.335
2023/10/30,4.074,4.752,3.737,4.085,4.187,4.305
2023/10/27,4.069,4.738,3.732,4.077,4.173,4.290
2023/10/26,4.074,4.810,3.772,4.112,4.245,4.400
2023/10/25,4.057,4.726,3.745,4.045,4.161,4.287
2023/10/24,4.062,4.696,3.735,3.995,4.131,4.260
2023/10/23,4.059,4.796,3.752,4.060,4.233,4.375
2023/10/20,4.047,4.738,3.752,4.027,4.176,4.317
2023/10/19,4.042,4.772,3.762,4.065,4.210,4.360
2023/10/18,4.033,4.713,3.752,4.027,4.150,4.285
2023/10/17,4.024,4.658,3.740,3.993,4.095,4.225
2023/10/16,4.014,4.629,3.732,3.975,4.066,4.197
2023/10/13,4.014,4.600,3.740,3.952,4.037,4.165
2023/10/12,4.017,4.551,3.725,3.927,3.990,4.092
2023/10/11,4.013,4.586,3.715,3.947,4.025,4.137
2023/10/10,4.020,4.649,3.735,4.000,4.088,4.225
2023/10/06,4.028,4.661,3.745,4.010,4.100,4.243
2023/10/05,4.038,4.746,3.755,4.085,4.187,4.335
2023/10/04,4.043,4.790,3.770,4.140,4.232,4.385
2023/09/27,3.995,4.483,3.695,3.875,3.925,4.012
2023/09/26,3.995,4.511,3.677,3.897,3.955,4.056
2023/09/25,3.980,4.486,3.667,3.882,3.930,4.015
2023/09/22,3.970,4.468,3.657,3.866,3.912,3.995
2023/09/21,3.965,4.511,3.692,3.925,3.960,4.030
2023/09/20,3.950,4.455,3.670,3.880,3.903,3.952
2023/09/19,3.942,4.461,3.665,3.885,3.910,3.952
2023/09/18,3.934,4.479,3.660,3.893,3.930,3.975
2023/09/15,3.919,4.429,3.658,3.847,3.880,3.927
2023/09/14,3.914,4.406,3.650,3.835,3.858,3.917
2023/09/13,3.899,4.423,3.650,3.850,3.875,3.947
2023/09/12,3.892,4.435,3.650,3.862,3.887,3.970
2023/09/11,3.887,4.430,3.645,3.860,3.882,3.955
2023/09/08,3.867,4.363,3.567,3.791,3.830,3.886
2023/09/07,3.872,4.418,3.570,3.840,3.885,3.965
2023/09/06,3.847,4.360,3.537,3.775,3.825,3.905
2023/09/05,3.843,4.350,3.512,3.765,3.815,3.887
2023/09/04,3.835,4.314,3.515,3.732,3.775,3.855
2023/09/01,3.820,4.259,3.495,3.687,3.715,3.780
2023/08/31,3.818,4.299,3.510,3.717,3.755,3.825
2023/08/30,3.825,4.329,3.515,3.740,3.785,3.857
2023/08/29,3.819,4.324,3.520,3.741,3.780,3.845
2023/08/28,3.811,4.340,3.535,3.760,3.796,3.872
2023/08/25,3.809,4.386,3.545,3.790,3.842,3.933
2023/08/24,3.805,4.344,3.537,3.753,3.800,3.877
2023/08/23,3.803,4.366,3.530,3.770,3.822,3.920
2023/08/22,3.803,4.409,3.522,3.797,3.865,3.983
2023/08/21,3.800,4.405,3.515,3.790,3.857,3.967
2023/08/18,3.783,4.345,3.490,3.726,3.797,3.905
2023/08/17,3.784,4.410,3.495,3.782,3.862,3.962
2023/08/16,3.771,4.309,3.462,3.701,3.757,3.862
2023/08/14,3.776,4.352,3.472,3.748,3.800,3.900
2023/08/11,3.766,4.282,3.472,3.695,3.730,3.820
2023/08/10,3.761,4.259,3.472,3.677,3.705,3.780
2023/08/09,3.759,4.257,3.470,3.670,3.690,3.777
2023/08/08,3.758,4.229,3.473,3.645,3.655,3.737
2023/08/07,3.761,4.293,3.483,3.688,3.717,3.818
2023/08/04,3.772,4.357,3.488,3.737,3.775,3.873
2023/08/03,3.771,4.342,3.490,3.715,3.760,3.860
2023/08/02,3.773,4.285,3.477,3.670,3.702,3.780
2023/08/01,3.770,4.257,3.477,3.650,3.673,3.733
2023/07/31,3.774,4.285,3.502,3.682,3.702,3.765
2023/07/28,3.774,4.235,3.502,3.632,3.650,3.731
2023/07/27,3.766,4.167,3.497,3.582,3.581,3.637
2023/07/26,3.775,4.203,3.526,3.622,3.617,3.655
2023/07/25,3.781,4.222,3.528,3.638,3.635,3.680
2023/07/24,3.781,4.199,3.542,3.620,3.612,3.647
2023/07/21,3.786,4.187,3.542,3.602,3.600,3.635
2023/07/20,3.787,4.167,3.542,3.582,3.580,3.610
2023/07/19,3.784,4.130,3.532,3.540,3.540,3.576
2023/07/18,3.794,4.195,3.562,3.600,3.605,3.645
2023/07/17,3.804,4.208,3.582,3.607,3.617,3.660
2023/07/14,3.805,4.228,3.587,3.615,3.637,3.690
2023/07/13,3.813,4.198,3.592,3.602,3.607,3.660
2023/07/12,3.850,4.313,3.620,3.705,3.722,3.757
2023/07/11,3.858,4.308,3.625,3.700,3.717,3.760
2023/07/10,3.878,4.406,3.667,3.796,3.815,3.867
2023/07/07,3.865,4.334,3.635,3.735,3.730,3.757
2023/07/06,3.835,4.281,3.595,3.672,3.675,3.715
2023/07/05,3.818,4.211,3.560,3.615,3.602,3.635
2023/07/04,3.823,4.209,3.560,3.617,3.600,3.630
2023/07/03,3.835,4.189,3.560,3.607,3.580,3.590
2023/06/30,3.845,4.259,3.580,3.657,3.650,3.661
2023/06/29,3.815,4.211,3.540,3.595,3.595,3.633
2023/06/28,3.812,4.183,3.525,3.560,3.565,3.610
2023/06/27,3.805,4.180,3.512,3.550,3.562,3.602
2023/06/26,3.807,4.193,3.517,3.570,3.575,3.607
2023/06/23,3.814,4.238,3.527,3.612,3.620,3.670
2023/06/22,3.809,4.216,3.515,3.597,3.598,3.652
2023/06/21,3.808,4.193,3.497,3.570,3.575,3.622
2023/06/20,3.809,4.208,3.510,3.580,3.590,3.645
2023/06/19,3.813,4.205,3.518,3.580,3.587,3.635
2023/06/16,3.813,4.218,3.527,3.587,3.600,3.658
2023/06/15,3.819,4.248,3.522,3.620,3.630,3.685
2023/06/14,3.807,4.186,3.487,3.538,3.562,3.625
2023/06/13,3.797,4.131,3.460,3.485,3.507,3.581
2023/06/12,3.797,4.132,3.460,3.495,3.505,3.573
2023/06/09,3.802,4.132,3.500,3.510,3.505,3.617
2023/06/08,3.802,4.157,3.515,3.547,3.530,3.632
2023/06/07,3.802,4.077,3.505,3.477,3.450,3.522
2023/06/05,3.809,4.102,3.527,3.500,3.475,3.550
2023/06/02,3.807,4.037,3.512,3.437,3.410,3.492
2023/06/01,3.812,4.092,3.527,3.480,3.465,3.550
2023/05/31,3.812,4.052,3.535,3.440,3.425,3.520
2023/05/30,3.849,4.203,3.585,3.555,3.578,3.652
2023/05/26,3.849,4.193,3.557,3.527,3.558,3.645
2023/05/25,3.827,4.139,3.510,3.475,3.505,3.595
2023/05/24,3.787,4.048,3.465,3.387,3.407,3.507
2023/05/23,3.777,4.033,3.465,3.380,3.392,3.481
2023/05/22,3.762,3.958,3.455,3.312,3.317,3.387
2023/05/19,3.764,3.967,3.465,3.337,3.328,3.415
2023/05/18,3.734,3.926,3.432,3.307,3.285,3.358
2023/05/17,3.694,3.884,3.405,3.275,3.242,3.320
2023/05/16,3.672,3.854,3.405,3.240,3.212,3.302
2023/05/15,3.657,3.895,3.415,3.275,3.252,3.333
2023/05/12,3.622,3.847,3.377,3.230,3.205,3.282
2023/05/11,3.607,3.849,3.370,3.221,3.207,3.295
2023/05/10,3.607,3.896,3.360,3.270,3.253,3.335
2023/05/09,3.589,3.882,3.347,3.258,3.240,3.320
2023/05/08,3.574,3.882,3.342,3.257,3.240,3.313
2023/05/04,3.554,3.842,3.325,3.215,3.200,3.277
2023/05/03,3.572,3.899,3.345,3.271,3.257,3.317
2023/05/02,3.577,3.962,3.355,3.327,3.320,3.370
2023/04/28,3.549,3.942,3.322,3.300,3.300,3.367
2023/04/27,3.529,3.916,3.287,3.287,3.273,3.345
2023/04/26,3.512,3.897,3.250,3.260,3.255,3.310
2023/04/25,3.497,3.922,3.225,3.278,3.280,3.327
2023/04/24,3.494,3.892,3.220,3.230,3.250,3.307
2023/04/21,3.497,3.902,3.225,3.250,3.260,3.317
2023/04/20,3.502,3.972,3.237,3.327,3.332,3.402
2023/04/19,3.494,3.978,3.233,3.352,3.337,3.372
2023/04/18,3.482,3.939,3.225,3.297,3.295,3.352
2023/04/17,3.477,3.940,3.227,3.300,3.296,3.357
2023/04/14,3.467,3.861,3.215,3.210,3.212,3.290
2023/04/13,3.474,3.854,3.232,3.210,3.205,3.280
2023/04/12,3.484,3.883,3.252,3.246,3.232,3.272
2023/04/11,3.479,3.834,3.260,3.213,3.180,3.242
2023/04/10,3.482,3.810,3.260,3.182,3.155,3.222
2023/04/07,3.493,3.870,3.277,3.238,3.215,3.292
2023/04/06,3.500,3.858,3.275,3.220,3.200,3.282
2023/04/05,3.510,3.893,3.302,3.267,3.235,3.327
2023/04/04,3.518,3.902,3.302,3.272,3.247,3.317
2023/04/03,3.537,3.982,3.305,3.335,3.327,3.385
2023/03/31,3.537,3.952,3.292,3.290,3.295,3.360
2023/03/30,3.549,3.902,3.265,3.230,3.245,3.310
2023/03/29,3.567,3.886,3.265,3.228,3.227,3.268
2023/03/28,3.589,3.910,3.272,3.260,3.247,3.277
2023/03/27,3.594,3.884,3.272,3.227,3.221,3.262
2023/03/24,3.602,3.828,3.275,3.170,3.165,3.222
2023/03/23,3.624,3.862,3.315,3.220,3.196,3.272
2023/03/22,3.624,3.894,3.311,3.252,3.228,3.265
2023/03/21,3.611,3.946,3.287,3.293,3.280,3.305
2023/03/20,3.603,3.896,3.282,3.235,3.228,3.290
2023/03/17,3.636,4.018,3.342,3.402,3.357,3.405
2023/03/16,3.636,4.029,3.337,3.410,3.365,3.400
2023/03/15,3.643,4.085,3.400,3.465,3.420,3.420
2023/03/14,3.631,4.035,3.440,3.415,3.370,3.375
2023/03/13,3.686,4.065,3.517,3.450,3.400,3.426
2023/03/10,3.758,4.275,3.680,3.712,3.610,3.582
2023/03/09,3.801,4.440,3.715,3.837,3.790,3.720
2023/03/08,3.808,4.467,3.695,3.850,3.815,3.712
2023/03/07,3.776,4.372,3.647,3.723,3.715,3.652
2023/03/06,3.791,4.435,3.677,3.767,3.767,3.715
2023/03/03,3.811,4.475,3.712,3.790,3.805,3.772
2023/03/02,3.823,4.561,3.737,3.867,3.890,3.833
2023/02/28,3.810,4.503,3.707,3.810,3.830,3.760
2023/02/27,3.775,4.373,3.632,3.700,3.700,3.630
2023/02/24,3.747,4.245,3.600,3.551,3.567,3.521
2023/02/23,3.750,4.308,3.600,3.603,3.630,3.597
2023/02/22,3.752,4.338,3.610,3.632,3.660,3.628
2023/02/21,3.735,4.315,3.590,3.615,3.637,3.595
2023/02/20,3.725,4.373,3.600,3.692,3.695,3.655
2023/02/17,3.715,4.320,3.600,3.637,3.640,3.620
2023/02/16,3.652,4.195,3.542,3.512,3.505,3.480
2023/02/15,3.652,4.200,3.532,3.512,3.507,3.487
2023/02/14,3.620,4.112,3.502,3.425,3.417,3.392
2023/02/13,3.615,4.140,3.502,3.446,3.442,3.417
2023/02/10,3.577,4.086,3.455,3.400,3.382,3.356
2023/02/09,3.550,4.091,3.445,3.406,3.387,3.360
2023/02/08,3.532,4.019,3.437,3.330,3.302,3.306
2023/02/07,3.532,4.002,3.430,3.300,3.275,3.282
2023/02/06,3.537,4.017,3.432,3.297,3.280,3.295
2023/02/03,3.537,3.877,3.400,3.117,3.105,3.155
2023/02/02,3.568,3.982,3.430,3.195,3.185,3.220
2023/02/01,3.596,4.039,3.450,3.270,3.242,3.242
2023/01/31,3.617,4.082,3.465,3.315,3.285,3.280
2023/01/30,3.642,4.042,3.470,3.265,3.235,3.235
2023/01/27,3.682,4.089,3.477,3.310,3.275,3.288
2023/01/26,3.717,4.039,3.502,3.270,3.225,3.230
2023/01/25,3.754,4.050,3.532,3.283,3.236,3.220
2023/01/20,3.776,4.101,3.545,3.318,3.287,3.272
2023/01/19,3.781,4.074,3.535,3.267,3.235,3.237
2023/01/18,3.824,4.188,3.570,3.372,3.333,3.320
2023/01/17,3.864,4.291,3.600,3.482,3.437,3.442
2023/01/16,3.889,4.228,3.602,3.445,3.370,3.372
2023/01/13,3.906,4.140,3.570,3.365,3.265,3.295
2023/01/12,3.946,4.280,3.572,3.462,3.395,3.395
2023/01/11,3.965,4.266,3.595,3.440,3.376,3.395
2023/01/10,3.988,4.374,3.587,3.550,3.480,3.472
2023/01/09,4.003,4.389,3.587,3.560,3.480,3.462
2023/01/06,4.063,4.526,3.615,3.618,3.685,3.625
2023/01/05,4.103,4.536,3.595,3.602,3.655,3.605
2023/01/04,4.148,4.541,3.640,3.648,3.625,3.595
2023/01/03,4.223,4.638,3.690,3.700,3.670,3.677
2023/01/02,4.313,4.753,3.740,3.751,3.760,3.787
2022/12/30,4.353,4.716,3.732,3.748,3.725,3.740
2022/12/29,4.353,4.716,3.732,3.748,3.725,3.740
2022/12/28,4.358,4.661,3.742,3.750,3.667,3.680
2022/12/27,4.383,4.631,3.755,3.763,3.665,3.640
2022/12/26,4.398,4.643,3.767,3.780,3.670,3.637
2022/12/23,4.413,4.571,3.775,3.782,3.615,3.555
2022/12/22,4.413,4.508,3.740,3.747,3.570,3.477
2022/12/21,4.443,4.571,3.755,3.763,3.630,3.540
2022/12/20,4.453,4.641,3.755,3.756,3.680,3.610
2022/12/19,4.423,4.521,3.715,3.713,3.540,3.455
2022/12/16,4.443,4.526,3.695,3.688,3.535,3.450
2022/12/15,4.463,4.536,3.670,3.666,3.530,3.437
2022/12/14,4.468,4.566,3.650,3.647,3.530,3.460
2022/12/13,4.508,4.703,3.660,3.656,3.620,3.577
2022/12/12,4.513,4.696,3.650,3.646,3.612,3.570
2022/12/09,4.523,4.691,3.652,3.654,3.650,3.565
2022/12/08,4.533,4.746,3.655,3.660,3.682,3.620
2022/12/07,4.533,4.746,3.660,3.665,3.680,3.620
2022/12/06,4.523,4.716,3.640,3.652,3.632,3.590
2022/12/05,4.533,4.711,3.655,3.655,3.602,3.585
2022/12/02,4.548,4.751,3.667,3.666,3.615,3.625
2022/12/01,4.598,4.796,3.685,3.686,3.642,3.670
2022/11/30,4.663,4.836,3.730,3.722,3.705,3.705
2022/11/29,4.653,4.836,3.730,3.732,3.710,3.705
2022/11/28,4.633,4.793,3.710,3.725,3.665,3.662
2022/11/25,4.643,4.791,3.690,3.723,3.640,3.660
2022/11/24,4.663,4.846,3.740,3.757,3.690,3.715
2022/11/23,4.703,4.971,3.850,3.838,3.840,3.850
2022/11/22,4.703,4.986,3.850,3.838,3.857,3.875
2022/11/21,4.693,4.966,3.845,3.843,3.845,3.865
2022/11/18,4.673,4.941,3.810,3.810,3.787,3.845
2022/11/17,4.663,4.966,3.840,3.830,3.812,3.880
2022/11/16,4.663,4.961,3.840,3.836,3.810,3.875
2022/11/15,4.623,4.891,3.800,3.803,3.745,3.805
2022/11/14,4.623,4.996,3.860,3.866,3.852,3.930
2022/11/11,4.603,4.951,3.850,3.870,3.832,3.895
2022/11/10,4.633,5.116,3.930,3.925,4.030,4.080
2022/11/09,4.618,5.208,3.930,3.927,4.090,4.182
2022/11/08,4.598,5.266,3.950,3.937,4.152,4.245
2022/11/07,4.588,5.276,3.950,3.942,4.182,4.270
2022/11/04,4.558,5.206,3.915,3.913,4.125,4.205
2022/11/03,4.548,5.226,3.915,3.913,4.155,4.235
2022/11/02,4.518,5.136,3.865,3.867,4.080,4.145
2022/11/01,4.468,5.101,3.815,3.815,4.060,4.120
2022/10/31,4.458,5.201,3.810,3.805,4.175,4.245
2022/10/28,4.408,5.136,3.760,3.760,4.120,4.195
2022/10/27,4.388,5.276,3.780,3.777,4.260,4.360
2022/10/26,4.328,5.221,3.745,3.742,4.217,4.320
2022/10/25,4.248,5.236,3.740,3.731,4.215,4.355
2022/10/24,4.233,5.355,3.750,3.748,4.320,4.497
2022/10/21,4.183,5.470,3.810,3.803,4.462,4.632
2022/10/20,4.093,5.287,3.700,3.693,4.350,4.467
2022/10/19,4.063,5.230,3.670,3.670,4.337,4.425
2022/10/18,4.013,5.095,3.625,3.620,4.250,4.315
2022/10/17,3.973,5.025,3.580,3.583,4.250,4.270
2022/10/14,3.938,4.947,3.550,3.546,4.202,4.207
2022/10/13,3.928,4.960,3.550,3.546,4.202,4.220
2022/10/12,3.878,4.840,3.500,3.481,4.102,4.100
2022/10/11,3.798,5.035,3.510,3.511,4.345,4.310
2022/10/07,3.738,4.940,3.480,3.481,4.277,4.225
2022/10/06,3.728,4.837,3.450,3.441,4.150,4.132
2022/10/05,3.728,4.835,3.450,3.441,4.172,4.130
2022/10/04,3.728,4.720,3.400,3.391,4.070,4.025
2022/09/30,3.728,4.850,3.400,3.386,4.185,4.175
2022/09/29,3.758,4.990,3.435,3.417,4.302,4.335
2022/09/28,3.808,5.023,3.495,3.467,4.335,4.370
2022/09/27,3.778,4.960,3.485,3.482,4.310,4.350
2022/09/26,3.808,5.130,3.595,3.592,4.545,4.560
2022/09/23,3.648,4.795,3.395,3.392,4.200,4.225
2022/09/22,3.578,4.682,3.290,3.303,4.110,4.112
2022/09/21,3.428,4.465,3.190,3.178,3.845,3.895
2022/09/20,3.388,4.420,3.170,3.168,3.825,3.850
2022/09/19,3.358,4.335,3.170,3.167,3.760,3.775
2022/09/16,3.363,4.325,3.200,3.196,3.770,3.770
2022/09/15,3.358,4.320,3.205,3.202,3.765,3.772
2022/09/14,3.338,4.135,3.185,3.190,3.580,3.592
2022/09/13,3.338,4.110,3.185,3.187,3.520,3.572
2022/09/08,3.338,4.135,3.205,3.178,3.547,3.605
2022/09/07,3.338,4.280,3.250,3.232,3.690,3.750
2022/09/06,3.358,4.265,3.255,3.238,3.680,3.742
2022/09/05,3.363,4.203,3.260,3.225,3.615,3.680
2022/09/02,3.368,4.283,3.280,3.256,3.682,3.760
2022/09/01,3.378,4.403,3.320,3.301,3.790,3.877
2022/08/31,3.363,4.301,3.295,3.267,3.677,3.775
2022/08/30,3.358,4.273,3.265,3.246,3.650,3.747
2022/08/29,3.363,4.286,3.280,3.275,3.660,3.760
2022/08/26,3.323,4.158,3.225,3.223,3.535,3.632
2022/08/25,3.303,4.123,3.205,3.206,3.540,3.597
2022/08/24,3.203,3.923,3.080,3.070,3.315,3.397
2022/08/23,3.143,3.858,3.027,3.014,3.272,3.332
2022/08/22,3.103,3.833,2.957,2.948,3.235,3.307
2022/08/19,3.068,3.798,2.905,2.901,3.192,3.272
2022/08/18,3.058,3.716,2.880,2.870,3.130,3.190
2022/08/17,3.058,3.663,2.852,2.850,3.085,3.140
2022/08/16,3.053,3.640,2.842,2.846,3.065,3.117
2022/08/12,3.063,3.755,2.890,2.890,3.177,3.232
2022/08/11,3.063,3.690,2.890,2.890,3.120,3.167
2022/08/10,3.063,3.695,2.910,2.905,3.150,3.172
2022/08/09,3.063,3.663,2.905,2.898,3.130,3.140
2022/08/08,3.063,3.663,2.915,2.907,3.127,3.140
2022/08/05,3.055,3.613,2.870,2.873,3.075,3.095
2022/08/04,3.060,3.655,2.890,2.890,3.120,3.140
2022/08/03,3.065,3.605,2.890,2.890,3.067,3.095
2022/08/02,3.070,3.547,2.895,2.893,3.002,3.040
2022/08/01,3.080,3.612,2.910,2.915,3.080,3.135
2022/07/29,3.060,3.532,2.900,2.900,2.997,3.055
2022/07/28,3.045,3.637,2.935,2.940,3.125,3.180
2022/07/27,3.035,3.587,2.947,2.938,3.080,3.132
2022/07/26,3.033,3.622,2.937,2.931,3.120,3.197
2022/07/25,3.023,3.637,2.927,2.929,3.150,3.220
2022/07/22,3.028,3.707,2.952,2.948,3.210,3.290
2022/07/21,3.028,3.797,2.975,2.971,3.295,3.380
2022/07/20,3.023,3.777,2.975,2.975,3.285,3.365
2022/07/19,3.018,3.662,2.955,2.956,3.185,3.250
2022/07/18,3.013,3.692,2.980,2.982,3.220,3.287
2022/07/15,3.008,3.662,3.000,2.991,3.192,3.257
2022/07/14,2.998,3.682,3.012,3.008,3.247,3.302
2022/07/13,2.938,3.657,2.965,2.966,3.210,3.282
2022/07/12,2.938,3.705,2.985,2.985,3.270,3.330
2022/07/11,2.888,3.755,2.995,2.990,3.320,3.380
2022/07/08,2.863,3.720,2.965,2.960,3.312,3.342
2022/07/07,2.843,3.670,2.962,2.951,3.272,3.305
2022/07/06,2.808,3.640,2.925,2.920,3.242,3.290
2022/07/05,2.803,3.692,2.952,2.948,3.285,3.352
2022/07/04,2.798,3.805,2.980,2.968,3.420,3.485
2022/07/01,2.778,3.815,2.965,2.962,3.440,3.500
2022/06/30,2.753,3.955,3.020,3.010,3.555,3.647
2022/06/29,2.713,3.983,2.920,2.920,3.557,3.685
2022/06/28,2.673,4.003,2.895,2.892,3.557,3.712
2022/06/27,2.653,4.016,2.875,2.872,3.560,3.725
2022/06/24,2.613,3.953,2.835,2.836,3.510,3.662
2022/06/23,2.601,4.068,2.845,2.858,3.610,3.777
2022/06/22,2.571,3.996,2.830,2.830,3.520,3.705
2022/06/21,2.571,4.116,2.860,2.857,3.660,3.835
2022/06/20,2.561,4.111,2.820,2.817,3.670,3.832
2022/06/17,2.531,4.151,2.810,2.810,3.750,3.872
2022/06/16,2.471,4.121,2.780,2.773,3.725,3.842
2022/06/15,2.421,4.086,2.610,2.606,3.655,3.807
2022/06/14,2.321,3.979,2.457,2.453,3.555,3.700
2022/06/13,2.281,3.961,2.440,2.433,3.530,3.682
2022/06/10,2.236,3.736,2.350,2.332,3.275,3.457
2022/06/09,2.221,3.694,2.295,2.236,3.172,3.415
2022/06/08,2.221,3.714,2.280,2.233,3.197,3.435
2022/06/07,2.211,3.784,2.290,2.238,3.235,3.505
2022/06/03,2.196,3.644,2.220,2.184,3.125,3.365
2022/06/02,2.196,3.639,2.200,2.170,3.122,3.365
2022/05/31,2.186,3.526,2.170,2.155,3.032,3.252
2022/05/30,2.176,3.419,2.140,2.132,2.952,3.150
2022/05/27,2.166,3.409,2.140,2.133,2.950,3.140
2022/05/26,2.158,3.409,2.180,2.142,2.955,3.140
2022/05/25,2.058,3.386,2.160,2.126,2.945,3.117
2022/05/24,2.038,3.404,2.110,2.098,2.960,3.135
2022/05/23,2.023,3.474,2.120,2.102,3.025,3.205
2022/05/20,1.998,3.466,2.100,2.083,3.005,3.197
2022/05/19,1.983,3.521,2.100,2.083,3.047,3.252
2022/05/18,1.971,3.521,2.095,2.082,3.052,3.257
2022/05/17,1.941,3.484,2.070,2.062,3.025,3.225
2022/05/16,1.921,3.476,2.055,2.040,3.035,3.217
2022/05/13,1.901,3.386,1.990,1.973,2.922,3.127
2022/05/12,1.886,3.354,1.960,1.948,2.905,3.095
2022/05/11,1.881,3.409,1.960,1.956,2.917,3.150
2022/05/10,1.871,3.556,1.990,1.987,3.055,3.307
2022/05/09,1.873,3.569,1.990,1.990,3.072,3.320
2022/05/06,1.871,3.609,2.020,2.011,3.145,3.360
2022/05/04,1.869,3.634,2.030,2.015,3.175,3.385
2022/05/03,1.871,3.606,1.995,1.988,3.142,3.357
2022/05/02,1.866,3.574,2.000,1.991,3.100,3.325
2022/04/29,1.861,3.419,1.970,1.965,2.960,3.170
2022/04/28,1.859,3.369,1.950,1.956,2.920,3.125
2022/04/27,1.864,3.366,1.935,1.946,2.900,3.120
2022/04/26,1.869,3.323,1.950,1.951,2.827,3.077
2022/04/25,1.874,3.331,1.965,1.962,2.857,3.085
2022/04/22,1.881,3.456,1.995,1.990,2.960,3.215
2022/04/21,1.871,3.436,1.995,1.985,2.945,3.195
2022/04/20,1.881,3.423,2.000,1.991,2.950,3.185
2022/04/19,1.876,3.423,2.000,1.992,2.955,3.185
2022/04/18,1.871,3.465,1.992,1.989,3.000,3.227
2022/04/15,1.859,3.418,1.995,1.991,2.952,3.180
2022/04/14,1.844,3.328,2.020,2.006,2.882,3.085
2022/04/13,1.824,3.440,2.120,2.128,3.010,3.207
2022/04/12,1.839,3.500,2.190,2.193,3.100,3.267
2022/04/11,1.844,3.553,2.200,2.201,3.220,3.320
2022/04/08,1.789,3.353,2.085,2.092,3.000,3.120
2022/04/07,1.764,3.270,2.045,2.040,2.890,3.037
2022/04/06,1.762,3.300,1.945,1.962,2.920,3.065
2022/04/05,1.762,3.265,1.875,1.881,2.890,3.030
2022/04/04,1.762,3.220,1.840,1.843,2.815,2.977
2022/04/01,1.762,3.188,1.820,1.831,2.782,2.940
2022/03/31,1.762,3.103,1.800,1.807,2.662,2.855
2022/03/30,1.762,3.050,1.800,1.810,2.620,2.797
2022/03/29,1.760,3.130,1.810,1.812,2.692,2.875
2022/03/28,1.760,3.237,1.785,1.803,2.777,2.982
2022/03/25,1.710,2.982,1.680,1.677,2.515,2.727
2022/03/24,1.680,2.925,1.625,1.621,2.462,2.670
2022/03/23,1.660,2.887,1.590,1.586,2.415,2.632
2022/03/22,1.650,2.897,1.580,1.572,2.395,2.642
2022/03/21,1.630,2.787,1.537,1.531,2.270,2.532
2022/03/18,1.618,2.752,1.540,1.527,2.227,2.497
2022/03/17,1.613,2.722,1.515,1.507,2.217,2.467
2022/03/16,1.623,2.785,1.525,1.512,2.265,2.530
2022/03/15,1.621,2.785,1.545,1.523,2.282,2.530
2022/03/14,1.626,2.777,1.562,1.533,2.280,2.522
2022/03/11,1.621,2.735,1.580,1.545,2.247,2.480
2022/03/10,1.626,2.762,1.585,1.535,2.270,2.507
2022/03/08,1.626,2.762,1.555,1.495,2.280,2.515
2022/03/07,1.626,2.762,1.550,1.500,2.280,2.515
2022/03/04,1.621,2.699,1.510,1.495,2.200,2.452
2022/03/03,1.621,2.712,1.500,1.501,2.212,2.465
2022/03/02,1.626,2.652,1.495,1.495,2.180,2.405
2022/02/28,1.626,2.717,1.500,1.502,2.245,2.470
2022/02/25,1.626,2.714,1.510,1.506,2.242,2.467
2022/02/24,1.621,2.677,1.495,1.493,2.220,2.430
2022/02/23,1.616,2.757,1.515,1.506,2.315,2.520
2022/02/22,1.613,2.759,1.510,1.505,2.325,2.522
2022/02/21,1.618,2.794,1.505,1.501,2.360,2.557
2022/02/18,1.623,2.752,1.505,1.501,2.320,2.515
2022/02/17,1.620,2.717,1.495,1.494,2.292,2.480
2022/02/16,1.618,2.734,1.495,1.491,2.320,2.497
2022/02/15,1.613,2.762,1.480,1.478,2.350,2.525
2022/02/14,1.613,2.787,1.475,1.474,2.360,2.550
2022/02/11,1.618,2.787,1.470,1.473,2.347,2.550
2022/02/10,1.608,2.719,1.455,1.451,2.265,2.482
2022/02/09,1.611,2.742,1.460,1.454,2.275,2.505
2022/02/08,1.611,2.792,1.465,1.459,2.302,2.555
2022/02/07,1.621,2.709,1.455,1.452,2.240,2.472
2022/02/04,1.626,2.644,1.460,1.457,2.182,2.407
2022/02/03,1.646,2.602,1.455,1.452,2.155,2.365
2022/01/28,1.656,2.634,1.465,1.463,2.192,2.397
2022/01/27,1.656,2.652,1.470,1.465,2.210,2.415
2022/01/26,1.656,2.604,1.455,1.453,2.157,2.367
2022/01/25,1.651,2.629,1.455,1.453,2.172,2.392
2022/01/24,1.646,2.582,1.440,1.441,2.120,2.345
2022/01/21,1.646,2.594,1.435,1.442,2.135,2.357
2022/01/20,1.646,2.587,1.430,1.438,2.112,2.350
2022/01/19,1.646,2.532,1.420,1.427,2.067,2.295
2022/01/18,1.651,2.554,1.440,1.441,2.107,2.317
2022/01/17,1.651,2.587,1.440,1.441,2.142,2.350
2022/01/14,1.651,2.482,1.425,1.425,2.045,2.245
2022/01/13,1.591,2.402,1.420,1.415,1.960,2.165
2022/01/12,1.576,2.412,1.415,1.413,1.987,2.175
2022/01/11,1.571,2.477,1.415,1.417,2.027,2.240
2022/01/10,1.566,2.482,1.415,1.417,2.047,2.245
2022/01/07,1.566,2.492,1.410,1.410,2.025,2.255
2022/01/06,1.569,2.534,1.400,1.400,2.020,2.297
2022/01/05,1.569,2.392,1.345,1.348,1.907,2.150
2022/01/04,1.579,2.342,1.335,1.336,1.882,2.100
2022/01/03,1.589,2.329,1.340,1.339,1.852,2.087
2021/12/31,1.589,2.247,1.355,1.352,1.795,2.005
2021/12/30,1.589,2.247,1.355,1.352,1.795,2.005
2021/12/29,1.592,2.212,1.355,1.351,1.780,1.970
2021/12/28,1.582,2.234,1.345,1.341,1.787,1.992
2021/12/27,1.582,2.227,1.340,1.336,1.777,1.985
2021/12/24,1.582,2.232,1.340,1.338,1.795,1.990
2021/12/23,1.587,2.244,1.345,1.343,1.805,2.000
2021/12/22,1.584,2.179,1.315,1.318,1.755,1.935
2021/12/21,1.584,2.141,1.295,1.296,1.722,1.897
2021/12/20,1.584,2.146,1.285,1.286,1.730,1.905
2021/12/17,1.586,2.178,1.275,1.276,1.760,1.937
2021/12/16,1.589,2.181,1.260,1.261,1.760,1.935
2021/12/15,1.589,2.223,1.290,1.288,1.802,1.977
2021/12/14,1.589,2.228,1.315,1.309,1.785,1.982
2021/12/13,1.589,2.218,1.340,1.332,1.782,1.975
2021/12/10,1.589,2.240,1.370,1.361,1.797,1.997
2021/12/09,1.569,2.203,1.360,1.320,1.792,1.960
2021/12/08,1.564,2.230,1.362,1.322,1.820,1.987
2021/12/07,1.559,2.283,1.365,1.323,1.867,2.040
2021/12/06,1.554,2.263,1.360,1.320,1.867,2.020
2021/12/03,1.554,2.270,1.370,1.326,1.897,2.030
2021/12/02,1.554,2.240,1.360,1.323,1.850,2.000
2021/12/01,1.549,2.210,1.360,1.324,1.817,1.970
2021/11/30,1.544,2.230,1.345,1.318,1.787,1.990
2021/11/29,1.539,2.295,1.345,1.318,1.847,2.055
2021/11/26,1.537,2.300,1.340,1.320,1.872,2.062
2021/11/25,1.517,2.398,1.340,1.320,1.937,2.160
2021/11/24,1.487,2.463,1.340,1.324,2.000,2.225
2021/11/23,1.477,2.483,1.340,1.324,2.020,2.245
2021/11/22,1.452,2.480,1.330,1.313,2.025,2.242
2021/11/19,1.417,2.430,1.280,1.278,1.972,2.192
2021/11/18,1.407,2.395,1.280,1.276,1.947,2.157
2021/11/17,1.399,2.395,1.285,1.283,1.967,2.155
2021/11/16,1.391,2.375,1.290,1.292,1.955,2.135
2021/11/15,1.389,2.342,1.280,1.288,1.912,2.102
2021/11/12,1.381,2.397,1.295,1.299,1.960,2.160
2021/11/11,1.378,2.367,1.295,1.299,1.915,2.130
2021/11/10,1.378,2.354,1.295,1.296,1.882,2.117
2021/11/09,1.378,2.352,1.295,1.296,1.860,2.115
2021/11/08,1.378,2.384,1.330,1.329,1.902,2.147
2021/11/05,1.388,2.409,1.380,1.379,1.960,2.175
2021/11/04,1.388,2.479,1.415,1.415,2.017,2.247
2021/11/03,1.376,2.527,1.415,1.417,2.037,2.295
2021/11/02,1.371,2.532,1.430,1.436,2.032,2.300
2021/11/01,1.371,2.612,1.490,1.488,2.115,2.380
2021/10/29,1.366,2.657,1.495,1.488,2.107,2.425
2021/10/28,1.341,2.527,1.395,1.388,2.035,2.295
2021/10/27,1.316,2.602,1.340,1.335,2.067,2.370
2021/10/26,1.266,2.492,1.250,1.243,1.942,2.260
2021/10/25,1.226,2.482,1.210,1.203,1.930,2.250
2021/10/22,1.221,2.447,1.195,1.189,1.900,2.215
2021/10/21,1.211,2.397,1.155,1.153,1.842,2.165
2021/10/20,1.211,2.387,1.145,1.141,1.847,2.155
2021/10/19,1.199,2.362,1.155,1.151,1.852,2.130
2021/10/18,1.194,2.404,1.165,1.161,1.880,2.172
2021/10/15,1.186,2.342,1.135,1.132,1.792,2.105
2021/10/14,1.181,2.342,1.135,1.133,1.812,2.105
2021/10/13,1.176,2.367,1.132,1.131,1.820,2.130
2021/10/12,1.171,2.367,1.132,1.132,1.800,2.130
2021/10/08,1.161,2.280,1.122,1.119,1.692,2.045
2021/10/07,1.156,2.280,1.125,1.120,1.690,2.045
2021/10/06,1.156,2.322,1.125,1.121,1.720,2.087
2021/10/05,1.141,2.225,1.105,1.099,1.645,1.990
2021/10/01,1.141,2.192,1.100,1.095,1.630,1.957
2021/09/30,1.138,2.162,1.095,1.091,1.590,1.927
2021/09/29,1.133,2.150,1.095,1.091,1.590,1.915
2021/09/28,1.128,2.200,1.105,1.104,1.622,1.965
2021/09/27,1.125,2.122,1.085,1.082,1.562,1.887
2021/09/24,1.120,2.102,1.080,1.080,1.577,1.867
2021/09/23,1.112,2.052,1.075,1.076,1.565,1.817
2021/09/17,1.107,2.025,1.075,1.075,1.527,1.790
2021/09/16,1.107,1.997,1.075,1.075,1.507,1.762
2021/09/15,1.107,1.982,1.075,1.075,1.492,1.747
2021/09/14,1.097,2.015,1.085,1.086,1.540,1.780
2021/09/13,1.092,2.002,1.080,1.080,1.530,1.767
2021/09/10,1.087,1.980,1.080,1.081,1.497,1.745
2021/09/09,1.062,1.995,1.070,1.065,1.502,1.757
2021/09/08,1.052,1.978,1.050,1.049,1.480,1.740
2021/09/07,1.042,1.963,1.035,1.038,1.467,1.722
2021/09/06,1.042,1.958,1.030,1.040,1.457,1.717
2021/09/03,1.040,1.936,1.015,1.031,1.437,1.695
2021/09/02,1.040,1.928,1.015,1.030,1.422,1.687
2021/09/01,1.040,1.913,1.030,1.042,1.410,1.672
2021/08/31,1.040,1.888,1.050,1.067,1.395,1.647
2021/08/30,1.045,1.891,1.065,1.076,1.397,1.650
2021/08/27,1.060,1.906,1.080,1.082,1.407,1.665
2021/08/26,1.055,1.898,1.080,1.081,1.395,1.657
2021/08/25,1.050,1.921,1.080,1.080,1.425,1.680
2021/08/24,1.027,1.931,1.065,1.061,1.437,1.690
2021/08/23,1.002,1.886,1.040,1.037,1.397,1.645
2021/08/20,0.982,1.838,1.010,1.007,1.360,1.597
2021/08/19,0.972,1.846,1.010,1.010,1.360,1.605
2021/08/18,0.975,1.873,1.000,1.002,1.390,1.632
2021/08/17,0.967,1.878,1.000,1.003,1.397,1.637
2021/08/13,0.967,1.901,1.000,1.003,1.402,1.660
2021/08/12,0.967,1.903,1.005,1.005,1.410,1.662
2021/08/11,0.967,1.906,1.005,1.005,1.415,1.665
2021/08/10,0.959,1.898,1.005,1.005,1.427,1.657
2021/08/09,0.959,1.903,0.995,0.995,1.430,1.662
2021/08/06,0.949,1.911,0.990,0.990,1.435,1.670
2021/08/05,0.939,1.881,0.977,0.975,1.410,1.640
2021/08/04,0.932,1.873,0.957,0.957,1.415,1.632
2021/08/03,0.932,1.898,0.955,0.957,1.445,1.657
2021/08/02,0.930,1.901,0.950,0.951,1.440,1.660
2021/07/30,0.925,1.876,0.935,0.938,1.415,1.635
2021/07/29,0.920,1.898,0.945,0.945,1.435,1.660
2021/07/28,0.910,1.873,0.940,0.938,1.417,1.635
2021/07/27,0.895,1.855,0.917,0.916,1.380,1.617
2021/07/26,0.890,1.838,0.917,0.916,1.362,1.600
2021/07/23,0.898,1.868,0.927,0.926,1.387,1.635
2021/07/22,0.891,1.888,0.927,0.928,1.392,1.655
2021/07/21,0.886,1.863,0.927,0.928,1.380,1.630
2021/07/20,0.871,1.893,0.930,0.933,1.420,1.660
2021/07/19,0.871,1.925,0.930,0.940,1.455,1.702
2021/07/16,0.876,1.953,0.935,0.941,1.470,1.730
2021/07/15,0.876,1.958,0.910,0.922,1.485,1.735
2021/07/14,0.846,1.910,0.857,0.859,1.387,1.687
2021/07/13,0.856,1.945,0.860,0.860,1.422,1.722
2021/07/12,0.853,1.913,0.847,0.846,1.387,1.692
2021/07/09,0.858,1.911,0.850,0.848,1.370,1.685
2021/07/08,0.863,1.873,0.850,0.848,1.355,1.647
2021/07/07,0.878,1.921,0.877,0.879,1.412,1.700
2021/07/06,0.905,1.981,0.907,0.909,1.460,1.765
2021/07/05,0.903,1.964,0.915,0.918,1.457,1.750
2021/07/02,0.913,1.991,0.942,0.944,1.485,1.777
2021/07/01,0.910,1.979,0.942,0.944,1.475,1.765
2021/06/30,0.905,1.956,0.952,0.954,1.452,1.742
2021/06/29,0.895,1.971,0.955,0.958,1.460,1.757
2021/06/28,0.885,2.016,0.965,0.965,1.477,1.802
2021/06/25,0.855,1.984,0.940,0.932,1.445,1.770
2021/06/24,0.815,1.924,0.880,0.880,1.385,1.710
2021/06/23,0.785,1.896,0.865,0.861,1.335,1.682
2021/06/22,0.760,1.899,0.865,0.868,1.330,1.685
2021/06/21,0.752,1.894,0.885,0.885,1.357,1.680
2021/06/18,0.747,1.889,0.875,0.875,1.312,1.675
2021/06/17,0.747,1.934,0.895,0.895,1.330,1.720
2021/06/16,0.742,1.896,0.897,0.895,1.285,1.682
2021/06/15,0.727,1.911,0.885,0.882,1.310,1.700
2021/06/14,0.712,1.878,0.850,0.850,1.280,1.667
2021/06/11,0.697,1.843,0.820,0.820,1.242,1.632
2021/06/10,0.657,1.843,0.785,0.781,1.275,1.635
2021/06/09,0.645,1.823,0.730,0.720,1.135,1.615
2021/06/08,0.640,1.860,0.705,0.699,1.165,1.652
2021/06/07,0.635,1.906,0.705,0.691,1.197,1.700
2021/06/04,0.645,1.926,0.700,0.690,1.215,1.720
2021/06/03,0.647,1.918,0.685,0.680,1.192,1.712
2021/06/02,0.654,1.926,0.685,0.680,1.200,1.720
2021/06/01,0.654,1.933,0.685,0.680,1.212,1.727
2021/05/31,0.656,1.948,0.680,0.675,1.227,1.742
2021/05/28,0.661,1.883,0.620,0.626,1.162,1.677
2021/05/27,0.661,1.831,0.590,0.595,1.115,1.625
2021/05/26,0.663,1.881,0.585,0.590,1.165,1.675
2021/05/25,0.658,1.866,0.570,0.574,1.142,1.660
2021/05/24,0.658,1.856,0.560,0.571,1.115,1.650
2021/05/21,0.663,1.833,0.567,0.576,1.092,1.627
2021/05/20,0.666,1.851,0.575,0.581,1.102,1.645
2021/05/18,0.668,1.831,0.580,0.585,1.095,1.625
2021/05/17,0.671,1.826,0.580,0.585,1.102,1.622
2021/05/14,0.673,1.854,0.582,0.586,1.112,1.650
2021/05/13,0.676,1.854,0.585,0.587,1.120,1.650
2021/05/12,0.681,1.826,0.587,0.589,1.117,1.622
2021/05/11,0.683,1.824,0.587,0.589,1.117,1.620
2021/05/10,0.688,1.836,0.590,0.591,1.135,1.632
2021/05/07,0.698,1.846,0.597,0.599,1.132,1.640
2021/05/06,0.703,1.828,0.610,0.612,1.135,1.622
2021/05/04,0.708,1.851,0.625,0.626,1.157,1.645
2021/05/03,0.708,1.836,0.635,0.635,1.150,1.630
2021/04/30,0.713,1.836,0.640,0.640,1.140,1.630
2021/04/29,0.718,1.811,0.640,0.640,1.122,1.605
2021/04/28,0.718,1.808,0.640,0.640,1.110,1.602
2021/04/27,0.718,1.791,0.635,0.636,1.095,1.585
2021/04/26,0.718,1.793,0.635,0.637,1.112,1.587
2021/04/23,0.718,1.781,0.635,0.637,1.117,1.575
2021/04/22,0.721,1.758,0.635,0.637,1.112,1.552
2021/04/21,0.721,1.763,0.637,0.639,1.110,1.557
2021/04/20,0.723,1.776,0.637,0.639,1.130,1.570
2021/04/19,0.726,1.751,0.637,0.639,1.130,1.545
2021/04/16,0.731,1.781,0.645,0.646,1.147,1.575
2021/04/15,0.731,1.771,0.645,0.646,1.140,1.565
2021/04/14,0.729,1.731,0.645,0.646,1.100,1.525
2021/04/13,0.729,1.766,0.650,0.649,1.132,1.560
2021/04/12,0.724,1.751,0.650,0.649,1.135,1.542
2021/04/09,0.729,1.784,0.652,0.652,1.167,1.575
2021/04/08,0.736,1.764,0.652,0.652,1.160,1.555
2021/04/07,0.739,1.791,0.662,0.662,1.177,1.582
2021/04/06,0.749,1.824,0.670,0.668,1.182,1.610
2021/04/05,0.759,1.854,0.677,0.675,1.202,1.640
2021/04/02,0.784,1.786,0.682,0.680,1.147,1.572
2021/04/01,0.794,1.784,0.687,0.686,1.135,1.570
2021/03/31,0.802,1.811,0.695,0.693,1.127,1.597
2021/03/30,0.812,1.826,0.695,0.695,1.150,1.607
2021/03/29,0.812,1.739,0.695,0.691,1.115,1.520
2021/03/26,0.814,1.754,0.695,0.691,1.125,1.535
2021/03/25,0.814,1.729,0.690,0.687,1.095,1.510
2021/03/24,0.814,1.749,0.685,0.682,1.120,1.532
2021/03/23,0.814,1.807,0.685,0.682,1.147,1.595
2021/03/22,0.814,1.814,0.690,0.687,1.130,1.602
2021/03/19,0.814,1.832,0.690,0.687,1.142,1.620
2021/03/18,0.814,1.847,0.690,0.687,1.137,1.635
2021/03/17,0.814,1.852,0.692,0.689,1.177,1.640
2021/03/16,0.809,1.814,0.695,0.691,1.175,1.607
2021/03/15,0.802,1.822,0.705,0.701,1.220,1.620
2021/03/12,0.792,1.807,0.700,0.695,1.230,1.605
2021/03/11,0.787,1.732,0.685,0.683,1.175,1.530
2021/03/10,0.780,1.757,0.675,0.674,1.175,1.570
2021/03/09,0.775,1.797,0.660,0.640,1.220,1.605
2021/03/08,0.770,1.714,0.620,0.616,1.150,1.517
2021/03/05,0.767,1.639,0.610,0.611,1.067,1.442
2021/03/04,0.767,1.617,0.605,0.610,1.035,1.422
2021/03/03,0.767,1.612,0.605,0.613,1.017,1.422
2021/03/02,0.767,1.647,0.615,0.619,1.022,1.457
2021/02/26,0.762,1.645,0.615,0.619,1.020,1.455
2021/02/25,0.762,1.572,0.615,0.616,0.995,1.382
2021/02/24,0.762,1.550,0.617,0.618,1.002,1.360
2021/02/23,0.762,1.562,0.622,0.623,1.015,1.372
2021/02/22,0.762,1.580,0.625,0.626,1.020,1.390
2021/02/19,0.767,1.535,0.625,0.626,0.995,1.345
2021/02/18,0.770,1.520,0.622,0.625,0.985,1.330
2021/02/17,0.770,1.532,0.622,0.625,0.982,1.342
2021/02/16,0.772,1.525,0.622,0.625,0.980,1.335
2021/02/15,0.777,1.547,0.627,0.627,0.995,1.357
2021/02/10,0.779,1.525,0.627,0.627,0.992,1.335
2021/02/09,0.782,1.510,0.627,0.627,0.990,1.320
2021/02/08,0.785,1.517,0.627,0.627,0.995,1.327
2021/02/05,0.790,1.495,0.615,0.616,0.982,1.305
2021/02/04,0.795,1.510,0.617,0.618,0.980,1.320
2021/02/03,0.800,1.510,0.617,0.618,0.977,1.317
2021/02/02,0.810,1.513,0.627,0.626,0.980,1.320
2021/02/01,0.820,1.530,0.635,0.636,0.987,1.337
2021/01/29,0.823,1.508,0.635,0.636,0.972,1.315
2021/01/28,0.828,1.523,0.645,0.646,0.977,1.330
2021/01/27,0.828,1.530,0.657,0.657,0.987,1.337
2021/01/26,0.828,1.538,0.660,0.658,1.002,1.345
2021/01/25,0.828,1.543,0.655,0.656,1.007,1.350
2021/01/22,0.823,1.518,0.655,0.655,0.990,1.325
2021/01/21,0.818,1.483,0.655,0.655,0.970,1.285
2021/01/20,0.813,1.488,0.655,0.655,0.975,1.285
2021/01/19,0.813,1.500,0.645,0.641,0.977,1.297
2021/01/18,0.813,1.505,0.640,0.640,0.967,1.302
2021/01/15,0.813,1.513,0.637,0.639,0.970,1.310
2021/01/14,0.813,1.528,0.637,0.639,0.987,1.325
2021/01/13,0.813,1.510,0.637,0.639,0.975,1.307
2021/01/12,0.813,1.515,0.637,0.639,0.977,1.312
2021/01/11,0.813,1.498,0.630,0.633,0.965,1.295
2021/01/08,0.821,1.525,0.630,0.633,0.977,1.322
2021/01/07,0.826,1.525,0.635,0.636,0.970,1.322
2021/01/06,0.838,1.525,0.635,0.636,0.960,1.322
2021/01/05,0.853,1.498,0.635,0.636,0.937,1.295
2021/01/04,0.891,1.528,0.650,0.651,0.955,1.325
2020/12/31,0.931,1.538,0.655,0.656,0.970,1.335
2020/12/30,0.931,1.538,0.655,0.656,0.970,1.335
2020/12/29,0.931,1.530,0.645,0.646,0.980,1.327
2020/12/28,0.923,1.515,0.635,0.636,0.957,1.312
2020/12/24,0.898,1.528,0.615,0.620,0.952,1.325
2020/12/23,0.878,1.478,0.595,0.598,0.927,1.275
2020/12/22,0.873,1.505,0.585,0.588,0.942,1.302
2020/12/21,0.871,1.525,0.585,0.588,0.960,1.322
2020/12/18,0.871,1.550,0.585,0.585,0.965,1.347
2020/12/17,0.868,1.570,0.585,0.585,0.995,1.367
2020/12/16,0.863,1.548,0.577,0.578,0.990,1.345
2020/12/15,0.860,1.523,0.577,0.578,0.982,1.320
2020/12/14,0.860,1.508,0.572,0.575,0.985,1.305
2020/12/11,0.860,1.508,0.570,0.572,0.977,1.305
2020/12/10,0.855,1.500,0.572,0.573,0.972,1.297
2020/12/09,0.855,1.515,0.572,0.571,0.957,1.312
2020/12/08,0.852,1.513,0.572,0.573,0.960,1.310
2020/12/07,0.857,1.520,0.572,0.572,0.960,1.317
2020/12/04,0.857,1.538,0.572,0.572,0.970,1.335
2020/12/03,0.857,1.528,0.582,0.574,0.965,1.325
2020/12/02,0.857,1.553,0.585,0.576,0.982,1.350
2020/12/01,0.857,1.535,0.590,0.579,0.977,1.332
2020/11/30,0.849,1.538,0.600,0.588,0.980,1.335
2020/11/27,0.841,1.528,0.600,0.590,0.977,1.325
2020/11/26,0.833,1.538,0.605,0.604,0.985,1.335
2020/11/25,0.823,1.515,0.605,0.607,0.972,1.312
2020/11/24,0.818,1.490,0.605,0.607,0.960,1.287
2020/11/23,0.808,1.488,0.610,0.612,0.955,1.285
2020/11/20,0.798,1.505,0.610,0.612,0.967,1.302
2020/11/19,0.788,1.503,0.625,0.625,0.957,1.300
2020/11/18,0.785,1.485,0.635,0.633,0.945,1.282
2020/11/17,0.785,1.498,0.635,0.636,0.960,1.295
2020/11/16,0.778,1.498,0.630,0.631,0.967,1.295
2020/11/13,0.776,1.500,0.630,0.631,0.960,1.297
2020/11/12,0.773,1.523,0.630,0.631,0.967,1.320
2020/11/11,0.776,1.543,0.632,0.634,0.987,1.340
2020/11/10,0.776,1.515,0.632,0.634,0.982,1.312
2020/11/09,0.776,1.470,0.632,0.631,0.955,1.267
2020/11/06,0.779,1.460,0.635,0.632,0.947,1.257
2020/11/05,0.782,1.423,0.635,0.633,0.922,1.220
2020/11/04,0.787,1.468,0.635,0.633,0.950,1.265
2020/11/03,0.787,1.500,0.640,0.637,0.977,1.297
2020/11/02,0.787,1.493,0.640,0.638,0.967,1.290
2020/10/30,0.782,1.446,0.635,0.633,0.935,1.240
2020/10/29,0.782,1.421,0.632,0.632,0.922,1.215
2020/10/28,0.777,1.403,0.632,0.631,0.910,1.197
2020/10/27,0.777,1.416,0.617,0.617,0.915,1.210
2020/10/26,0.772,1.396,0.617,0.617,0.907,1.190
2020/10/23,0.777,1.403,0.617,0.617,0.910,1.197
2020/10/22,0.777,1.413,0.617,0.620,0.920,1.207
2020/10/21,0.784,1.428,0.620,0.622,0.930,1.222
2020/10/20,0.784,1.381,0.625,0.625,0.912,1.175
2020/10/19,0.791,1.356,0.625,0.626,0.892,1.150
2020/10/16,0.794,1.386,0.630,0.631,0.890,1.180
2020/10/15,0.796,1.361,0.625,0.626,0.870,1.155
2020/10/14,0.801,1.398,0.627,0.628,0.897,1.192
2020/10/13,0.806,1.413,0.627,0.631,0.920,1.207
2020/10/12,0.811,1.431,0.622,0.626,0.922,1.225
2020/10/08,0.814,1.413,0.622,0.626,0.902,1.207
2020/10/07,0.819,1.408,0.622,0.623,0.907,1.202
2020/10/06,0.826,1.403,0.622,0.622,0.902,1.197
2020/10/05,0.826,1.353,0.607,0.610,0.877,1.147
2020/09/29,0.831,1.306,0.602,0.604,0.842,1.100
2020/09/28,0.836,1.326,0.602,0.606,0.840,1.120
2020/09/25,0.836,1.326,0.605,0.610,0.850,1.120
2020/09/24,0.841,1.323,0.600,0.606,0.852,1.117
2020/09/23,0.836,1.351,0.600,0.606,0.885,1.147
2020/09/22,0.831,1.379,0.602,0.608,0.897,1.175
2020/09/21,0.829,1.401,0.602,0.609,0.905,1.197
2020/09/18,0.826,1.406,0.602,0.609,0.905,1.202
2020/09/17,0.818,1.396,0.602,0.611,0.910,1.192
2020/09/16,0.810,1.389,0.600,0.611,0.915,1.185
2020/09/15,0.795,1.399,0.602,0.612,0.905,1.195
2020/09/14,0.790,1.416,0.607,0.617,0.917,1.212
2020/09/11,0.782,1.434,0.607,0.618,0.930,1.230
2020/09/10,0.774,1.426,0.620,0.626,0.912,1.222
2020/09/09,0.762,1.416,0.635,0.638,0.910,1.182
2020/09/08,0.752,1.459,0.645,0.646,0.942,1.225
2020/09/07,0.750,1.501,0.645,0.646,0.975,1.267
2020/09/04,0.740,1.471,0.637,0.637,0.940,1.237
2020/09/03,0.735,1.459,0.637,0.636,0.922,1.225
2020/09/02,0.735,1.459,0.632,0.632,0.917,1.225
2020/09/01,0.732,1.494,0.630,0.633,0.965,1.260
2020/08/31,0.720,1.459,0.627,0.628,0.947,1.220
2020/08/28,0.717,1.411,0.625,0.623,0.892,1.172
2020/08/27,0.707,1.374,0.615,0.612,0.855,1.132
2020/08/26,0.705,1.357,0.605,0.605,0.835,1.115
2020/08/25,0.698,1.342,0.600,0.600,0.825,1.100
2020/08/24,0.691,1.337,0.605,0.601,0.825,1.095
2020/08/21,0.681,1.372,0.605,0.603,0.855,1.130
2020/08/20,0.669,1.324,0.595,0.593,0.815,1.082
2020/08/19,0.661,1.312,0.590,0.587,0.807,1.067
2020/08/18,0.659,1.310,0.590,0.587,0.810,1.065
2020/08/14,0.659,1.345,0.590,0.586,0.827,1.100
2020/08/13,0.654,1.315,0.585,0.581,0.812,1.070
2020/08/12,0.654,1.340,0.585,0.583,0.827,1.092
2020/08/11,0.647,1.323,0.580,0.579,0.820,1.075
2020/08/10,0.639,1.343,0.575,0.575,0.827,1.095
2020/08/07,0.639,1.310,0.572,0.571,0.810,1.062
2020/08/06,0.634,1.300,0.567,0.569,0.805,1.052
2020/08/05,0.629,1.293,0.575,0.575,0.797,1.045
2020/08/04,0.629,1.303,0.575,0.575,0.800,1.055
2020/08/03,0.624,1.285,0.570,0.570,0.797,1.037
2020/07/31,0.624,1.280,0.565,0.565,0.792,1.032
2020/07/30,0.624,1.278,0.562,0.564,0.797,1.030
2020/07/29,0.627,1.308,0.562,0.564,0.812,1.060
2020/07/28,0.632,1.320,0.565,0.565,0.812,1.072
2020/07/27,0.635,1.298,0.567,0.567,0.800,1.050
2020/07/24,0.640,1.295,0.570,0.570,0.800,1.045
2020/07/23,0.645,1.305,0.570,0.570,0.800,1.055
2020/07/22,0.650,1.317,0.575,0.575,0.802,1.067
2020/07/21,0.658,1.335,0.580,0.580,0.817,1.085
2020/07/20,0.661,1.317,0.580,0.580,0.802,1.067
2020/07/17,0.666,1.330,0.575,0.578,0.812,1.080
2020/07/16,0.666,1.355,0.580,0.580,0.825,1.105
2020/07/15,0.666,1.395,0.585,0.584,0.845,1.145
2020/07/14,0.666,1.397,0.577,0.578,0.852,1.147
2020/07/13,0.671,1.397,0.575,0.575,0.860,1.147
2020/07/10,0.669,1.372,0.567,0.568,0.847,1.122
2020/07/09,0.674,1.370,0.562,0.563,0.840,1.120
2020/07/08,0.674,1.359,0.555,0.558,0.837,1.102
2020/07/07,0.674,1.372,0.557,0.559,0.840,1.115
2020/07/06,0.674,1.392,0.560,0.562,0.855,1.135
2020/07/03,0.676,1.369,0.557,0.557,0.835,1.112
2020/07/02,0.691,1.367,0.552,0.552,0.827,1.110
2020/07/01,0.706,1.387,0.562,0.562,0.845,1.130
2020/06/30,0.716,1.372,0.572,0.572,0.845,1.115
2020/06/29,0.718,1.349,0.570,0.571,0.837,1.092
2020/06/26,0.718,1.327,0.567,0.569,0.812,1.070
2020/06/25,0.713,1.337,0.557,0.559,0.815,1.080
2020/06/24,0.703,1.347,0.552,0.554,0.820,1.090
2020/06/23,0.703,1.362,0.565,0.561,0.822,1.105
2020/06/22,0.706,1.384,0.580,0.580,0.847,1.127
2020/06/19,0.699,1.389,0.605,0.605,0.847,1.132
2020/06/18,0.694,1.357,0.645,0.645,0.830,1.100
2020/06/17,0.689,1.402,0.645,0.645,0.875,1.145
2020/06/16,0.684,1.390,0.630,0.630,0.857,1.135
2020/06/15,0.674,1.412,0.625,0.624,0.867,1.157
2020/06/12,0.669,1.377,0.600,0.600,0.842,1.122
2020/06/11,0.659,1.367,0.590,0.588,0.837,1.112
2020/06/10,0.659,1.372,0.592,0.589,0.837,1.117
2020/06/09,0.662,1.375,0.565,0.580,0.850,1.120
2020/06/08,0.667,1.440,0.575,0.585,0.897,1.185
2020/06/05,0.677,1.455,0.575,0.586,0.897,1.200
2020/06/04,0.682,1.430,0.590,0.593,0.885,1.175
2020/06/03,0.694,1.407,0.580,0.583,0.865,1.152
2020/06/02,0.679,1.355,0.565,0.566,0.830,1.100
2020/06/01,0.679,1.380,0.565,0.566,0.835,1.125
2020/05/29,0.699,1.345,0.575,0.572,0.810,1.090
2020/05/28,0.714,1.340,0.605,0.602,0.817,1.085
2020/05/27,0.809,1.337,0.665,0.666,0.850,1.082
2020/05/26,0.824,1.337,0.670,0.671,0.842,1.082
2020/05/25,0.839,1.305,0.680,0.681,0.812,1.050
2020/05/22,0.849,1.325,0.690,0.691,0.832,1.070
2020/05/21,0.859,1.352,0.697,0.695,0.860,1.097
2020/05/20,0.869,1.370,0.697,0.695,0.867,1.115
2020/05/19,0.879,1.382,0.700,0.700,0.875,1.127
2020/05/18,0.889,1.385,0.702,0.700,0.885,1.130
2020/05/15,0.909,1.367,0.707,0.705,0.870,1.112
2020/05/14,0.924,1.370,0.707,0.708,0.867,1.115
2020/05/13,0.929,1.370,0.712,0.716,0.860,1.115
2020/05/12,0.949,1.395,0.717,0.719,0.885,1.140
2020/05/11,0.961,1.447,0.737,0.736,0.930,1.192
2020/05/08,0.971,1.417,0.737,0.736,0.910,1.162
2020/05/07,0.986,1.467,0.737,0.741,0.935,1.205
2020/05/06,0.996,1.492,0.752,0.757,0.957,1.230
2020/05/04,1.006,1.474,0.760,0.766,0.972,1.212
2020/04/29,1.013,1.509,0.765,0.771,1.010,1.247
2020/04/28,1.008,1.547,0.765,0.771,1.030,1.285
2020/04/27,0.998,1.554,0.755,0.766,1.025,1.292
2020/04/24,0.993,1.517,0.745,0.758,1.007,1.255
2020/04/23,0.998,1.554,0.765,0.781,1.027,1.292
2020/04/22,0.998,1.537,0.760,0.781,1.042,1.275
2020/04/21,1.003,1.494,0.755,0.774,1.035,1.232
2020/04/20,1.008,1.479,0.755,0.774,1.015,1.217
2020/04/17,1.013,1.482,0.770,0.785,1.010,1.220
2020/04/16,1.013,1.454,0.770,0.783,0.990,1.192
2020/04/14,1.015,1.482,0.770,0.781,1.000,1.220
2020/04/13,1.015,1.487,0.770,0.781,0.997,1.225
2020/04/10,1.015,1.454,0.770,0.778,0.970,1.192
2020/04/09,1.022,1.464,0.780,0.785,0.992,1.202
2020/04/08,1.035,1.517,0.800,0.804,1.015,1.255
2020/04/07,1.065,1.579,0.815,0.821,1.047,1.317
2020/04/06,1.100,1.574,0.830,0.834,1.060,1.312
2020/04/03,1.130,1.589,0.865,0.869,1.065,1.327
2020/04/02,1.160,1.562,0.895,0.901,1.060,1.300
2020/04/01,1.190,1.594,0.945,0.949,1.090,1.332
2020/03/31,1.195,1.559,0.935,0.940,1.070,1.297
2020/03/30,1.200,1.589,0.940,0.949,1.105,1.327
2020/03/27,1.205,1.532,0.930,0.941,1.067,1.270
2020/03/26,1.215,1.542,0.920,0.927,1.072,1.280
2020/03/25,1.195,1.637,0.920,0.927,1.102,1.385
2020/03/24,1.165,1.692,0.910,0.918,1.135,1.450
2020/03/23,1.140,1.689,0.910,0.920,1.165,1.467
2020/03/20,1.130,1.627,0.885,0.892,1.125,1.405
2020/03/19,1.110,1.672,0.900,0.911,1.200,1.455
2020/03/18,1.045,1.479,0.865,0.865,1.055,1.262
2020/03/17,1.050,1.404,0.885,0.881,1.015,1.187
2020/03/16,1.130,1.447,0.975,0.976,1.060,1.230
2020/03/13,1.180,1.542,1.030,1.027,1.150,1.325
2020/03/12,1.158,1.382,1.000,0.996,1.050,1.165
2020/03/11,1.153,1.397,1.000,1.002,1.075,1.180
2020/03/10,1.151,1.399,1.000,1.002,1.085,1.182
2020/03/09,1.146,1.322,0.995,0.998,1.022,1.110
2020/03/06,1.161,1.387,1.025,1.028,1.072,1.180
2020/03/05,1.166,1.362,1.025,1.031,1.050,1.155
2020/03/04,1.161,1.327,1.030,1.036,1.037,1.120
2020/03/03,1.208,1.407,1.080,1.093,1.117,1.210
2020/03/02,1.210,1.407,1.095,1.106,1.125,1.210
2020/02/28,1.207,1.367,1.095,1.106,1.100,1.170
2020/02/27,1.237,1.487,1.145,1.151,1.192,1.295
2020/02/26,1.207,1.429,1.115,1.113,1.135,1.237
2020/02/25,1.217,1.464,1.130,1.130,1.180,1.272
2020/02/24,1.225,1.429,1.135,1.131,1.145,1.237
2020/02/21,1.265,1.462,1.155,1.156,1.187,1.270
2020/02/20,1.295,1.532,1.195,1.195,1.245,1.340
2020/02/19,1.318,1.567,1.212,1.214,1.282,1.375
2020/02/18,1.318,1.569,1.220,1.218,1.270,1.377
2020/02/17,1.330,1.617,1.230,1.231,1.310,1.425
2020/02/14,1.335,1.649,1.230,1.231,1.330,1.457
2020/02/13,1.320,1.589,1.215,1.218,1.272,1.397
2020/02/12,1.333,1.612,1.230,1.228,1.292,1.420
2020/02/11,1.333,1.597,1.230,1.228,1.292,1.405
2020/02/10,1.338,1.602,1.240,1.232,1.295,1.410
2020/02/07,1.348,1.592,1.240,1.232,1.277,1.400
2020/02/06,1.363,1.607,1.250,1.244,1.302,1.415
2020/02/05,1.368,1.607,1.255,1.250,1.312,1.415
2020/02/04,1.373,1.634,1.265,1.261,1.332,1.442
2020/02/03,1.383,1.569,1.260,1.258,1.290,1.377
2020/01/31,1.396,1.587,1.267,1.267,1.312,1.395
2020/01/30,1.406,1.582,1.272,1.271,1.302,1.390
2020/01/29,1.416,1.614,1.290,1.288,1.322,1.422
2020/01/28,1.416,1.647,1.305,1.300,1.347,1.455
2020/01/23,1.431,1.732,1.315,1.315,1.425,1.540
2020/01/22,1.433,1.744,1.315,1.316,1.435,1.552
2020/01/21,1.433,1.711,1.315,1.315,1.400,1.517
2020/01/20,1.433,1.771,1.330,1.330,1.452,1.577
2020/01/17,1.438,1.739,1.330,1.330,1.422,1.545
2020/01/16,1.438,1.729,1.330,1.330,1.425,1.535
2020/01/15,1.433,1.699,1.320,1.316,1.392,1.505
2020/01/14,1.430,1.706,1.315,1.311,1.390,1.512
2020/01/13,1.430,1.736,1.320,1.313,1.407,1.542
2020/01/10,1.432,1.749,1.320,1.313,1.417,1.555
2020/01/09,1.432,1.724,1.320,1.313,1.415,1.525
2020/01/08,1.437,1.664,1.310,1.304,1.367,1.465
2020/01/07,1.442,1.639,1.305,1.299,1.335,1.440
2020/01/06,1.447,1.559,1.295,1.293,1.280,1.360
2020/01/03,1.472,1.561,1.295,1.295,1.272,1.362
2020/01/02,1.497,1.629,1.325,1.325,1.322,1.430
2019/12/31,1.517,1.669,1.340,1.339,1.355,1.470
2019/12/30,1.517,1.669,1.340,1.339,1.355,1.470
2019/12/27,1.522,1.684,1.340,1.341,1.365,1.485
2019/12/26,1.527,1.669,1.340,1.341,1.365,1.470
2019/12/24,1.527,1.659,1.340,1.337,1.370,1.460
2019/12/23,1.522,1.659,1.340,1.337,1.377,1.460
2019/12/20,1.520,1.674,1.342,1.341,1.385,1.475
2019/12/19,1.520,1.666,1.342,1.342,1.380,1.467
2019/12/18,1.520,1.644,1.340,1.339,1.360,1.447
2019/12/17,1.515,1.647,1.345,1.340,1.357,1.450
2019/12/16,1.515,1.652,1.345,1.340,1.367,1.455
2019/12/13,1.520,1.694,1.352,1.349,1.400,1.497
2019/12/12,1.520,1.669,1.345,1.342,1.380,1.472
2019/12/11,1.520,1.672,1.345,1.342,1.382,1.475
2019/12/10,1.520,1.679,1.347,1.345,1.390,1.482
2019/12/09,1.515,1.674,1.352,1.353,1.405,1.480
2019/12/06,1.523,1.709,1.362,1.364,1.430,1.515
2019/12/05,1.523,1.684,1.360,1.364,1.420,1.490
2019/12/04,1.523,1.669,1.360,1.363,1.402,1.475
2019/12/03,1.535,1.744,1.365,1.370,1.455,1.550
2019/12/02,1.540,1.724,1.370,1.372,1.430,1.530
2019/11/29,1.540,1.677,1.365,1.369,1.387,1.480
2019/11/28,1.555,1.717,1.380,1.383,1.425,1.520
2019/11/27,1.545,1.722,1.390,1.388,1.450,1.525
2019/11/26,1.540,1.754,1.392,1.391,1.467,1.557
2019/11/25,1.535,1.772,1.395,1.395,1.472,1.575
2019/11/22,1.535,1.747,1.400,1.396,1.455,1.550
2019/11/21,1.535,1.737,1.400,1.400,1.467,1.540
2019/11/20,1.527,1.714,1.400,1.396,1.442,1.517
2019/11/19,1.519,1.749,1.415,1.412,1.480,1.552
2019/11/18,1.509,1.792,1.425,1.421,1.517,1.595
2019/11/15,1.504,1.807,1.415,1.411,1.515,1.610
2019/11/14,1.499,1.807,1.405,1.404,1.512,1.610
2019/11/13,1.489,1.809,1.395,1.395,1.502,1.612
2019/11/12,1.484,1.869,1.405,1.403,1.555,1.672
2019/11/11,1.474,1.827,1.385,1.383,1.505,1.630
2019/11/08,1.469,1.837,1.385,1.379,1.515,1.640
2019/11/07,1.464,1.872,1.385,1.379,1.550,1.675
2019/11/06,1.464,1.854,1.375,1.372,1.520,1.657
2019/11/05,1.459,1.854,1.375,1.373,1.520,1.657
2019/11/04,1.464,1.882,1.380,1.379,1.557,1.685
2019/11/01,1.464,1.802,1.372,1.369,1.477,1.605
2019/10/31,1.469,1.784,1.375,1.371,1.462,1.587
2019/10/30,1.469,1.784,1.375,1.373,1.467,1.587
2019/10/29,1.474,1.807,1.375,1.371,1.487,1.610
2019/10/28,1.469,1.834,1.382,1.376,1.530,1.637
2019/10/25,1.454,1.744,1.337,1.339,1.445,1.547
2019/10/24,1.449,1.694,1.322,1.324,1.397,1.497
2019/10/23,1.436,1.684,1.302,1.305,1.380,1.487
2019/10/22,1.429,1.679,1.300,1.301,1.370,1.482
2019/10/21,1.436,1.717,1.305,1.307,1.412,1.520
2019/10/18,1.431,1.659,1.285,1.287,1.375,1.462
2019/10/17,1.434,1.652,1.280,1.282,1.380,1.455
2019/10/16,1.429,1.594,1.260,1.266,1.320,1.397
2019/10/15,1.434,1.574,1.260,1.263,1.285,1.372
2019/10/14,1.439,1.559,1.260,1.263,1.280,1.357
2019/10/11,1.446,1.549,1.260,1.262,1.275,1.347
2019/10/10,1.449,1.542,1.255,1.261,1.275,1.340
2019/10/08,1.451,1.507,1.245,1.256,1.260,1.305
2019/10/07,1.461,1.484,1.245,1.245,1.237,1.282
2019/10/04,1.466,1.449,1.245,1.242,1.207,1.247
2019/10/02,1.501,1.557,1.280,1.281,1.297,1.365
2019/10/01,1.506,1.567,1.300,1.298,1.317,1.375
2019/09/30,1.511,1.547,1.300,1.298,1.297,1.355
2019/09/27,1.516,1.554,1.310,1.307,1.302,1.362
2019/09/26,1.511,1.557,1.315,1.311,1.300,1.365
2019/09/25,1.511,1.554,1.310,1.306,1.300,1.362
2019/09/24,1.491,1.579,1.305,1.298,1.322,1.387
2019/09/23,1.481,1.597,1.295,1.288,1.335,1.405
2019/09/20,1.476,1.587,1.285,1.278,1.325,1.395
2019/09/19,1.469,1.587,1.275,1.270,1.330,1.395
2019/09/18,1.459,1.574,1.275,1.266,1.307,1.380
2019/09/17,1.459,1.596,1.275,1.266,1.315,1.402
2019/09/16,1.464,1.634,1.265,1.262,1.345,1.440
2019/09/11,1.444,1.526,1.225,1.226,1.265,1.322
2019/09/10,1.434,1.484,1.225,1.218,1.235,1.280
2019/09/09,1.429,1.484,1.210,1.210,1.235,1.302
2019/09/06,1.429,1.509,1.190,1.198,1.270,1.330
2019/09/05,1.409,1.499,1.180,1.186,1.252,1.320
2019/09/04,1.389,1.469,1.160,1.170,1.227,1.290
2019/09/03,1.374,1.456,1.150,1.160,1.215,1.277
2019/09/02,1.369,1.476,1.145,1.155,1.230,1.297
2019/08/30,1.354,1.431,1.140,1.145,1.195,1.252
2019/08/29,1.344,1.389,1.132,1.135,1.160,1.210
2019/08/28,1.339,1.389,1.125,1.128,1.175,1.210
2019/08/27,1.339,1.389,1.120,1.121,1.177,1.210
2019/08/26,1.329,1.324,1.090,1.095,1.120,1.145
2019/08/23,1.329,1.384,1.100,1.105,1.155,1.205
2019/08/22,1.324,1.359,1.095,1.103,1.125,1.180
2019/08/21,1.329,1.399,1.105,1.113,1.167,1.220
2019/08/20,1.329,1.324,1.102,1.114,1.100,1.145
2019/08/19,1.339,1.309,1.105,1.118,1.090,1.130
2019/08/16,1.347,1.301,1.115,1.127,1.092,1.122
2019/08/14,1.352,1.351,1.155,1.160,1.142,1.177
2019/08/13,1.354,1.344,1.160,1.163,1.142,1.170
2019/08/12,1.354,1.394,1.175,1.178,1.182,1.220
2019/08/09,1.357,1.389,1.180,1.184,1.175,1.215
2019/08/08,1.362,1.381,1.180,1.186,1.167,1.207
2019/08/07,1.362,1.351,1.185,1.193,1.147,1.177
2019/08/06,1.372,1.361,1.200,1.204,1.165,1.187
2019/08/05,1.377,1.359,1.200,1.204,1.170,1.185
2019/08/02,1.412,1.446,1.240,1.245,1.245,1.277
2019/08/01,1.447,1.514,1.275,1.284,1.307,1.345
2019/07/31,1.449,1.489,1.275,1.284,1.287,1.320
2019/07/30,1.454,1.509,1.285,1.294,1.305,1.340
2019/07/29,1.457,1.511,1.297,1.301,1.307,1.342
2019/07/26,1.464,1.511,1.305,1.310,1.302,1.342
2019/07/25,1.469,1.499,1.312,1.312,1.287,1.330
2019/07/24,1.484,1.534,1.330,1.329,1.315,1.365
2019/07/23,1.499,1.551,1.345,1.344,1.337,1.382
2019/07/22,1.514,1.541,1.350,1.350,1.332,1.372
2019/07/19,1.524,1.541,1.355,1.353,1.327,1.372
2019/07/18,1.544,1.554,1.375,1.375,1.350,1.385
2019/07/17,1.574,1.619,1.420,1.417,1.392,1.450
2019/07/16,1.589,1.646,1.450,1.448,1.427,1.477
2019/07/15,1.597,1.656,1.455,1.454,1.432,1.485
2019/07/12,1.602,1.646,1.455,1.454,1.420,1.470
2019/07/11,1.609,1.636,1.460,1.458,1.417,1.460
2019/07/10,1.621,1.651,1.480,1.478,1.437,1.475
2019/07/09,1.624,1.631,1.480,1.478,1.422,1.455
2019/07/08,1.629,1.623,1.480,1.478,1.417,1.447
2019/07/05,1.629,1.626,1.480,1.480,1.422,1.450
2019/07/04,1.632,1.616,1.480,1.482,1.412,1.440
2019/07/03,1.642,1.628,1.490,1.490,1.427,1.452
2019/07/02,1.657,1.676,1.505,1.505,1.462,1.500
2019/07/01,1.667,1.703,1.505,1.510,1.482,1.527
2019/06/28,1.670,1.681,1.505,1.507,1.465,1.505
2019/06/27,1.670,1.708,1.505,1.507,1.490,1.532
2019/06/26,1.665,1.693,1.492,1.496,1.485,1.517
2019/06/25,1.663,1.688,1.472,1.480,1.482,1.512
2019/06/24,1.653,1.651,1.462,1.467,1.445,1.475
2019/06/21,1.648,1.651,1.465,1.470,1.445,1.475
2019/06/20,1.633,1.628,1.465,1.470,1.422,1.452
2019/06/19,1.640,1.673,1.495,1.497,1.477,1.502
2019/06/18,1.640,1.698,1.490,1.493,1.500,1.527
2019/06/17,1.638,1.696,1.482,1.488,1.490,1.525
2019/06/14,1.638,1.666,1.472,1.479,1.467,1.495
2019/06/13,1.648,1.703,1.472,1.483,1.490,1.532
2019/06/12,1.653,1.683,1.472,1.482,1.472,1.512
2019/06/11,1.693,1.751,1.505,1.510,1.532,1.580
2019/06/10,1.693,1.748,1.525,1.525,1.530,1.577
2019/06/07,1.703,1.736,1.555,1.550,1.530,1.565
2019/06/05,1.703,1.736,1.555,1.556,1.540,1.565
2019/06/04,1.713,1.766,1.577,1.580,1.570,1.595
2019/06/03,1.723,1.763,1.587,1.590,1.570,1.592
2019/05/31,1.728,1.766,1.590,1.591,1.570,1.590
2019/05/30,1.758,1.826,1.632,1.635,1.630,1.650
2019/05/29,1.758,1.811,1.632,1.635,1.615,1.635
2019/05/28,1.766,1.851,1.640,1.643,1.647,1.675
2019/05/27,1.766,1.858,1.642,1.645,1.647,1.682
2019/05/24,1.771,1.856,1.647,1.650,1.642,1.680
2019/05/23,1.771,1.856,1.650,1.652,1.642,1.680
2019/05/22,1.776,1.883,1.665,1.668,1.660,1.707
2019/05/21,1.776,1.886,1.667,1.671,1.662,1.710
2019/05/20,1.776,1.901,1.677,1.680,1.677,1.725
2019/05/17,1.776,1.881,1.677,1.680,1.667,1.705
2019/05/16,1.778,1.886,1.677,1.681,1.670,1.710
2019/05/15,1.788,1.926,1.682,1.691,1.705,1.750
2019/05/14,1.788,1.933,1.692,1.697,1.707,1.757
2019/05/13,1.795,1.943,1.702,1.707,1.720,1.767
2019/05/10,1.795,1.941,1.705,1.711,1.720,1.765
2019/05/09,1.800,1.918,1.712,1.715,1.705,1.742
2019/05/08,1.805,1.936,1.722,1.724,1.717,1.760
2019/05/07,1.805,1.938,1.732,1.733,1.720,1.762
2019/05/03,1.810,1.953,1.737,1.738,1.735,1.777
2019/05/02,1.810,1.943,1.737,1.739,1.732,1.767
2019/04/30,1.810,1.903,1.730,1.735,1.695,1.727
2019/04/29,1.820,1.921,1.745,1.741,1.715,1.745
2019/04/26,1.825,1.928,1.745,1.744,1.720,1.752
2019/04/25,1.828,1.936,1.745,1.745,1.725,1.760
2019/04/24,1.833,1.971,1.750,1.750,1.747,1.795
2019/04/23,1.833,1.983,1.752,1.754,1.765,1.807
2019/04/22,1.833,1.993,1.752,1.754,1.772,1.817
2019/04/19,1.833,1.976,1.752,1.752,1.760,1.800
2019/04/18,1.831,1.953,1.750,1.751,1.742,1.777
2019/04/17,1.834,1.996,1.755,1.758,1.770,1.820
2019/04/16,1.831,1.983,1.755,1.758,1.762,1.807
2019/04/15,1.831,1.978,1.757,1.759,1.760,1.802
2019/04/12,1.831,1.946,1.757,1.752,1.730,1.770
2019/04/11,1.831,1.941,1.755,1.752,1.732,1.762
2019/04/10,1.831,1.941,1.755,1.752,1.730,1.762
2019/04/09,1.831,1.934,1.752,1.750,1.722,1.755
2019/04/08,1.829,1.941,1.752,1.750,1.730,1.762
2019/04/05,1.834,1.954,1.747,1.746,1.735,1.775
2019/04/04,1.829,1.934,1.745,1.743,1.717,1.755
2019/04/03,1.831,1.929,1.747,1.745,1.717,1.750
2019/04/02,1.841,1.904,1.740,1.741,1.700,1.725
2019/04/01,1.843,1.929,1.750,1.751,1.727,1.750
2019/03/29,1.840,1.884,1.750,1.750,1.690,1.705
2019/03/28,1.843,1.876,1.750,1.750,1.675,1.697
2019/03/27,1.858,1.916,1.770,1.770,1.715,1.737
2019/03/26,1.878,1.964,1.780,1.780,1.760,1.790
2019/03/25,1.888,1.964,1.790,1.789,1.772,1.790
2019/03/22,1.893,1.996,1.790,1.791,1.797,1.822
2019/03/21,1.888,2.001,1.790,1.789,1.792,1.827
2019/03/20,1.888,2.044,1.790,1.789,1.815,1.870
2019/03/19,1.886,2.036,1.785,1.781,1.807,1.862
2019/03/18,1.886,2.046,1.780,1.779,1.810,1.872
2019/03/15,1.884,2.039,1.780,1.779,1.800,1.865
2019/03/14,1.884,2.026,1.780,1.778,1.790,1.852
2019/03/13,1.884,2.026,1.775,1.776,1.795,1.852
2019/03/12,1.879,2.039,1.775,1.776,1.805,1.865
2019/03/11,1.879,2.041,1.775,1.777,1.815,1.867
2019/03/08,1.879,2.034,1.775,1.773,1.807,1.867
2019/03/07,1.884,2.054,1.780,1.775,1.820,1.887
2019/03/06,1.887,2.064,1.780,1.775,1.825,1.897
2019/03/05,1.887,2.077,1.782,1.775,1.835,1.910
2019/03/04,1.887,2.074,1.787,1.776,1.832,1.907
2019/02/28,1.887,2.047,1.782,1.770,1.812,1.880
2019/02/27,1.887,2.034,1.780,1.768,1.805,1.867
2019/02/26,1.889,2.044,1.780,1.768,1.810,1.877
2019/02/25,1.891,2.059,1.790,1.771,1.820,1.892
2019/02/22,1.886,2.047,1.785,1.770,1.810,1.880
2019/02/21,1.886,2.047,1.785,1.770,1.810,1.880
2019/02/20,1.883,2.037,1.780,1.765,1.802,1.870
2019/02/19,1.883,2.052,1.775,1.761,1.797,1.865
2019/02/18,1.883,2.057,1.770,1.759,1.802,1.870
2019/02/15,1.878,2.029,1.760,1.757,1.780,1.842
2019/02/14,1.878,2.042,1.760,1.757,1.787,1.855
2019/02/13,1.878,2.054,1.760,1.759,1.800,1.867
2019/02/12,1.878,2.042,1.752,1.757,1.792,1.855
2019/02/11,1.876,2.022,1.757,1.761,1.780,1.835
2019/02/08,1.871,2.039,1.760,1.761,1.782,1.852
2019/02/07,1.876,2.059,1.770,1.771,1.800,1.872
2019/02/01,1.881,2.064,1.770,1.772,1.802,1.877
2019/01/31,1.886,2.072,1.772,1.772,1.810,1.885
2019/01/30,1.889,2.097,1.775,1.773,1.830,1.910
2019/01/29,1.889,2.087,1.775,1.773,1.820,1.900
2019/01/28,1.884,2.077,1.770,1.768,1.817,1.890
2019/01/25,1.877,2.067,1.765,1.763,1.810,1.880
2019/01/24,1.877,2.064,1.762,1.762,1.812,1.877
2019/01/23,1.872,2.054,1.762,1.762,1.800,1.867
2019/01/22,1.872,2.057,1.767,1.765,1.797,1.870
2019/01/21,1.872,2.084,1.770,1.766,1.820,1.897
2019/01/18,1.867,2.082,1.762,1.762,1.815,1.895
2019/01/17,1.862,2.062,1.755,1.756,1.800,1.875
2019/01/16,1.862,2.054,1.750,1.752,1.797,1.867
2019/01/15,1.862,2.042,1.745,1.747,1.792,1.855
2019/01/14,1.862,2.042,1.740,1.742,1.797,1.855
2019/01/11,1.867,2.062,1.740,1.741,1.802,1.875
2019/01/10,1.869,2.047,1.740,1.738,1.792,1.855
2019/01/09,1.874,2.082,1.740,1.738,1.805,1.890
2019/01/08,1.884,2.087,1.740,1.741,1.810,1.895
2019/01/07,1.889,2.077,1.740,1.741,1.807,1.880
2019/01/04,1.904,2.062,1.750,1.743,1.795,1.865
2019/01/03,1.914,2.074,1.750,1.750,1.802,1.877
2019/01/02,1.934,2.072,1.750,1.750,1.797,1.875
2018/12/31,1.954,2.089,1.750,1.755,1.825,1.892
2018/12/28,1.954,2.089,1.750,1.755,1.825,1.892
2018/12/27,1.951,2.074,1.750,1.755,1.810,1.877
2018/12/26,1.946,2.062,1.750,1.753,1.807,1.865
2018/12/24,1.946,2.099,1.750,1.751,1.845,1.902
2018/12/21,1.941,2.099,1.750,1.742,1.842,1.902
2018/12/20,1.941,2.049,1.750,1.742,1.800,1.847
2018/12/19,1.941,2.027,1.750,1.742,1.785,1.825
2018/12/18,1.946,2.051,1.750,1.743,1.785,1.852
2018/12/17,1.956,2.084,1.750,1.747,1.795,1.885
2018/12/14,1.958,2.084,1.760,1.756,1.777,1.885
2018/12/13,1.961,2.114,1.760,1.755,1.792,1.915
2018/12/12,1.961,2.104,1.755,1.746,1.797,1.905
2018/12/11,1.961,2.079,1.760,1.747,1.792,1.880
2018/12/10,1.961,2.074,1.775,1.753,1.802,1.875
2018/12/07,1.961,2.086,1.795,1.766,1.830,1.887
2018/12/06,1.966,2.089,1.805,1.806,1.837,1.880
2018/12/05,1.971,2.134,1.810,1.814,1.890,1.925
2018/12/04,1.971,2.184,1.810,1.814,1.912,1.975
2018/12/03,1.974,2.201,1.810,1.814,1.917,1.992
2018/11/30,1.979,2.184,1.797,1.806,1.895,1.975
2018/11/29,1.984,2.184,1.790,1.801,1.887,1.975
2018/11/28,1.989,2.211,1.792,1.805,1.915,2.002
2018/11/27,1.989,2.201,1.795,1.802,1.907,1.992
2018/11/26,1.982,2.219,1.815,1.816,1.915,2.010
2018/11/23,1.982,2.226,1.837,1.832,1.912,2.007
2018/11/22,1.972,2.259,1.832,1.829,1.935,2.040
2018/11/21,1.967,2.269,1.827,1.821,1.947,2.050
2018/11/20,1.962,2.266,1.812,1.806,1.940,2.047
2018/11/19,1.957,2.261,1.805,1.794,1.940,2.042
2018/11/16,1.957,2.279,1.797,1.791,1.945,2.060
2018/11/15,1.957,2.289,1.790,1.786,1.940,2.070
2018/11/14,1.952,2.261,1.780,1.778,1.922,2.042
2018/11/13,1.947,2.269,1.780,1.779,1.935,2.050
2018/11/12,1.947,2.264,1.780,1.778,1.947,2.045
2018/11/09,1.950,2.279,1.780,1.780,1.952,2.060
2018/11/08,1.950,2.301,1.780,1.783,1.962,2.082
2018/11/07,1.950,2.299,1.780,1.784,1.960,2.080
2018/11/06,1.955,2.334,1.790,1.799,1.980,2.115
2018/11/05,1.960,2.321,1.800,1.805,1.977,2.102
2018/11/02,1.970,2.334,1.807,1.813,1.980,2.115
2018/11/01,1.970,2.299,1.805,1.801,1.940,2.080
2018/10/31,1.975,2.294,1.805,1.803,1.942,2.075
2018/10/30,1.970,2.264,1.805,1.803,1.932,2.045
2018/10/29,1.960,2.196,1.795,1.787,1.882,1.977
2018/10/26,1.975,2.279,1.845,1.839,1.970,2.080
2018/10/25,1.970,2.299,1.845,1.839,1.987,2.102
2018/10/24,1.960,2.332,1.835,1.829,2.000,2.135
2018/10/23,1.955,2.334,1.835,1.829,1.992,2.137
2018/10/22,1.950,2.367,1.840,1.838,2.007,2.170
2018/10/19,1.945,2.332,1.840,1.838,1.982,2.135
2018/10/18,1.940,2.324,1.852,1.848,1.977,2.127
2018/10/17,1.950,2.364,1.872,1.869,2.012,2.167
2018/10/16,1.940,2.407,1.867,1.866,2.040,2.210
2018/10/15,1.935,2.422,1.855,1.855,2.050,2.225
2018/10/12,1.932,2.427,1.850,1.847,2.050,2.230
2018/10/11,1.922,2.402,1.840,1.835,2.020,2.200
2018/10/10,1.922,2.442,1.857,1.850,2.055,2.240
2018/10/08,1.922,2.484,1.867,1.866,2.085,2.282
2018/10/05,1.922,2.469,1.862,1.864,2.080,2.265
2018/10/04,1.922,2.449,1.862,1.864,2.065,2.245
2018/10/02,1.902,2.399,1.845,1.846,2.015,2.190
2018/10/01,1.907,2.404,1.845,1.847,2.015,2.195
2018/09/28,1.907,2.384,1.845,1.843,2.002,2.175
2018/09/27,1.897,2.401,1.845,1.843,2.002,2.192
2018/09/21,1.877,2.424,1.835,1.836,2.015,2.215
2018/09/20,1.872,2.449,1.832,1.834,2.037,2.240
2018/09/19,1.852,2.399,1.817,1.815,1.997,2.185
2018/09/18,1.847,2.361,1.807,1.802,1.972,2.147
2018/09/17,1.842,2.354,1.802,1.801,1.970,2.140
2018/09/14,1.832,2.336,1.772,1.773,1.957,2.122
2018/09/13,1.807,2.296,1.745,1.748,1.920,2.082
2018/09/12,1.797,2.274,1.715,1.720,1.890,2.060
2018/09/11,1.802,2.304,1.735,1.739,1.922,2.090
2018/09/10,1.802,2.289,1.725,1.729,1.912,2.075
2018/09/07,1.795,2.294,1.717,1.721,1.912,2.075
2018/09/06,1.785,2.304,1.707,1.717,1.917,2.085
2018/09/05,1.785,2.296,1.702,1.710,1.900,2.077
2018/09/04,1.780,2.323,1.702,1.711,1.920,2.107
2018/09/03,1.785,2.321,1.705,1.721,1.925,2.105
2018/08/31,1.795,2.323,1.705,1.722,1.910,2.102
2018/08/30,1.815,2.388,1.755,1.763,1.990,2.177
2018/08/29,1.805,2.378,1.735,1.739,1.960,2.167
2018/08/28,1.800,2.386,1.735,1.739,1.965,2.175
2018/08/27,1.795,2.383,1.735,1.743,1.960,2.172
2018/08/24,1.798,2.383,1.735,1.743,1.957,2.172
2018/08/23,1.798,2.386,1.735,1.751,1.965,2.175
2018/08/22,1.798,2.391,1.735,1.754,1.965,2.175
2018/08/21,1.798,2.358,1.735,1.754,1.930,2.142
2018/08/20,1.798,2.391,1.765,1.777,1.982,2.180
2018/08/17,1.798,2.411,1.775,1.784,1.990,2.200
2018/08/16,1.800,2.463,1.775,1.785,2.045,2.262
2018/08/14,1.800,2.486,1.775,1.786,2.060,2.285
2018/08/13,1.797,2.478,1.772,1.785,2.052,2.277
2018/08/10,1.792,2.466,1.772,1.785,2.040,2.265
2018/08/09,1.792,2.488,1.772,1.785,2.055,2.287
2018/08/08,1.797,2.518,1.777,1.787,2.067,2.317
2018/08/07,1.804,2.529,1.790,1.796,2.082,2.325
2018/08/06,1.807,2.539,1.805,1.807,2.092,2.335
2018/08/03,1.809,2.559,1.815,1.816,2.102,2.355
2018/08/02,1.811,2.564,1.822,1.819,2.110,2.360
2018/08/01,1.815,2.574,1.825,1.821,2.117,2.370
2018/07/31,1.818,2.566,1.830,1.825,2.125,2.362
2018/07/30,1.818,2.571,1.832,1.826,2.127,2.367
2018/07/27,1.815,2.569,1.817,1.809,2.110,2.355
2018/07/26,1.805,2.534,1.802,1.797,2.067,2.320
2018/07/25,1.811,2.536,1.812,1.807,2.077,2.322
2018/07/24,1.811,2.554,1.817,1.808,2.085,2.340
2018/07/23,1.811,2.534,1.817,1.808,2.077,2.320
2018/07/20,1.811,2.524,1.817,1.809,2.077,2.310
2018/07/19,1.816,2.544,1.832,1.821,2.090,2.330
2018/07/18,1.816,2.531,1.837,1.824,2.085,2.317
2018/07/17,1.821,2.546,1.842,1.833,2.090,2.332
2018/07/16,1.821,2.539,1.852,1.843,2.087,2.325
2018/07/13,1.821,2.554,1.860,1.851,2.102,2.340
2018/07/12,1.821,2.544,1.855,1.849,2.090,2.330
2018/07/11,1.801,2.506,1.807,1.802,2.047,2.292
2018/07/10,1.811,2.554,1.820,1.817,2.090,2.340
2018/07/09,1.811,2.569,1.827,1.823,2.105,2.355
2018/07/06,1.813,2.559,1.827,1.824,2.097,2.345
2018/07/05,1.810,2.546,1.827,1.822,2.090,2.332
2018/07/04,1.810,2.561,1.837,1.834,2.110,2.347
2018/07/03,1.816,2.594,1.842,1.843,2.137,2.380
2018/07/02,1.816,2.554,1.842,1.844,2.122,2.340
2018/06/29,1.811,2.564,1.842,1.846,2.122,2.350
2018/06/28,1.811,2.564,1.842,1.845,2.115,2.350
2018/06/27,1.811,2.579,1.842,1.845,2.120,2.365
2018/06/26,1.811,2.609,1.842,1.847,2.140,2.395
2018/06/25,1.806,2.604,1.837,1.843,2.137,2.390
2018/06/22,1.803,2.616,1.837,1.843,2.147,2.402
2018/06/21,1.798,2.604,1.837,1.843,2.142,2.390
2018/06/20,1.798,2.621,1.847,1.848,2.160,2.407
2018/06/19,1.793,2.621,1.847,1.847,2.155,2.407
2018/06/18,1.788,2.666,1.850,1.849,2.177,2.452
2018/06/15,1.793,2.686,1.852,1.849,2.192,2.472
2018/06/14,1.793,2.714,1.852,1.849,2.225,2.500
2018/06/12,1.783,2.704,1.842,1.839,2.215,2.490
2018/06/11,1.783,2.711,1.842,1.839,2.222,2.497
2018/06/08,1.783,2.686,1.842,1.839,2.180,2.472
2018/06/07,1.783,2.736,1.852,1.846,2.212,2.522
2018/06/05,1.783,2.714,1.850,1.842,2.202,2.500
2018/06/04,1.783,2.719,1.847,1.842,2.210,2.505
2018/06/01,1.783,2.696,1.847,1.842,2.187,2.482
2018/05/31,1.783,2.691,1.857,1.851,2.195,2.477
2018/05/30,1.783,2.699,1.860,1.852,2.192,2.485
2018/05/29,1.783,2.694,1.860,1.851,2.190,2.480
2018/05/28,1.783,2.709,1.867,1.857,2.202,2.495
2018/05/25,1.780,2.699,1.855,1.851,2.202,2.485
2018/05/24,1.783,2.694,1.855,1.850,2.190,2.480
2018/05/23,1.796,2.719,1.870,1.865,2.225,2.505
2018/05/21,1.798,2.741,1.865,1.859,2.250,2.527
2018/05/18,1.788,2.716,1.855,1.848,2.220,2.502
2018/05/17,1.788,2.766,1.875,1.876,2.265,2.552
2018/05/16,1.785,2.771,1.890,1.890,2.277,2.557
2018/05/15,1.785,2.806,1.902,1.908,2.310,2.592
2018/05/14,1.785,2.796,1.902,1.908,2.305,2.582
2018/05/11,1.785,2.774,1.897,1.899,2.282,2.560
2018/05/10,1.790,2.769,1.895,1.896,2.275,2.555
2018/05/09,1.785,2.789,1.895,1.897,2.300,2.575
2018/05/08,1.780,2.789,1.885,1.889,2.302,2.575
2018/05/04,1.770,2.769,1.857,1.862,2.280,2.555
2018/05/03,1.772,2.746,1.847,1.848,2.250,2.532
2018/05/02,1.772,2.731,1.842,1.846,2.237,2.517
2018/04/30,1.772,2.704,1.842,1.846,2.217,2.490
2018/04/27,1.772,2.681,1.852,1.851,2.200,2.467
2018/04/26,1.772,2.714,1.857,1.859,2.222,2.500
2018/04/25,1.772,2.739,1.862,1.867,2.247,2.525
2018/04/24,1.769,2.704,1.852,1.859,2.220,2.490
2018/04/23,1.774,2.709,1.860,1.863,2.230,2.495
2018/04/20,1.774,2.654,1.850,1.854,2.190,2.440
2018/04/19,1.774,2.639,1.842,1.849,2.185,2.425
2018/04/18,1.774,2.641,1.842,1.849,2.190,2.427
2018/04/17,1.774,2.634,1.837,1.845,2.177,2.420
2018/04/16,1.779,2.621,1.835,1.842,2.170,2.407
2018/04/13,1.779,2.601,1.832,1.841,2.155,2.387
2018/04/12,1.784,2.589,1.837,1.847,2.150,2.375
2018/04/11,1.784,2.599,1.842,1.852,2.157,2.385
2018/04/10,1.784,2.619,1.845,1.854,2.180,2.405
2018/04/09,1.784,2.614,1.842,1.853,2.170,2.402
2018/04/06,1.789,2.596,1.837,1.845,2.162,2.387
2018/04/05,1.794,2.616,1.842,1.851,2.170,2.407
2018/04/04,1.799,2.599,1.850,1.858,2.160,2.390
2018/04/03,1.804,2.633,1.870,1.878,2.195,2.427
2018/04/02,1.809,2.641,1.885,1.889,2.217,2.435
2018/03/30,1.804,2.631,1.885,1.889,2.217,2.425
2018/03/29,1.809,2.641,1.885,1.889,2.220,2.435
2018/03/28,1.809,2.643,1.885,1.889,2.222,2.437
2018/03/27,1.809,2.663,1.887,1.890,2.225,2.457
2018/03/26,1.806,2.673,1.892,1.892,2.245,2.467
2018/03/23,1.803,2.641,1.890,1.891,2.222,2.435
2018/03/22,1.805,2.681,1.900,1.899,2.245,2.475
2018/03/21,1.805,2.716,1.915,1.916,2.287,2.510
2018/03/20,1.811,2.718,1.915,1.916,2.285,2.512
2018/03/19,1.811,2.706,1.912,1.913,2.275,2.500
2018/03/16,1.798,2.701,1.907,1.909,2.270,2.495
2018/03/15,1.793,2.701,1.905,1.904,2.267,2.495
2018/03/14,1.788,2.711,1.905,1.904,2.267,2.505
2018/03/13,1.788,2.751,1.905,1.906,2.295,2.545
2018/03/12,1.788,2.766,1.895,1.901,2.300,2.560
2018/03/09,1.783,2.753,1.895,1.897,2.295,2.537
2018/03/08,1.778,2.731,1.885,1.891,2.285,2.515
2018/03/07,1.766,2.741,1.875,1.879,2.297,2.525
2018/03/06,1.761,2.763,1.865,1.864,2.305,2.547
2018/03/05,1.759,2.751,1.855,1.857,2.300,2.535
2018/03/02,1.739,2.768,1.845,1.844,2.305,2.552
2018/02/28,1.739,2.733,1.835,1.835,2.265,2.517
2018/02/27,1.734,2.731,1.835,1.835,2.260,2.515
2018/02/26,1.732,2.726,1.835,1.835,2.257,2.510
2018/02/23,1.735,2.751,1.835,1.838,2.280,2.535
2018/02/22,1.732,2.771,1.837,1.841,2.295,2.555
2018/02/21,1.737,2.781,1.837,1.843,2.310,2.565
2018/02/20,1.740,2.793,1.837,1.844,2.315,2.577
2018/02/19,1.740,2.783,1.837,1.843,2.302,2.567
2018/02/14,1.725,2.733,1.832,1.834,2.262,2.517
2018/02/13,1.725,2.756,1.832,1.834,2.272,2.540
2018/02/12,1.720,2.780,1.842,1.844,2.305,2.567
2018/02/09,1.720,2.748,1.835,1.837,2.287,2.535
2018/02/08,1.720,2.738,1.830,1.831,2.277,2.525
2018/02/07,1.720,2.693,1.820,1.821,2.242,2.480
2018/02/06,1.725,2.730,1.827,1.825,2.260,2.517
2018/02/05,1.725,2.775,1.832,1.828,2.290,2.562
2018/02/02,1.725,2.735,1.822,1.823,2.245,2.522
2018/02/01,1.727,2.758,1.835,1.831,2.255,2.545
2018/01/31,1.730,2.780,1.840,1.836,2.270,2.567
2018/01/30,1.730,2.815,1.847,1.843,2.307,2.602
2018/01/29,1.727,2.788,1.842,1.836,2.292,2.575
2018/01/26,1.710,2.708,1.797,1.798,2.222,2.495
2018/01/25,1.712,2.700,1.797,1.796,2.212,2.482
2018/01/24,1.702,2.680,1.797,1.796,2.197,2.462
2018/01/23,1.702,2.670,1.795,1.795,2.187,2.452
2018/01/22,1.705,2.683,1.802,1.805,2.205,2.465
2018/01/19,1.703,2.660,1.795,1.798,2.172,2.442
2018/01/18,1.705,2.653,1.800,1.803,2.167,2.425
2018/01/17,1.708,2.685,1.827,1.833,2.215,2.457
2018/01/16,1.710,2.690,1.825,1.830,2.225,2.462
2018/01/15,1.710,2.713,1.825,1.831,2.230,2.485
2018/01/12,1.710,2.655,1.802,1.809,2.167,2.427
2018/01/11,1.712,2.638,1.800,1.807,2.152,2.410
2018/01/10,1.722,2.675,1.805,1.810,2.175,2.447
2018/01/09,1.735,2.615,1.790,1.795,2.152,2.387
2018/01/08,1.745,2.583,1.790,1.794,2.130,2.355
2018/01/05,1.755,2.565,1.780,1.784,2.092,2.337
2018/01/04,1.765,2.588,1.790,1.795,2.140,2.360
2018/01/03,1.780,2.570,1.800,1.804,2.125,2.342
2018/01/02,1.805,2.570,1.815,1.819,2.115,2.335
2017/12/29,1.837,2.582,1.850,1.852,2.132,2.347
2017/12/28,1.837,2.582,1.850,1.852,2.132,2.347
2017/12/27,1.842,2.602,1.880,1.881,2.152,2.367
2017/12/26,1.837,2.570,1.880,1.879,2.130,2.335
2017/12/22,1.832,2.565,1.880,1.878,2.125,2.330
2017/12/21,1.807,2.535,1.857,1.855,2.087,2.300
2017/12/20,1.807,2.527,1.850,1.850,2.077,2.292
2017/12/19,1.800,2.522,1.860,1.861,2.092,2.287
2017/12/18,1.795,2.507,1.865,1.864,2.087,2.272
2017/12/15,1.785,2.487,1.850,1.849,2.070,2.252
2017/12/14,1.788,2.505,1.830,1.829,2.082,2.270
2017/12/13,1.783,2.502,1.820,1.819,2.075,2.267
2017/12/12,1.785,2.515,1.815,1.814,2.075,2.280
2017/12/11,1.785,2.535,1.827,1.828,2.085,2.300
2017/12/08,1.790,2.530,1.835,1.832,2.095,2.295
2017/12/07,1.790,2.530,1.837,1.832,2.095,2.287
2017/12/06,1.800,2.530,1.837,1.831,2.090,2.277
2017/12/05,1.805,2.553,1.840,1.834,2.115,2.300
2017/12/04,1.815,2.520,1.840,1.824,2.082,2.267
2017/12/01,1.815,2.523,1.842,1.827,2.077,2.270
2017/11/30,1.820,2.515,1.862,1.838,2.072,2.262
2017/11/29,1.833,2.553,1.862,1.847,2.105,2.300
2017/11/28,1.833,2.573,1.857,1.846,2.130,2.320
2017/11/27,1.838,2.590,1.857,1.847,2.145,2.337
2017/11/24,1.841,2.603,1.852,1.841,2.167,2.350
2017/11/23,1.831,2.580,1.837,1.827,2.140,2.327
2017/11/22,1.831,2.613,1.837,1.827,2.165,2.360
2017/11/21,1.826,2.615,1.827,1.819,2.160,2.362
2017/11/20,1.823,2.610,1.825,1.817,2.152,2.357
2017/11/17,1.823,2.633,1.830,1.824,2.172,2.380
2017/11/16,1.828,2.640,1.830,1.828,2.190,2.387
2017/11/15,1.818,2.628,1.810,1.804,2.170,2.375
2017/11/14,1.808,2.668,1.790,1.792,2.205,2.415
2017/11/13,1.803,2.633,1.790,1.784,2.177,2.380
2017/11/10,1.788,2.605,1.780,1.774,2.157,2.352
2017/11/09,1.778,2.598,1.765,1.763,2.147,2.345
2017/11/08,1.753,2.608,1.752,1.752,2.145,2.355
2017/11/07,1.740,2.608,1.747,1.749,2.130,2.355
2017/11/06,1.740,2.633,1.762,1.761,2.157,2.390
2017/11/03,1.740,2.623,1.762,1.767,2.145,2.380
2017/11/02,1.742,2.593,1.772,1.783,2.120,2.350
2017/11/01,1.742,2.608,1.782,1.796,2.135,2.365
2017/10/31,1.737,2.645,1.800,1.813,2.170,2.402
2017/10/30,1.707,2.633,1.790,1.798,2.140,2.390
2017/10/27,1.702,2.648,1.777,1.786,2.160,2.405
2017/10/26,1.697,2.663,1.777,1.785,2.187,2.420
2017/10/25,1.642,2.590,1.722,1.731,2.110,2.347
2017/10/24,1.637,2.535,1.707,1.724,2.065,2.302
2017/10/23,1.642,2.495,1.715,1.730,2.025,2.262
2017/10/20,1.667,2.528,1.740,1.761,2.087,2.305
2017/10/19,1.637,2.438,1.690,1.699,2.010,2.210
2017/10/18,1.557,2.368,1.610,1.618,1.932,2.140
2017/10/17,1.552,2.373,1.605,1.611,1.947,2.145
2017/10/16,1.537,2.363,1.600,1.606,1.935,2.135
2017/10/13,1.527,2.343,1.582,1.587,1.912,2.115
2017/10/12,1.524,2.328,1.572,1.573,1.895,2.100
2017/10/11,1.522,2.358,1.562,1.562,1.922,2.130
2017/10/10,1.520,2.368,1.555,1.557,1.942,2.140
2017/09/29,1.505,2.305,1.527,1.529,1.887,2.077
2017/09/28,1.505,2.323,1.532,1.531,1.890,2.095
2017/09/27,1.500,2.315,1.512,1.516,1.890,2.087
2017/09/26,1.460,2.253,1.462,1.470,1.832,2.025
2017/09/25,1.450,2.210,1.452,1.461,1.790,1.982
2017/09/22,1.447,2.195,1.460,1.464,1.775,1.967
2017/09/21,1.447,2.208,1.470,1.477,1.780,1.980
2017/09/20,1.439,2.203,1.467,1.475,1.770,1.975
2017/09/19,1.437,2.220,1.470,1.479,1.780,1.992
2017/09/18,1.432,2.185,1.462,1.468,1.740,1.957
2017/09/15,1.427,2.178,1.457,1.459,1.737,1.950
2017/09/14,1.425,2.173,1.457,1.457,1.737,1.945
2017/09/13,1.417,2.168,1.450,1.444,1.740,1.940
2017/09/12,1.414,2.180,1.445,1.440,1.752,1.952
2017/09/11,1.411,2.183,1.445,1.436,1.757,1.955
2017/09/08,1.408,2.165,1.455,1.436,1.752,1.940
2017/09/07,1.406,2.197,1.455,1.437,1.777,1.972
2017/09/06,1.408,2.207,1.455,1.437,1.777,1.982
2017/09/05,1.413,2.220,1.455,1.440,1.777,1.995
2017/09/04,1.415,2.222,1.465,1.451,1.777,1.997
2017/09/01,1.413,2.192,1.465,1.450,1.747,1.967
2017/08/31,1.413,2.192,1.480,1.466,1.747,1.967
2017/08/30,1.413,2.185,1.485,1.471,1.750,1.960
2017/08/29,1.418,2.200,1.502,1.488,1.770,1.975
2017/08/28,1.416,2.187,1.497,1.483,1.760,1.962
2017/08/25,1.411,2.185,1.497,1.483,1.752,1.960
2017/08/24,1.421,2.222,1.510,1.499,1.800,1.997
2017/08/23,1.421,2.222,1.507,1.496,1.795,1.997
2017/08/22,1.419,2.235,1.505,1.493,1.802,2.010
2017/08/21,1.419,2.222,1.502,1.489,1.787,1.997
2017/08/18,1.419,2.225,1.500,1.489,1.782,2.000
2017/08/17,1.419,2.230,1.510,1.496,1.792,2.005
2017/08/16,1.419,2.250,1.510,1.496,1.820,2.025
2017/08/14,1.413,2.227,1.495,1.481,1.807,2.002
2017/08/11,1.413,2.225,1.487,1.475,1.802,2.000
2017/08/10,1.413,2.240,1.472,1.460,1.812,2.015
2017/08/09,1.411,2.257,1.462,1.454,1.832,2.032
2017/08/08,1.396,2.227,1.427,1.419,1.802,2.002
2017/08/07,1.393,2.205,1.407,1.399,1.775,1.980
2017/08/04,1.391,2.172,1.400,1.391,1.742,1.947
2017/08/03,1.391,2.175,1.397,1.389,1.737,1.950
2017/08/02,1.393,2.172,1.400,1.391,1.730,1.947
2017/08/01,1.393,2.175,1.405,1.395,1.730,1.950
2017/07/31,1.395,2.150,1.410,1.399,1.720,1.925
2017/07/28,1.395,2.145,1.415,1.404,1.715,1.920
2017/07/27,1.401,2.132,1.435,1.418,1.712,1.907
2017/07/26,1.404,2.152,1.442,1.427,1.725,1.927
2017/07/25,1.401,2.130,1.447,1.435,1.707,1.905
2017/07/24,1.401,2.137,1.467,1.457,1.717,1.912
2017/07/21,1.401,2.142,1.467,1.459,1.722,1.917
2017/07/20,1.398,2.157,1.467,1.459,1.737,1.932
2017/07/19,1.396,2.170,1.467,1.459,1.747,1.945
2017/07/18,1.392,2.170,1.467,1.459,1.747,1.945
2017/07/17,1.394,2.187,1.467,1.462,1.752,1.962
2017/07/14,1.391,2.165,1.467,1.462,1.745,1.940
2017/07/13,1.388,2.162,1.467,1.462,1.747,1.937
2017/07/12,1.388,2.185,1.470,1.466,1.762,1.960
2017/07/11,1.388,2.187,1.470,1.467,1.762,1.962
2017/07/10,1.388,2.187,1.470,1.467,1.752,1.962
2017/07/07,1.388,2.222,1.472,1.471,1.777,1.997
2017/07/06,1.390,2.200,1.462,1.463,1.752,1.975
2017/07/05,1.395,2.185,1.462,1.464,1.745,1.960
2017/07/04,1.405,2.170,1.462,1.465,1.737,1.945
2017/07/03,1.407,2.142,1.462,1.466,1.715,1.917
2017/06/30,1.410,2.127,1.462,1.464,1.700,1.902
2017/06/29,1.419,2.120,1.477,1.479,1.695,1.895
2017/06/28,1.412,2.125,1.477,1.480,1.705,1.900
2017/06/27,1.404,2.075,1.465,1.468,1.677,1.850
2017/06/26,1.404,2.077,1.470,1.472,1.685,1.852
2017/06/23,1.397,2.080,1.470,1.472,1.685,1.855
2017/06/22,1.392,2.097,1.465,1.467,1.702,1.872
2017/06/21,1.385,2.082,1.460,1.461,1.690,1.857
2017/06/20,1.385,2.070,1.455,1.456,1.682,1.847
2017/06/19,1.385,2.078,1.455,1.456,1.682,1.855
2017/06/16,1.385,2.093,1.455,1.457,1.697,1.870
2017/06/15,1.385,2.073,1.445,1.446,1.680,1.850
2017/06/14,1.382,2.093,1.442,1.442,1.682,1.870
2017/06/13,1.382,2.082,1.437,1.437,1.655,1.862
2017/06/12,1.382,2.122,1.447,1.447,1.695,1.905
2017/06/09,1.372,2.064,1.422,1.420,1.630,1.847
2017/06/08,1.372,2.072,1.427,1.425,1.635,1.855
2017/06/07,1.372,2.047,1.432,1.429,1.622,1.830
2017/06/05,1.372,2.049,1.440,1.432,1.617,1.832
2017/06/02,1.372,2.059,1.442,1.434,1.625,1.842
2017/06/01,1.372,2.074,1.447,1.436,1.640,1.857
2017/05/31,1.374,2.107,1.462,1.444,1.667,1.890
2017/05/30,1.370,2.087,1.462,1.444,1.657,1.870
2017/05/29,1.373,2.102,1.467,1.449,1.670,1.887
2017/05/26,1.373,2.105,1.467,1.449,1.675,1.890
2017/05/25,1.370,2.112,1.467,1.448,1.677,1.897
2017/05/24,1.367,2.127,1.467,1.449,1.690,1.912
2017/05/23,1.363,2.105,1.460,1.445,1.675,1.890
2017/05/22,1.363,2.120,1.460,1.445,1.685,1.905
2017/05/19,1.360,2.082,1.450,1.435,1.667,1.867
2017/05/18,1.360,2.107,1.450,1.435,1.680,1.892
2017/05/17,1.360,2.112,1.450,1.435,1.682,1.897
2017/05/16,1.370,2.160,1.457,1.442,1.717,1.945
2017/05/15,1.370,2.157,1.457,1.441,1.710,1.942
2017/05/12,1.373,2.155,1.457,1.441,1.707,1.940
2017/05/11,1.377,2.167,1.465,1.450,1.725,1.952
2017/05/10,1.384,2.172,1.467,1.454,1.732,1.957
2017/05/08,1.391,2.127,1.455,1.442,1.700,1.912
2017/05/04,1.394,2.100,1.455,1.439,1.682,1.885
2017/05/02,1.396,2.112,1.455,1.443,1.685,1.897
2017/04/28,1.406,2.077,1.462,1.449,1.670,1.862
2017/04/27,1.411,2.075,1.470,1.453,1.670,1.860
2017/04/26,1.421,2.085,1.480,1.463,1.680,1.870
2017/04/25,1.421,2.077,1.485,1.470,1.675,1.862
2017/04/24,1.421,2.095,1.487,1.476,1.695,1.880
2017/04/21,1.419,2.072,1.482,1.472,1.682,1.857
2017/04/20,1.419,2.050,1.480,1.469,1.670,1.835
2017/04/19,1.419,2.055,1.475,1.467,1.670,1.840
2017/04/18,1.422,2.062,1.470,1.464,1.675,1.847
2017/04/17,1.427,2.062,1.470,1.462,1.670,1.847
2017/04/14,1.427,2.070,1.470,1.462,1.675,1.855
2017/04/13,1.425,2.067,1.470,1.461,1.672,1.852
2017/04/12,1.423,2.097,1.465,1.458,1.687,1.882
2017/04/11,1.423,2.100,1.465,1.458,1.690,1.885
2017/04/10,1.430,2.142,1.465,1.458,1.720,1.927
2017/04/07,1.430,2.095,1.455,1.448,1.680,1.880
2017/04/06,1.432,2.085,1.455,1.448,1.675,1.870
2017/04/05,1.435,2.035,1.455,1.448,1.650,1.820
2017/04/04,1.438,2.017,1.455,1.448,1.647,1.805
2017/04/03,1.456,2.032,1.465,1.456,1.657,1.825
2017/03/31,1.463,2.056,1.470,1.464,1.670,1.852
2017/03/30,1.468,2.056,1.475,1.467,1.657,1.852
2017/03/29,1.473,2.049,1.475,1.470,1.655,1.845
2017/03/28,1.481,2.059,1.480,1.475,1.660,1.855
2017/03/27,1.487,2.049,1.480,1.477,1.650,1.845
2017/03/24,1.490,2.086,1.490,1.486,1.680,1.882
2017/03/23,1.485,2.059,1.480,1.481,1.665,1.855
2017/03/22,1.483,2.049,1.480,1.481,1.660,1.845
2017/03/21,1.483,2.076,1.475,1.476,1.672,1.872
2017/03/20,1.483,2.076,1.480,1.477,1.675,1.872
2017/03/17,1.480,2.061,1.475,1.474,1.667,1.857
2017/03/16,1.478,2.081,1.475,1.474,1.690,1.877
2017/03/15,1.478,2.171,1.487,1.487,1.755,1.967
2017/03/14,1.478,2.196,1.485,1.483,1.755,1.992
2017/03/13,1.478,2.184,1.485,1.481,1.757,1.980
2017/03/10,1.478,2.184,1.492,1.491,1.767,1.977
2017/03/09,1.478,2.207,1.502,1.498,1.790,2.000
2017/03/08,1.478,2.189,1.502,1.496,1.775,1.982
2017/03/07,1.478,2.207,1.500,1.488,1.790,2.000
2017/03/06,1.463,2.142,1.477,1.467,1.737,1.935
2017/03/03,1.458,2.112,1.472,1.461,1.707,1.905
2017/03/02,1.458,2.117,1.472,1.461,1.710,1.910
2017/02/28,1.453,2.059,1.457,1.453,1.667,1.852
2017/02/27,1.453,2.059,1.457,1.456,1.665,1.852
2017/02/24,1.453,2.067,1.460,1.458,1.662,1.860
2017/02/23,1.448,2.077,1.455,1.451,1.662,1.870
2017/02/22,1.448,2.129,1.455,1.453,1.690,1.922
2017/02/21,1.446,2.092,1.455,1.453,1.665,1.885
2017/02/20,1.446,2.082,1.455,1.455,1.667,1.875
2017/02/17,1.443,2.054,1.455,1.455,1.652,1.847
2017/02/16,1.448,2.054,1.455,1.458,1.655,1.847
2017/02/15,1.453,2.059,1.460,1.462,1.657,1.852
2017/02/14,1.450,2.042,1.457,1.457,1.647,1.835
2017/02/13,1.450,2.057,1.462,1.459,1.662,1.850
2017/02/10,1.450,2.047,1.462,1.459,1.657,1.840
2017/02/09,1.450,2.052,1.462,1.459,1.657,1.842
2017/02/08,1.450,2.037,1.457,1.454,1.642,1.827
2017/02/07,1.440,2.052,1.457,1.454,1.647,1.842
2017/02/06,1.445,2.069,1.457,1.459,1.660,1.857
2017/02/03,1.455,2.094,1.467,1.469,1.682,1.882
2017/02/02,1.463,2.074,1.467,1.469,1.672,1.862
2017/02/01,1.475,2.087,1.487,1.488,1.685,1.875
2017/01/31,1.483,2.062,1.492,1.492,1.672,1.850
2017/01/26,1.488,2.092,1.500,1.501,1.697,1.880
2017/01/25,1.483,2.034,1.490,1.491,1.647,1.822
2017/01/24,1.467,2.024,1.470,1.472,1.627,1.807
2017/01/23,1.462,2.054,1.470,1.471,1.645,1.837
2017/01/20,1.457,2.052,1.470,1.471,1.652,1.835
2017/01/19,1.457,2.087,1.477,1.478,1.672,1.870
2017/01/18,1.447,2.047,1.467,1.470,1.647,1.830
2017/01/17,1.452,2.024,1.472,1.473,1.630,1.807
2017/01/16,1.455,2.034,1.480,1.480,1.635,1.817
2017/01/13,1.455,2.009,1.480,1.481,1.622,1.792
2017/01/12,1.455,1.999,1.480,1.481,1.617,1.782
2017/01/11,1.465,2.054,1.490,1.491,1.657,1.837
2017/01/10,1.465,2.044,1.490,1.490,1.642,1.827
2017/01/09,1.475,2.070,1.495,1.497,1.665,1.850
2017/01/06,1.470,2.030,1.485,1.490,1.640,1.810
2017/01/05,1.470,1.990,1.472,1.473,1.600,1.770
2017/01/04,1.487,2.025,1.492,1.493,1.627,1.802
2017/01/03,1.511,2.013,1.512,1.512,1.627,1.790
2017/01/02,1.536,2.003,1.542,1.542,1.622,1.780
2016/12/30,1.559,2.030,1.562,1.561,1.640,1.807
2016/12/29,1.559,2.030,1.562,1.561,1.640,1.807
2016/12/28,1.567,2.033,1.570,1.571,1.645,1.810
2016/12/27,1.577,2.053,1.587,1.590,1.660,1.830
2016/12/26,1.590,2.046,1.592,1.591,1.667,1.820
2016/12/23,1.580,2.041,1.590,1.589,1.662,1.815
2016/12/22,1.565,2.021,1.570,1.571,1.647,1.795
2016/12/21,1.570,2.051,1.570,1.570,1.682,1.825
2016/12/20,1.580,2.111,1.580,1.580,1.725,1.885
2016/12/19,1.582,2.106,1.570,1.568,1.707,1.880
2016/12/16,1.582,2.086,1.570,1.568,1.685,1.860
2016/12/15,1.587,2.111,1.570,1.568,1.695,1.885
2016/12/14,1.567,2.058,1.545,1.543,1.645,1.832
2016/12/13,1.582,2.115,1.557,1.553,1.662,1.885
2016/12/12,1.597,2.190,1.570,1.564,1.717,1.960
2016/12/09,1.606,2.160,1.582,1.577,1.735,1.930
2016/12/08,1.616,2.117,1.575,1.575,1.707,1.887
2016/12/07,1.631,2.137,1.590,1.589,1.732,1.917
2016/12/06,1.646,2.150,1.595,1.595,1.737,1.930
2016/12/05,1.651,2.132,1.585,1.585,1.720,1.915
2016/12/02,1.673,2.207,1.610,1.608,1.762,1.990
2016/12/01,1.681,2.144,1.625,1.626,1.725,1.927
2016/11/30,1.693,2.109,1.645,1.647,1.722,1.910
2016/11/29,1.708,2.096,1.660,1.661,1.710,1.907
2016/11/28,1.708,2.101,1.680,1.681,1.750,1.912
2016/11/25,1.723,2.156,1.730,1.723,1.825,1.967
2016/11/24,1.715,2.154,1.725,1.712,1.830,1.965
2016/11/23,1.655,2.079,1.660,1.650,1.757,1.890
2016/11/22,1.635,2.086,1.635,1.626,1.750,1.897
2016/11/21,1.615,2.069,1.620,1.609,1.735,1.880
2016/11/18,1.597,2.069,1.600,1.590,1.740,1.880
2016/11/17,1.572,2.004,1.552,1.552,1.680,1.815
2016/11/16,1.582,2.084,1.567,1.566,1.745,1.895
2016/11/15,1.542,1.989,1.517,1.514,1.640,1.800
2016/11/14,1.547,2.034,1.520,1.518,1.660,1.845
2016/11/11,1.497,1.869,1.460,1.458,1.520,1.680
2016/11/10,1.477,1.789,1.427,1.426,1.470,1.600
2016/11/09,1.454,1.659,1.397,1.404,1.385,1.470
2016/11/08,1.479,1.701,1.422,1.423,1.422,1.512
2016/11/07,1.479,1.719,1.422,1.424,1.430,1.530
2016/11/04,1.483,1.716,1.422,1.424,1.437,1.527
2016/11/03,1.483,1.689,1.417,1.416,1.432,1.500
2016/11/02,1.483,1.689,1.412,1.413,1.427,1.500
2016/11/01,1.483,1.719,1.420,1.421,1.450,1.530
2016/10/31,1.483,1.686,1.420,1.420,1.430,1.497
2016/10/28,1.498,1.721,1.425,1.426,1.450,1.532
2016/10/27,1.493,1.664,1.415,1.420,1.410,1.475
2016/10/26,1.493,1.661,1.420,1.421,1.427,1.472
2016/10/25,1.488,1.640,1.415,1.411,1.397,1.455
2016/10/24,1.478,1.612,1.400,1.398,1.375,1.427
2016/10/21,1.468,1.640,1.400,1.396,1.385,1.455
2016/10/20,1.453,1.607,1.375,1.375,1.350,1.422
2016/10/19,1.448,1.610,1.372,1.374,1.350,1.425
2016/10/18,1.438,1.607,1.367,1.367,1.347,1.422
2016/10/17,1.433,1.622,1.367,1.368,1.357,1.437
2016/10/14,1.423,1.555,1.355,1.356,1.320,1.370
2016/10/13,1.418,1.547,1.352,1.355,1.315,1.362
2016/10/12,1.418,1.585,1.365,1.367,1.337,1.400
2016/10/11,1.423,1.612,1.375,1.376,1.365,1.427
2016/10/10,1.403,1.570,1.365,1.368,1.345,1.385
2016/10/07,1.398,1.527,1.365,1.364,1.320,1.342
2016/10/06,1.391,1.532,1.360,1.359,1.320,1.345
2016/10/05,1.376,1.522,1.357,1.357,1.315,1.335
2016/10/04,1.366,1.477,1.340,1.343,1.277,1.290
2016/09/30,1.363,1.457,1.340,1.343,1.250,1.270
2016/09/29,1.381,1.497,1.360,1.359,1.282,1.315
2016/09/28,1.376,1.507,1.370,1.366,1.300,1.335
2016/09/27,1.366,1.517,1.370,1.364,1.307,1.345
2016/09/26,1.363,1.507,1.370,1.363,1.302,1.335
2016/09/23,1.356,1.504,1.360,1.355,1.302,1.332
2016/09/22,1.348,1.492,1.355,1.349,1.292,1.320
2016/09/21,1.351,1.549,1.357,1.356,1.322,1.377
2016/09/20,1.351,1.554,1.357,1.353,1.327,1.382
2016/09/19,1.351,1.584,1.357,1.353,1.347,1.412
2016/09/13,1.341,1.574,1.347,1.347,1.350,1.402
2016/09/12,1.336,1.574,1.347,1.347,1.350,1.402
2016/09/09,1.324,1.527,1.332,1.331,1.325,1.372
2016/09/08,1.312,1.480,1.300,1.301,1.287,1.325
2016/09/07,1.312,1.470,1.300,1.300,1.272,1.315
2016/09/06,1.317,1.502,1.312,1.311,1.300,1.347
2016/09/05,1.317,1.505,1.312,1.312,1.302,1.350
2016/09/02,1.322,1.525,1.320,1.318,1.320,1.370
2016/09/01,1.324,1.537,1.325,1.323,1.330,1.382
2016/08/31,1.319,1.512,1.317,1.315,1.315,1.357
2016/08/30,1.314,1.485,1.307,1.305,1.292,1.330
2016/08/29,1.314,1.460,1.300,1.300,1.275,1.305
2016/08/26,1.289,1.425,1.285,1.286,1.240,1.270
2016/08/25,1.284,1.412,1.285,1.286,1.232,1.257
2016/08/24,1.279,1.415,1.280,1.281,1.230,1.260
2016/08/23,1.279,1.407,1.280,1.280,1.227,1.252
2016/08/22,1.279,1.412,1.280,1.280,1.230,1.257
2016/08/19,1.272,1.407,1.275,1.275,1.227,1.252
2016/08/18,1.269,1.405,1.272,1.272,1.227,1.250
2016/08/17,1.269,1.415,1.275,1.275,1.232,1.260
2016/08/16,1.269,1.397,1.265,1.265,1.217,1.242
2016/08/12,1.269,1.402,1.265,1.265,1.220,1.247
2016/08/11,1.269,1.405,1.265,1.265,1.225,1.250
2016/08/10,1.269,1.395,1.257,1.257,1.212,1.240
2016/08/09,1.272,1.417,1.270,1.268,1.237,1.262
2016/08/08,1.272,1.430,1.272,1.270,1.247,1.275
2016/08/05,1.269,1.402,1.262,1.260,1.225,1.247
2016/08/04,1.272,1.420,1.265,1.264,1.235,1.265
2016/08/03,1.272,1.430,1.265,1.266,1.247,1.275
2016/08/02,1.264,1.397,1.252,1.254,1.222,1.242
2016/08/01,1.259,1.380,1.252,1.254,1.210,1.225
2016/07/29,1.264,1.390,1.257,1.256,1.215,1.235
2016/07/28,1.266,1.372,1.257,1.257,1.202,1.217
2016/07/27,1.266,1.402,1.267,1.267,1.220,1.245
2016/07/26,1.266,1.404,1.262,1.262,1.217,1.247
2016/07/25,1.269,1.412,1.262,1.262,1.225,1.255
2016/07/22,1.269,1.409,1.262,1.261,1.222,1.252
2016/07/21,1.266,1.422,1.262,1.262,1.230,1.265
2016/07/20,1.266,1.404,1.257,1.257,1.220,1.247
2016/07/19,1.266,1.404,1.257,1.257,1.220,1.247
2016/07/18,1.266,1.409,1.260,1.260,1.227,1.252
2016/07/15,1.264,1.397,1.260,1.260,1.220,1.240
2016/07/14,1.264,1.382,1.262,1.261,1.205,1.225
2016/07/13,1.264,1.392,1.265,1.265,1.210,1.235
2016/07/12,1.264,1.397,1.262,1.262,1.217,1.240
2016/07/11,1.264,1.394,1.260,1.258,1.212,1.237
2016/07/08,1.264,1.407,1.255,1.253,1.215,1.250
2016/07/07,1.264,1.399,1.250,1.250,1.210,1.242
2016/07/06,1.259,1.397,1.240,1.240,1.200,1.240
2016/07/05,1.269,1.424,1.250,1.250,1.215,1.267
2016/07/04,1.279,1.424,1.262,1.264,1.220,1.267
2016/07/01,1.289,1.407,1.267,1.267,1.205,1.250
2016/06/30,1.309,1.449,1.292,1.293,1.247,1.297
2016/06/29,1.309,1.434,1.292,1.293,1.240,1.282
2016/06/28,1.314,1.449,1.295,1.296,1.247,1.300
2016/06/27,1.314,1.439,1.297,1.295,1.240,1.290
2016/06/24,1.314,1.454,1.310,1.309,1.255,1.305
2016/06/23,1.369,1.554,1.375,1.373,1.332,1.405
2016/06/22,1.374,1.571,1.382,1.382,1.352,1.422
2016/06/21,1.364,1.559,1.372,1.373,1.342,1.410
2016/06/20,1.369,1.581,1.380,1.381,1.357,1.432
2016/06/17,1.359,1.549,1.365,1.366,1.332,1.400
2016/06/16,1.349,1.531,1.350,1.351,1.315,1.382
2016/06/15,1.344,1.559,1.352,1.353,1.335,1.410
2016/06/14,1.339,1.564,1.345,1.346,1.337,1.415
2016/06/13,1.339,1.539,1.330,1.330,1.310,1.390
2016/06/10,1.347,1.569,1.335,1.335,1.322,1.420
2016/06/09,1.349,1.569,1.340,1.340,1.342,1.420
2016/06/08,1.449,1.614,1.395,1.401,1.375,1.465
2016/06/07,1.474,1.641,1.420,1.425,1.402,1.492
2016/06/03,1.489,1.661,1.440,1.446,1.420,1.512
2016/06/02,1.489,1.681,1.455,1.456,1.440,1.530
2016/06/01,1.489,1.676,1.455,1.455,1.435,1.525
2016/05/31,1.524,1.733,1.505,1.507,1.495,1.582
2016/05/30,1.529,1.738,1.507,1.510,1.500,1.587
2016/05/27,1.519,1.701,1.492,1.494,1.465,1.550
2016/05/26,1.519,1.708,1.492,1.494,1.467,1.557
2016/05/25,1.519,1.706,1.492,1.494,1.460,1.555
2016/05/24,1.512,1.688,1.482,1.484,1.442,1.537
2016/05/23,1.512,1.713,1.492,1.495,1.467,1.562
2016/05/20,1.512,1.716,1.490,1.491,1.470,1.565
2016/05/19,1.515,1.738,1.500,1.502,1.490,1.587
2016/05/18,1.510,1.718,1.490,1.491,1.472,1.567
2016/05/17,1.508,1.701,1.477,1.479,1.455,1.550
2016/05/16,1.490,1.688,1.462,1.466,1.445,1.537
2016/05/13,1.490,1.683,1.452,1.454,1.442,1.532
2016/05/12,1.480,1.671,1.435,1.436,1.422,1.520
2016/05/11,1.480,1.671,1.432,1.432,1.420,1.520
2016/05/10,1.478,1.674,1.427,1.427,1.410,1.520
2016/05/09,1.480,1.679,1.430,1.429,1.412,1.520
2016/05/04,1.498,1.694,1.447,1.447,1.432,1.535
2016/05/03,1.513,1.714,1.462,1.462,1.445,1.552
2016/05/02,1.525,1.729,1.477,1.477,1.460,1.565
2016/04/29,1.525,1.714,1.477,1.477,1.452,1.550
2016/04/28,1.525,1.721,1.477,1.477,1.450,1.552
2016/04/27,1.528,1.729,1.477,1.478,1.455,1.557
2016/04/26,1.528,1.732,1.477,1.476,1.450,1.560
2016/04/25,1.528,1.742,1.492,1.491,1.455,1.570
2016/04/22,1.531,1.752,1.505,1.504,1.472,1.580
2016/04/21,1.534,1.757,1.510,1.510,1.482,1.582
2016/04/20,1.531,1.744,1.507,1.504,1.470,1.565
2016/04/19,1.544,1.779,1.520,1.519,1.500,1.600
2016/04/18,1.547,1.794,1.520,1.519,1.512,1.615
2016/04/15,1.539,1.776,1.510,1.508,1.492,1.597
2016/04/14,1.539,1.784,1.510,1.508,1.502,1.605
2016/04/12,1.527,1.744,1.490,1.490,1.462,1.562
2016/04/11,1.527,1.749,1.490,1.490,1.465,1.567
2016/04/08,1.527,1.747,1.477,1.478,1.460,1.565
2016/04/07,1.525,1.744,1.477,1.478,1.467,1.562
2016/04/06,1.525,1.729,1.470,1.471,1.460,1.550
2016/04/05,1.525,1.724,1.467,1.467,1.452,1.545
2016/04/04,1.530,1.716,1.467,1.466,1.442,1.537
2016/04/01,1.538,1.729,1.475,1.478,1.447,1.550
2016/03/31,1.541,1.731,1.482,1.483,1.447,1.552
2016/03/30,1.541,1.731,1.492,1.488,1.450,1.552
2016/03/29,1.546,1.734,1.492,1.489,1.450,1.555
2016/03/28,1.573,1.764,1.517,1.516,1.477,1.585
2016/03/25,1.579,1.777,1.525,1.524,1.487,1.597
2016/03/24,1.579,1.790,1.525,1.524,1.497,1.610
2016/03/23,1.579,1.800,1.530,1.529,1.510,1.620
2016/03/22,1.579,1.792,1.532,1.532,1.512,1.612
2016/03/21,1.572,1.777,1.527,1.526,1.497,1.597
2016/03/18,1.567,1.782,1.525,1.523,1.500,1.602
2016/03/17,1.562,1.802,1.530,1.526,1.515,1.622
2016/03/16,1.567,1.850,1.535,1.535,1.545,1.670
2016/03/15,1.557,1.837,1.525,1.525,1.532,1.657
2016/03/14,1.552,1.840,1.520,1.520,1.530,1.660
2016/03/11,1.550,1.852,1.517,1.518,1.547,1.672
2016/03/10,1.530,1.797,1.482,1.484,1.500,1.617
2016/03/09,1.512,1.780,1.457,1.455,1.470,1.600
2016/03/08,1.527,1.777,1.480,1.479,1.480,1.597
2016/03/07,1.527,1.792,1.482,1.485,1.500,1.612
2016/03/04,1.527,1.810,1.482,1.485,1.520,1.630
2016/03/03,1.524,1.798,1.477,1.477,1.505,1.615
2016/03/02,1.524,1.760,1.465,1.463,1.465,1.577
2016/02/29,1.524,1.738,1.465,1.461,1.455,1.555
2016/02/26,1.524,1.733,1.465,1.465,1.452,1.550
2016/02/25,1.524,1.748,1.465,1.465,1.462,1.565
2016/02/24,1.524,1.758,1.465,1.465,1.467,1.577
2016/02/23,1.524,1.773,1.465,1.466,1.480,1.592
2016/02/22,1.519,1.776,1.462,1.462,1.480,1.595
2016/02/19,1.509,1.761,1.450,1.450,1.470,1.580
2016/02/18,1.497,1.746,1.440,1.440,1.450,1.565
2016/02/17,1.482,1.728,1.430,1.428,1.435,1.547
2016/02/16,1.482,1.731,1.430,1.427,1.430,1.550
2016/02/15,1.522,1.786,1.470,1.470,1.482,1.605
2016/02/12,1.512,1.756,1.460,1.460,1.475,1.575
2016/02/11,1.507,1.721,1.455,1.452,1.455,1.540
2016/02/05,1.537,1.806,1.485,1.483,1.505,1.625
2016/02/04,1.537,1.786,1.480,1.479,1.492,1.605
2016/02/03,1.537,1.788,1.480,1.481,1.495,1.607
2016/02/02,1.556,1.821,1.500,1.500,1.515,1.640
2016/02/01,1.569,1.826,1.515,1.513,1.525,1.645
2016/01/29,1.594,1.881,1.550,1.546,1.565,1.700
2016/01/28,1.614,1.936,1.582,1.581,1.617,1.755
2016/01/27,1.611,1.926,1.575,1.577,1.602,1.745
2016/01/26,1.606,1.911,1.570,1.573,1.595,1.730
2016/01/25,1.606,1.938,1.572,1.574,1.620,1.757
2016/01/22,1.604,1.938,1.572,1.570,1.620,1.757
2016/01/21,1.604,1.926,1.570,1.570,1.607,1.745
2016/01/20,1.604,1.938,1.572,1.570,1.617,1.757
2016/01/19,1.609,1.988,1.582,1.580,1.642,1.807
2016/01/18,1.609,1.976,1.582,1.581,1.645,1.795
2016/01/15,1.612,1.971,1.582,1.581,1.647,1.790
2016/01/14,1.612,1.976,1.582,1.581,1.650,1.795
2016/01/13,1.612,1.961,1.582,1.581,1.632,1.780
2016/01/12,1.612,1.966,1.582,1.581,1.635,1.782
2016/01/11,1.612,1.959,1.585,1.583,1.635,1.775
2016/01/08,1.625,1.994,1.595,1.594,1.665,1.810
2016/01/07,1.625,1.966,1.590,1.589,1.640,1.777
2016/01/06,1.632,1.979,1.592,1.592,1.637,1.785
2016/01/05,1.642,1.991,1.592,1.592,1.640,1.792
2016/01/04,1.652,1.979,1.602,1.600,1.632,1.780
2015/12/31,1.682,2.019,1.627,1.629,1.660,1.820
2015/12/30,1.682,2.019,1.627,1.629,1.660,1.820
2015/12/29,1.692,2.004,1.632,1.632,1.657,1.805
2015/12/28,1.692,2.034,1.645,1.643,1.677,1.835
2015/12/24,1.692,2.036,1.637,1.636,1.665,1.837
2015/12/23,1.692,2.034,1.630,1.630,1.667,1.835
2015/12/22,1.687,2.039,1.630,1.630,1.675,1.837
2015/12/21,1.687,2.029,1.625,1.626,1.660,1.827
2015/12/18,1.687,2.057,1.635,1.635,1.692,1.855
2015/12/17,1.697,2.097,1.647,1.644,1.727,1.895
2015/12/16,1.705,2.137,1.660,1.659,1.747,1.935
2015/12/15,1.692,2.119,1.655,1.651,1.730,1.917
2015/12/14,1.685,2.127,1.655,1.651,1.732,1.930
2015/12/11,1.680,2.139,1.655,1.651,1.745,1.942
2015/12/10,1.678,2.119,1.650,1.645,1.745,1.922
2015/12/09,1.683,2.132,1.635,1.631,1.762,1.935
2015/12/08,1.675,2.137,1.625,1.622,1.762,1.940
2015/12/07,1.688,2.200,1.630,1.630,1.787,2.000
2015/12/04,1.690,2.210,1.630,1.630,1.782,2.007
2015/12/03,1.710,2.185,1.630,1.630,1.752,1.980
2015/12/02,1.740,2.182,1.655,1.654,1.762,1.977
2015/12/01,1.763,2.194,1.680,1.679,1.770,1.987
2015/11/30,1.783,2.169,1.705,1.706,1.785,1.962
2015/11/27,1.780,2.179,1.705,1.706,1.797,1.982
2015/11/26,1.752,2.157,1.680,1.683,1.780,1.960
2015/11/25,1.712,2.149,1.655,1.658,1.767,1.957
2015/11/24,1.692,2.154,1.642,1.644,1.770,1.967
2015/11/23,1.672,2.144,1.632,1.634,1.760,1.967
2015/11/20,1.652,2.132,1.630,1.631,1.765,1.960
2015/11/19,1.637,2.102,1.610,1.612,1.732,1.935
2015/11/18,1.632,2.127,1.610,1.612,1.752,1.965
2015/11/17,1.625,2.132,1.610,1.612,1.755,1.975
2015/11/16,1.628,2.117,1.610,1.613,1.750,1.960
2015/11/13,1.628,2.154,1.620,1.623,1.777,1.997
2015/11/12,1.628,2.159,1.625,1.626,1.790,2.002
2015/11/11,1.628,2.157,1.625,1.627,1.800,2.000
2015/11/10,1.625,2.127,1.620,1.621,1.780,1.970
2015/11/09,1.625,2.167,1.620,1.622,1.802,2.010
2015/11/06,1.597,2.087,1.592,1.593,1.730,1.920
2015/11/05,1.577,2.024,1.572,1.574,1.692,1.857
2015/11/04,1.572,2.017,1.562,1.567,1.677,1.850
2015/11/03,1.572,2.007,1.560,1.564,1.662,1.837
2015/11/02,1.572,1.977,1.560,1.564,1.657,1.807
2015/10/30,1.574,1.969,1.560,1.564,1.652,1.795
2015/10/29,1.572,1.944,1.557,1.560,1.640,1.770
2015/10/28,1.562,1.934,1.547,1.548,1.625,1.760
2015/10/27,1.562,1.946,1.545,1.547,1.630,1.772
2015/10/26,1.560,1.971,1.545,1.547,1.640,1.797
2015/10/23,1.558,1.984,1.545,1.546,1.647,1.810
2015/10/22,1.553,1.996,1.542,1.544,1.655,1.822
2015/10/21,1.553,1.986,1.537,1.540,1.647,1.812
2015/10/20,1.548,1.979,1.532,1.535,1.640,1.805
2015/10/19,1.548,1.954,1.527,1.528,1.622,1.780
2015/10/16,1.548,1.944,1.527,1.528,1.620,1.770
2015/10/15,1.545,1.949,1.527,1.527,1.622,1.772
2015/10/14,1.545,2.002,1.535,1.536,1.655,1.825
2015/10/13,1.545,1.992,1.525,1.527,1.637,1.815
2015/10/12,1.547,2.009,1.525,1.527,1.647,1.832
2015/10/08,1.542,1.959,1.515,1.516,1.615,1.782
2015/10/07,1.542,1.957,1.515,1.516,1.615,1.780
2015/10/06,1.542,1.914,1.507,1.506,1.590,1.737
2015/10/05,1.542,1.897,1.507,1.504,1.577,1.720
2015/10/02,1.550,1.919,1.517,1.515,1.582,1.742
2015/10/01,1.560,1.937,1.520,1.520,1.592,1.760
2015/09/30,1.557,1.899,1.520,1.518,1.565,1.722
2015/09/25,1.562,1.957,1.530,1.530,1.615,1.785
2015/09/24,1.562,1.972,1.530,1.530,1.625,1.800
2015/09/23,1.560,1.957,1.530,1.529,1.617,1.785
2015/09/22,1.558,1.967,1.530,1.529,1.625,1.795
2015/09/21,1.558,1.962,1.530,1.529,1.620,1.790
2015/09/18,1.558,1.990,1.535,1.533,1.632,1.820
2015/09/17,1.558,2.062,1.535,1.535,1.682,1.897
2015/09/16,1.558,2.067,1.530,1.530,1.670,1.902
2015/09/15,1.558,2.042,1.520,1.517,1.652,1.877
2015/09/14,1.560,2.067,1.525,1.521,1.667,1.902
2015/09/11,1.557,2.045,1.530,1.522,1.655,1.880
2015/09/10,1.557,2.037,1.530,1.523,1.647,1.872
2015/09/09,1.562,2.072,1.540,1.530,1.680,1.870
2015/09/08,1.558,2.057,1.530,1.528,1.670,1.855
2015/09/07,1.555,2.042,1.530,1.529,1.652,1.840
2015/09/04,1.555,2.044,1.535,1.534,1.642,1.842
2015/09/03,1.572,2.087,1.555,1.556,1.670,1.885
2015/09/02,1.575,2.097,1.565,1.566,1.697,1.895
2015/09/01,1.585,2.129,1.580,1.580,1.722,1.927
2015/08/31,1.595,2.129,1.590,1.590,1.735,1.927
2015/08/28,1.592,2.112,1.585,1.586,1.720,1.910
2015/08/27,1.587,2.092,1.575,1.576,1.705,1.890
2015/08/26,1.587,2.102,1.575,1.576,1.717,1.900
2015/08/25,1.584,2.080,1.570,1.571,1.707,1.872
2015/08/24,1.568,2.055,1.560,1.561,1.692,1.847
2015/08/21,1.563,2.090,1.560,1.560,1.707,1.880
2015/08/20,1.560,2.114,1.555,1.557,1.715,1.902
2015/08/19,1.560,2.149,1.555,1.557,1.730,1.937
2015/08/18,1.557,2.134,1.555,1.555,1.715,1.920
2015/08/17,1.557,2.149,1.555,1.555,1.722,1.935
2015/08/13,1.559,2.154,1.555,1.555,1.725,1.940
2015/08/12,1.557,2.129,1.555,1.553,1.705,1.915
2015/08/11,1.557,2.179,1.565,1.563,1.737,1.960
2015/08/10,1.560,2.209,1.572,1.570,1.762,1.990
2015/08/07,1.563,2.256,1.572,1.572,1.785,2.037
2015/08/06,1.563,2.256,1.572,1.572,1.785,2.037
2015/08/05,1.568,2.271,1.577,1.574,1.792,2.052
2015/08/04,1.565,2.256,1.572,1.569,1.777,2.037
2015/08/03,1.570,2.234,1.572,1.569,1.757,2.015
2015/07/31,1.575,2.251,1.577,1.574,1.770,2.032
2015/07/30,1.573,2.209,1.567,1.564,1.735,1.990
2015/07/29,1.573,2.184,1.562,1.559,1.715,1.965
2015/07/28,1.573,2.199,1.562,1.559,1.727,1.980
2015/07/27,1.570,2.164,1.562,1.558,1.702,1.945
2015/07/24,1.570,2.156,1.562,1.558,1.705,1.937
2015/07/23,1.573,2.179,1.572,1.566,1.717,1.960
2015/07/22,1.575,2.226,1.582,1.578,1.750,2.007
2015/07/21,1.575,2.256,1.590,1.587,1.770,2.035
2015/07/20,1.575,2.269,1.590,1.587,1.775,2.045
2015/07/17,1.575,2.276,1.590,1.587,1.780,2.052
2015/07/16,1.575,2.294,1.587,1.584,1.790,2.070
2015/07/15,1.575,2.304,1.590,1.585,1.790,2.080
2015/07/14,1.575,2.316,1.590,1.585,1.797,2.092
2015/07/13,1.579,2.324,1.590,1.586,1.802,2.100
2015/07/10,1.579,2.326,1.595,1.590,1.802,2.102
2015/07/09,1.579,2.309,1.595,1.590,1.797,2.085
2015/07/08,1.584,2.294,1.597,1.593,1.805,2.070
2015/07/07,1.587,2.326,1.602,1.599,1.825,2.102
2015/07/06,1.592,2.316,1.605,1.603,1.827,2.092
2015/07/03,1.602,2.354,1.615,1.613,1.830,2.130
2015/07/02,1.612,2.361,1.620,1.618,1.830,2.137
2015/07/01,1.615,2.306,1.620,1.618,1.805,2.082
2015/06/30,1.615,2.294,1.620,1.618,1.795,2.070
2015/06/29,1.615,2.294,1.620,1.620,1.795,2.070
2015/06/26,1.620,2.324,1.625,1.626,1.820,2.100
2015/06/25,1.625,2.324,1.625,1.626,1.820,2.100
2015/06/24,1.620,2.301,1.625,1.626,1.810,2.077
2015/06/23,1.615,2.284,1.620,1.621,1.797,2.060
2015/06/22,1.605,2.284,1.615,1.615,1.790,2.060
2015/06/19,1.600,2.239,1.600,1.600,1.775,2.015
2015/06/18,1.595,2.276,1.600,1.600,1.777,2.052
2015/06/17,1.605,2.321,1.610,1.610,1.802,2.097
2015/06/16,1.605,2.264,1.595,1.595,1.765,2.040
2015/06/15,1.607,2.259,1.595,1.593,1.762,2.035
2015/06/12,1.610,2.251,1.595,1.593,1.765,2.027
2015/06/11,1.625,2.314,1.605,1.605,1.797,2.090
2015/06/10,1.665,2.254,1.615,1.613,1.780,2.027
2015/06/09,1.665,2.217,1.620,1.620,1.732,1.990
2015/06/08,1.685,2.247,1.620,1.625,1.725,2.025
2015/06/05,1.700,2.232,1.645,1.648,1.740,2.010
2015/06/04,1.703,2.269,1.650,1.653,1.770,2.047
2015/06/03,1.703,2.234,1.650,1.655,1.760,2.012
2015/06/02,1.708,2.154,1.645,1.655,1.730,1.932
2015/06/01,1.725,2.167,1.675,1.676,1.745,1.945
2015/05/29,1.735,2.134,1.695,1.693,1.745,1.915
2015/05/28,1.750,2.221,1.720,1.720,1.797,2.017
2015/05/27,1.750,2.246,1.730,1.725,1.807,2.052
2015/05/26,1.760,2.286,1.745,1.741,1.845,2.095
2015/05/22,1.760,2.286,1.755,1.750,1.872,2.097
2015/05/21,1.750,2.309,1.745,1.743,1.880,2.120
2015/05/20,1.750,2.299,1.745,1.743,1.877,2.110
2015/05/19,1.755,2.339,1.750,1.750,1.900,2.150
2015/05/18,1.755,2.311,1.745,1.746,1.892,2.137
2015/05/15,1.755,2.301,1.742,1.741,1.882,2.127
2015/05/14,1.750,2.273,1.732,1.732,1.855,2.100
2015/05/13,1.755,2.308,1.732,1.734,1.862,2.137
2015/05/12,1.770,2.388,1.757,1.758,1.945,2.222
2015/05/11,1.755,2.273,1.742,1.743,1.872,2.107
2015/05/08,1.760,2.233,1.747,1.748,1.880,2.070
2015/05/07,1.770,2.378,1.777,1.779,1.967,2.215
2015/05/06,1.781,2.395,1.785,1.783,1.977,2.232
2015/05/04,1.771,2.283,1.765,1.765,1.900,2.120
2015/04/30,1.766,2.213,1.755,1.752,1.850,2.050
2015/04/29,1.766,2.178,1.755,1.752,1.840,2.027
2015/04/28,1.761,2.153,1.750,1.749,1.830,2.007
2015/04/27,1.728,2.083,1.715,1.715,1.790,1.942
2015/04/24,1.718,2.078,1.705,1.705,1.782,1.937
2015/04/23,1.708,2.041,1.685,1.683,1.742,1.900
2015/04/22,1.698,1.976,1.670,1.671,1.715,1.835
2015/04/21,1.698,1.971,1.670,1.671,1.707,1.830
2015/04/20,1.695,1.953,1.665,1.667,1.695,1.812
2015/04/17,1.699,1.943,1.665,1.667,1.692,1.802
2015/04/16,1.703,1.978,1.680,1.680,1.720,1.837
2015/04/15,1.703,1.966,1.680,1.680,1.717,1.825
2015/04/14,1.703,1.981,1.680,1.680,1.730,1.840
2015/04/13,1.702,1.976,1.680,1.680,1.732,1.835
2015/04/10,1.697,1.941,1.670,1.670,1.717,1.800
2015/04/09,1.702,1.918,1.665,1.665,1.697,1.777
2015/04/08,1.727,1.966,1.690,1.690,1.727,1.825
2015/04/07,1.737,1.953,1.690,1.686,1.722,1.812
2015/04/06,1.737,1.933,1.690,1.686,1.710,1.792
2015/04/03,1.740,1.941,1.690,1.688,1.712,1.800
2015/04/02,1.740,1.933,1.690,1.690,1.715,1.792
2015/04/01,1.745,1.943,1.695,1.695,1.722,1.802
2015/03/31,1.755,1.940,1.710,1.707,1.717,1.802
2015/03/30,1.775,1.950,1.740,1.735,1.740,1.820
2015/03/27,1.780,1.980,1.755,1.754,1.770,1.850
2015/03/26,1.775,2.000,1.755,1.755,1.777,1.870
2015/03/25,1.780,1.997,1.755,1.755,1.777,1.867
2015/03/24,1.785,2.017,1.760,1.760,1.795,1.890
2015/03/23,1.790,2.017,1.760,1.760,1.795,1.892
2015/03/20,1.790,2.030,1.760,1.760,1.800,1.905
2015/03/19,1.795,2.050,1.770,1.772,1.825,1.925
2015/03/18,1.800,2.095,1.780,1.781,1.850,1.970
2015/03/17,1.805,2.115,1.785,1.783,1.870,1.990
2015/03/16,1.820,2.110,1.785,1.785,1.857,1.985
2015/03/13,1.830,2.140,1.790,1.792,1.865,2.015
2015/03/12,1.855,2.154,1.820,1.818,1.900,2.030
2015/03/11,1.905,2.136,1.865,1.861,1.910,2.012
2015/03/10,1.945,2.196,1.895,1.892,1.940,2.077
2015/03/09,1.960,2.184,1.900,1.900,1.922,2.057
2015/03/06,1.970,2.167,1.920,1.920,1.945,2.040
2015/03/05,1.999,2.197,1.950,1.950,1.975,2.070
2015/03/04,2.014,2.217,1.960,1.960,1.980,2.090
2015/03/03,2.024,2.214,1.970,1.970,1.990,2.087
2015/03/02,2.036,2.204,1.985,1.983,2.000,2.077
2015/02/27,2.043,2.234,2.005,2.002,2.035,2.107
2015/02/26,2.048,2.249,2.010,2.005,2.040,2.122
2015/02/25,2.048,2.257,2.010,2.005,2.040,2.130
2015/02/24,2.053,2.302,2.015,2.011,2.067,2.175
2015/02/23,2.053,2.297,2.015,2.011,2.067,2.170
2015/02/17,2.053,2.274,2.015,2.011,2.052,2.147
2015/02/16,2.053,2.349,2.020,2.018,2.095,2.222
2015/02/13,2.043,2.286,1.995,1.993,2.050,2.155
2015/02/12,2.043,2.303,2.005,2.002,2.070,2.172
2015/02/11,2.038,2.278,1.990,1.987,2.050,2.147
2015/02/10,2.038,2.286,1.980,1.980,2.060,2.155
2015/02/09,2.003,2.219,1.940,1.937,1.975,2.075
2015/02/06,1.998,2.194,1.930,1.928,1.960,2.050
2015/02/05,1.998,2.201,1.940,1.938,1.975,2.057
2015/02/04,1.998,2.179,1.940,1.940,1.957,2.035
2015/02/03,1.995,2.151,1.940,1.938,1.937,2.007
2015/02/02,2.015,2.196,1.970,1.967,1.985,2.055
2015/01/30,2.025,2.193,1.970,1.970,1.970,2.047
2015/01/29,2.028,2.216,1.980,1.981,1.995,2.070
2015/01/28,2.038,2.228,1.980,1.983,2.005,2.077
2015/01/27,2.045,2.263,1.995,1.994,2.030,2.107
2015/01/26,2.030,2.268,1.980,1.979,2.025,2.110
2015/01/23,2.030,2.288,1.975,1.976,2.030,2.130
2015/01/22,2.020,2.328,1.975,1.978,2.060,2.170
2015/01/21,2.014,2.305,1.970,1.972,2.047,2.147
2015/01/20,2.009,2.280,1.960,1.962,2.032,2.122
2015/01/19,2.017,2.293,1.970,1.971,2.040,2.130
2015/01/16,2.017,2.268,1.970,1.970,2.015,2.102
2015/01/15,2.027,2.335,1.985,1.986,2.040,2.167
2015/01/14,1.992,2.265,1.935,1.938,1.972,2.085
2015/01/13,2.032,2.337,1.985,1.985,2.022,2.157
2015/01/12,2.035,2.332,1.985,1.985,2.007,2.152
2015/01/09,2.065,2.402,2.015,2.013,2.057,2.222
2015/01/08,2.080,2.412,2.020,2.020,2.070,2.225
2015/01/07,2.088,2.422,2.025,2.025,2.077,2.235
2015/01/06,2.098,2.422,2.030,2.030,2.080,2.235
2015/01/05,2.128,2.482,2.055,2.057,2.115,2.287
2015/01/02,2.148,2.515,2.070,2.072,2.135,2.320
2014/12/31,2.158,2.483,2.070,2.073,2.095,2.285
2014/12/30,2.158,2.483,2.070,2.073,2.095,2.285
2014/12/29,2.178,2.490,2.090,2.088,2.132,2.292
2014/12/26,2.183,2.515,2.100,2.096,2.160,2.317
2014/12/24,2.183,2.510,2.085,2.090,2.145,2.307
2014/12/23,2.183,2.535,2.090,2.092,2.160,2.332
2014/12/22,2.178,2.535,2.090,2.090,2.157,2.332
2014/12/19,2.178,2.565,2.095,2.095,2.180,2.370
2014/12/18,2.178,2.575,2.100,2.100,2.192,2.385
2014/12/17,2.173,2.550,2.095,2.095,2.170,2.360
2014/12/16,2.158,2.512,2.075,2.075,2.127,2.322
2014/12/15,2.148,2.530,2.075,2.076,2.132,2.340
2014/12/12,2.135,2.517,2.065,2.065,2.110,2.327
2014/12/11,2.135,2.535,2.070,2.065,2.120,2.345
2014/12/10,2.145,2.590,2.095,2.087,2.175,2.410
2014/12/09,2.145,2.577,2.085,2.083,2.170,2.397
2014/12/08,2.160,2.625,2.095,2.097,2.225,2.450
2014/12/05,2.120,2.545,2.065,2.066,2.167,2.370
2014/12/04,2.115,2.540,2.065,2.062,2.165,2.370
2014/12/03,2.110,2.500,2.050,2.046,2.117,2.330
2014/12/02,2.095,2.427,2.030,2.028,2.077,2.257
2014/12/01,2.085,2.402,2.025,2.028,2.082,2.232
2014/11/28,2.085,2.400,2.025,2.027,2.080,2.230
2014/11/27,2.085,2.442,2.040,2.040,2.115,2.282
2014/11/26,2.080,2.427,2.030,2.030,2.097,2.270
2014/11/25,2.080,2.437,2.030,2.035,2.102,2.280
2014/11/24,2.075,2.457,2.040,2.042,2.122,2.302
2014/11/21,2.080,2.510,2.060,2.058,2.165,2.357
2014/11/20,2.080,2.498,2.055,2.053,2.155,2.345
2014/11/19,2.075,2.518,2.060,2.058,2.182,2.370
2014/11/18,2.075,2.518,2.060,2.058,2.180,2.370
2014/11/17,2.085,2.538,2.060,2.060,2.187,2.390
2014/11/14,2.085,2.555,2.060,2.060,2.195,2.407
2014/11/13,2.085,2.558,2.065,2.063,2.207,2.410
2014/11/12,2.085,2.553,2.060,2.060,2.205,2.405
2014/11/11,2.070,2.525,2.050,2.048,2.180,2.372
2014/11/10,2.035,2.480,2.020,2.018,2.117,2.322
2014/11/07,2.030,2.468,2.015,2.016,2.090,2.300
2014/11/06,2.030,2.440,2.015,2.016,2.080,2.272
2014/11/05,2.040,2.443,2.020,2.022,2.087,2.275
2014/11/04,2.055,2.443,2.035,2.035,2.095,2.270
2014/11/03,2.080,2.463,2.060,2.062,2.117,2.290
2014/10/31,2.095,2.468,2.080,2.082,2.145,2.295
2014/10/30,2.105,2.518,2.100,2.101,2.195,2.345
2014/10/29,2.110,2.543,2.100,2.105,2.205,2.365
2014/10/28,2.115,2.555,2.105,2.108,2.212,2.377
2014/10/27,2.115,2.560,2.105,2.108,2.217,2.382
2014/10/24,2.120,2.548,2.105,2.108,2.210,2.370
2014/10/23,2.115,2.568,2.110,2.113,2.217,2.390
2014/10/22,2.115,2.593,2.110,2.113,2.232,2.415
2014/10/21,2.115,2.600,2.110,2.113,2.242,2.422
2014/10/20,2.130,2.625,2.120,2.121,2.257,2.447
2014/10/17,2.135,2.598,2.120,2.122,2.245,2.420
2014/10/16,2.135,2.610,2.125,2.125,2.250,2.432
2014/10/15,2.165,2.665,2.140,2.141,2.287,2.492
2014/10/14,2.180,2.673,2.140,2.141,2.280,2.500
2014/10/13,2.180,2.650,2.140,2.141,2.255,2.472
2014/10/10,2.180,2.642,2.145,2.145,2.262,2.457
2014/10/08,2.185,2.652,2.145,2.147,2.287,2.467
2014/10/07,2.185,2.650,2.145,2.147,2.287,2.465
2014/10/06,2.185,2.625,2.140,2.143,2.260,2.440
2014/10/02,2.185,2.610,2.140,2.143,2.242,2.425
2014/10/01,2.180,2.602,2.140,2.145,2.212,2.417
2014/09/30,2.235,2.672,2.200,2.203,2.292,2.495
2014/09/29,2.245,2.714,2.215,2.217,2.322,2.537
2014/09/26,2.245,2.714,2.215,2.217,2.315,2.535
2014/09/25,2.245,2.739,2.215,2.217,2.322,2.560
2014/09/24,2.245,2.756,2.220,2.218,2.330,2.577
2014/09/23,2.245,2.771,2.220,2.222,2.347,2.592
2014/09/22,2.250,2.786,2.220,2.222,2.352,2.605
2014/09/19,2.250,2.818,2.230,2.228,2.370,2.637
2014/09/18,2.255,2.813,2.230,2.228,2.362,2.632
2014/09/17,2.260,2.828,2.240,2.236,2.370,2.647
2014/09/16,2.260,2.841,2.245,2.243,2.367,2.660
2014/09/15,2.285,2.856,2.265,2.263,2.400,2.675
2014/09/12,2.295,2.846,2.275,2.273,2.405,2.665
2014/09/11,2.340,2.933,2.330,2.325,2.492,2.730
2014/09/05,2.345,2.933,2.340,2.332,2.505,2.730
2014/09/04,2.350,2.968,2.350,2.342,2.540,2.765
2014/09/03,2.350,2.970,2.345,2.341,2.532,2.767
2014/09/02,2.350,2.943,2.345,2.341,2.510,2.740
2014/09/01,2.360,2.940,2.355,2.351,2.517,2.737
2014/08/29,2.360,2.938,2.355,2.351,2.512,2.735
2014/08/28,2.360,2.955,2.355,2.351,2.527,2.752
2014/08/27,2.360,2.948,2.355,2.351,2.527,2.745
2014/08/26,2.360,2.958,2.360,2.356,2.537,2.755
2014/08/25,2.360,2.995,2.365,2.362,2.567,2.792
2014/08/22,2.360,3.023,2.365,2.362,2.582,2.825
2014/08/21,2.360,3.028,2.365,2.362,2.585,2.830
2014/08/20,2.365,3.018,2.365,2.362,2.577,2.820
2014/08/19,2.365,3.015,2.365,2.361,2.572,2.817
2014/08/18,2.370,2.993,2.360,2.357,2.565,2.795
2014/08/14,2.365,2.958,2.350,2.348,2.540,2.760
2014/08/13,2.375,2.948,2.350,2.348,2.512,2.750
2014/08/12,2.385,2.945,2.360,2.358,2.517,2.747
2014/08/11,2.390,2.933,2.360,2.360,2.510,2.735
2014/08/08,2.395,2.913,2.360,2.361,2.500,2.715
2014/08/07,2.415,2.953,2.375,2.378,2.525,2.755
2014/08/06,2.425,2.963,2.385,2.387,2.535,2.765
2014/08/05,2.425,2.953,2.375,2.378,2.520,2.755
2014/08/04,2.430,3.003,2.385,2.387,2.545,2.805
2014/08/01,2.435,3.003,2.385,2.387,2.545,2.805
2014/07/31,2.435,2.958,2.385,2.387,2.515,2.760
2014/07/30,2.440,2.943,2.390,2.396,2.510,2.745
2014/07/29,2.450,2.948,2.405,2.407,2.520,2.745
2014/07/28,2.450,2.933,2.400,2.405,2.507,2.730
2014/07/25,2.445,2.913,2.400,2.405,2.492,2.710
2014/07/24,2.450,2.920,2.405,2.408,2.497,2.717
2014/07/23,2.440,2.888,2.400,2.403,2.465,2.685
2014/07/22,2.480,2.925,2.435,2.436,2.512,2.722
2014/07/21,2.490,2.928,2.445,2.445,2.520,2.725
2014/07/18,2.490,2.915,2.445,2.447,2.522,2.712
2014/07/17,2.505,2.912,2.450,2.455,2.520,2.700
2014/07/16,2.540,2.962,2.500,2.501,2.577,2.752
2014/07/15,2.550,2.985,2.510,2.511,2.592,2.775
2014/07/14,2.560,2.998,2.515,2.517,2.595,2.785
2014/07/11,2.560,2.980,2.515,2.517,2.582,2.767
2014/07/10,2.570,3.000,2.525,2.523,2.592,2.787
2014/07/09,2.580,3.040,2.535,2.533,2.610,2.837
2014/07/08,2.590,3.065,2.550,2.548,2.650,2.862
2014/07/07,2.590,3.030,2.550,2.547,2.615,2.825
2014/07/04,2.595,3.020,2.550,2.548,2.615,2.812
2014/07/03,2.605,3.003,2.555,2.552,2.597,2.795
2014/07/02,2.605,2.993,2.555,2.555,2.580,2.785
2014/07/01,2.635,3.053,2.595,2.595,2.665,2.865
2014/06/30,2.640,3.068,2.605,2.605,2.682,2.880
2014/06/27,2.645,3.080,2.610,2.613,2.697,2.892
2014/06/26,2.645,3.098,2.620,2.618,2.710,2.910
2014/06/25,2.640,3.095,2.610,2.610,2.692,2.907
2014/06/24,2.635,3.085,2.600,2.600,2.680,2.892
2014/06/23,2.635,3.097,2.600,2.600,2.690,2.902
2014/06/20,2.635,3.065,2.595,2.597,2.660,2.870
2014/06/19,2.635,3.117,2.600,2.605,2.682,2.927
2014/06/18,2.640,3.157,2.610,2.613,2.722,2.972
2014/06/17,2.640,3.157,2.610,2.615,2.725,2.972
2014/06/16,2.640,3.165,2.610,2.616,2.717,2.980
2014/06/13,2.645,3.175,2.620,2.628,2.740,2.990
2014/06/12,2.650,3.195,2.640,2.642,2.790,3.020
2014/06/11,2.660,3.220,2.655,2.656,2.820,3.050
2014/06/10,2.660,3.215,2.655,2.657,2.817,3.040
2014/06/09,2.665,3.245,2.665,2.665,2.837,3.070
2014/06/05,2.665,3.250,2.670,2.663,2.837,3.072
2014/06/03,2.665,3.245,2.670,2.663,2.837,3.065
2014/06/02,2.665,3.240,2.650,2.656,2.825,3.055
2014/05/30,2.665,3.225,2.650,2.656,2.815,3.035
2014/05/29,2.665,3.210,2.650,2.656,2.805,3.020
2014/05/28,2.665,3.233,2.650,2.657,2.815,3.040
2014/05/27,2.665,3.250,2.650,2.658,2.827,3.057
2014/05/26,2.665,3.260,2.650,2.655,2.827,3.060
2014/05/23,2.665,3.268,2.650,2.655,2.830,3.068
2014/05/22,2.665,3.288,2.655,2.658,2.847,3.088
2014/05/21,2.665,3.270,2.650,2.655,2.842,3.070
2014/05/20,2.665,3.275,2.650,2.653,2.842,3.070
2014/05/19,2.665,3.262,2.650,2.653,2.837,3.057
2014/05/16,2.665,3.272,2.650,2.653,2.835,3.067
2014/05/15,2.665,3.270,2.645,2.648,2.825,3.065
2014/05/14,2.665,3.310,2.650,2.653,2.850,3.110
2014/05/13,2.665,3.319,2.650,2.653,2.855,3.117
2014/05/12,2.665,3.314,2.650,2.653,2.847,3.112
2014/05/09,2.670,3.302,2.650,2.653,2.837,3.100
2014/05/08,2.670,3.322,2.655,2.656,2.847,3.120
2014/05/07,2.675,3.329,2.655,2.656,2.852,3.127
2014/05/02,2.680,3.354,2.660,2.660,2.862,3.152
2014/04/30,2.680,3.367,2.660,2.663,2.870,3.165
2014/04/29,2.685,3.367,2.660,2.663,2.872,3.165
2014/04/28,2.685,3.372,2.660,2.665,2.877,3.170
2014/04/25,2.680,3.372,2.660,2.665,2.875,3.170
2014/04/24,2.680,3.382,2.660,2.665,2.880,3.180
2014/04/23,2.675,3.382,2.660,2.662,2.880,3.180
2014/04/22,2.665,3.377,2.650,2.655,2.875,3.175
2014/04/21,2.665,3.387,2.645,2.651,2.885,3.185
2014/04/18,2.665,3.377,2.645,2.650,2.877,3.175
2014/04/17,2.665,3.362,2.640,2.648,2.870,3.160
2014/04/16,2.665,3.382,2.645,2.652,2.887,3.180
2014/04/15,2.665,3.370,2.645,2.651,2.877,3.168
2014/04/14,2.665,3.365,2.640,2.646,2.872,3.163
2014/04/11,2.665,3.347,2.630,2.637,2.857,3.145
2014/04/10,2.665,3.350,2.630,2.637,2.857,3.148
2014/04/09,2.665,3.345,2.630,2.637,2.855,3.143
2014/04/08,2.665,3.370,2.635,2.641,2.877,3.168
2014/04/07,2.665,3.360,2.635,2.641,2.870,3.158
2014/04/04,2.665,3.382,2.645,2.648,2.887,3.180
2014/04/03,2.675,3.382,2.650,2.651,2.882,3.178
2014/04/02,2.675,3.380,2.650,2.653,2.880,3.175
2014/04/01,2.680,3.365,2.655,2.657,2.872,3.160
2014/03/31,2.680,3.360,2.655,2.658,2.870,3.155
2014/03/28,2.680,3.355,2.655,2.656,2.867,3.150
2014/03/27,2.680,3.373,2.655,2.655,2.877,3.168
2014/03/26,2.680,3.375,2.655,2.655,2.882,3.170
2014/03/25,2.680,3.375,2.655,2.655,2.880,3.170
2014/03/24,2.680,3.388,2.660,2.658,2.890,3.183
2014/03/21,2.680,3.380,2.660,2.658,2.882,3.175
2014/03/20,2.680,3.363,2.655,2.651,2.865,3.158
2014/03/19,2.680,3.335,2.645,2.645,2.830,3.130
2014/03/18,2.680,3.353,2.645,2.646,2.837,3.148
2014/03/17,2.680,3.358,2.645,2.647,2.847,3.153
2014/03/14,2.675,3.330,2.640,2.642,2.825,3.125
2014/03/13,2.680,3.374,2.660,2.657,2.867,3.180
2014/03/12,2.680,3.374,2.665,2.665,2.867,3.180
2014/03/11,2.680,3.392,2.670,2.671,2.880,3.198
2014/03/10,2.680,3.397,2.655,2.655,2.882,3.175
2014/03/07,2.680,3.412,2.655,2.657,2.895,3.190
2014/03/06,2.680,3.412,2.660,2.658,2.895,3.185
2014/03/05,2.680,3.417,2.660,2.658,2.895,3.185
2014/03/04,2.680,3.440,2.665,2.662,2.912,3.208
2014/03/03,2.680,3.417,2.665,2.662,2.890,3.175
2014/02/28,2.670,3.372,2.650,2.647,2.850,3.125
2014/02/27,2.670,3.377,2.650,2.648,2.850,3.130
2014/02/26,2.670,3.397,2.650,2.648,2.855,3.150
2014/02/25,2.670,3.395,2.650,2.648,2.857,3.148
2014/02/24,2.665,3.407,2.650,2.648,2.870,3.160
2014/02/21,2.665,3.422,2.650,2.650,2.877,3.175
2014/02/20,2.665,3.397,2.645,2.643,2.860,3.145
2014/02/19,2.670,3.400,2.645,2.643,2.855,3.148
2014/02/18,2.670,3.415,2.645,2.643,2.860,3.163
2014/02/17,2.670,3.405,2.640,2.642,2.852,3.150
2014/02/14,2.670,3.388,2.640,2.642,2.842,3.133
2014/02/13,2.670,3.395,2.640,2.642,2.837,3.140
2014/02/12,2.670,3.415,2.635,2.641,2.842,3.160
2014/02/11,2.670,3.415,2.630,2.640,2.840,3.158
2014/02/10,2.670,3.430,2.630,2.640,2.845,3.173
2014/02/07,2.675,3.455,2.640,2.645,2.855,3.198
2014/02/06,2.680,3.440,2.640,2.645,2.850,3.180
2014/02/05,2.685,3.450,2.640,2.645,2.855,3.185
2014/02/04,2.695,3.437,2.640,2.645,2.852,3.172
2014/02/03,2.705,3.490,2.655,2.663,2.880,3.225
2014/01/29,2.710,3.490,2.665,2.667,2.885,3.225
2014/01/28,2.715,3.485,2.665,2.668,2.872,3.220
2014/01/27,2.715,3.495,2.665,2.663,2.885,3.230
2014/01/24,2.705,3.475,2.655,2.653,2.865,3.210
2014/01/23,2.700,3.525,2.655,2.653,2.905,3.260
2014/01/22,2.700,3.548,2.660,2.656,2.920,3.283
2014/01/21,2.690,3.535,2.660,2.653,2.910,3.270
2014/01/20,2.680,3.530,2.660,2.651,2.905,3.260
2014/01/17,2.670,3.530,2.650,2.645,2.895,3.255
2014/01/16,2.675,3.540,2.645,2.642,2.890,3.250
2014/01/15,2.680,3.560,2.650,2.643,2.905,3.270
2014/01/14,2.680,3.551,2.640,2.640,2.905,3.258
2014/01/13,2.670,3.536,2.635,2.632,2.890,3.240
2014/01/10,2.660,3.576,2.630,2.628,2.910,3.280
2014/01/09,2.650,3.574,2.620,2.620,2.895,3.278
2014/01/08,2.650,3.544,2.605,2.615,2.855,3.240
2014/01/07,2.660,3.559,2.615,2.626,2.860,3.255
2014/01/06,2.665,3.557,2.625,2.632,2.860,3.253
2014/01/03,2.685,3.627,2.670,2.668,2.930,3.325
2014/01/02,2.695,3.612,2.670,2.670,2.910,3.305
2013/12/31,2.705,3.542,2.670,2.670,2.865,3.230
2013/12/30,2.705,3.542,2.670,2.670,2.865,3.230
2013/12/27,2.705,3.502,2.660,2.658,2.830,3.190
2013/12/26,2.735,3.537,2.690,2.691,2.880,3.225
2013/12/24,2.740,3.532,2.690,2.692,2.880,3.220
2013/12/23,2.745,3.537,2.695,2.696,2.880,3.225
2013/12/20,2.725,3.550,2.685,2.687,2.880,3.238
2013/12/19,2.720,3.560,2.695,2.691,2.895,3.250
2013/12/18,2.710,3.560,2.690,2.687,2.900,3.250
2013/12/17,2.700,3.545,2.680,2.678,2.885,3.235
2013/12/16,2.695,3.580,2.680,2.677,2.920,3.273
2013/12/13,2.695,3.630,2.685,2.687,2.955,3.328
2013/12/12,2.695,3.660,2.700,2.700,3.005,3.365
2013/12/11,2.690,3.660,2.695,2.696,3.005,3.365
2013/12/10,2.685,3.640,2.680,2.682,2.990,3.345
2013/12/09,2.685,3.635,2.675,2.683,2.985,3.340
2013/12/06,2.685,3.670,2.690,2.691,3.005,3.385
2013/12/05,2.685,3.695,2.705,2.702,3.020,3.410
2013/12/04,2.685,3.675,2.715,2.703,3.025,3.390
2013/12/03,2.690,3.675,2.720,2.712,3.040,3.385
2013/12/02,2.690,3.680,2.685,2.690,3.040,3.390
2013/11/29,2.680,3.640,2.670,2.678,3.010,3.345
2013/11/28,2.670,3.620,2.660,2.668,2.990,3.320
2013/11/27,2.670,3.595,2.655,2.666,2.970,3.295
2013/11/26,2.670,3.590,2.650,2.665,2.960,3.290
2013/11/25,2.670,3.600,2.655,2.666,2.970,3.305
2013/11/22,2.670,3.580,2.655,2.662,2.945,3.285
2013/11/21,2.670,3.615,2.665,2.665,2.970,3.320
2013/11/20,2.670,3.590,2.660,2.661,2.955,3.295
2013/11/19,2.670,3.580,2.665,2.663,2.950,3.285
2013/11/18,2.670,3.540,2.655,2.660,2.935,3.245
2013/11/15,2.670,3.540,2.660,2.662,2.940,3.245
2013/11/14,2.670,3.535,2.660,2.662,2.935,3.238
2013/11/13,2.680,3.525,2.660,2.667,2.935,3.225
2013/11/12,2.680,3.550,2.670,2.675,2.960,3.250
2013/11/11,2.680,3.540,2.670,2.675,2.955,3.240
2013/11/08,2.670,3.450,2.655,2.658,2.885,3.140
2013/11/07,2.670,3.470,2.660,2.660,2.900,3.160
2013/11/06,2.670,3.460,2.650,2.657,2.885,3.140
2013/11/05,2.670,3.470,2.645,2.656,2.885,3.150
2013/11/04,2.670,3.430,2.645,2.656,2.860,3.110
2013/11/01,2.670,3.405,2.645,2.656,2.845,3.085
2013/10/31,2.670,3.368,2.640,2.652,2.815,3.048
2013/10/30,2.670,3.340,2.640,2.652,2.790,3.020
2013/10/29,2.670,3.355,2.650,2.657,2.805,3.035
2013/10/28,2.680,3.385,2.660,2.667,2.825,3.065
2013/10/25,2.670,3.350,2.650,2.650,2.800,3.030
2013/10/24,2.660,3.360,2.640,2.650,2.800,3.040
2013/10/23,2.660,3.340,2.630,2.640,2.790,3.020
2013/10/22,2.670,3.410,2.640,2.650,2.830,3.090
2013/10/21,2.660,3.410,2.640,2.650,2.840,3.100
2013/10/18,2.650,3.390,2.630,2.640,2.820,3.080
2013/10/17,2.650,3.420,2.640,2.650,2.840,3.120
2013/10/16,2.650,3.440,2.650,2.660,2.860,3.140
2013/10/15,2.660,3.460,2.660,2.660,2.880,3.160
2013/10/14,2.660,3.450,2.670,2.670,2.880,3.150
2013/10/11,2.660,3.420,2.660,2.660,2.860,3.120
2013/10/10,2.660,3.430,2.680,2.680,2.870,3.130
2013/10/08,2.660,3.390,2.680,2.670,2.850,3.090
2013/10/07,2.660,3.370,2.670,2.670,2.840,3.070
2013/10/04,2.660,3.350,2.670,2.670,2.830,3.050
2013/10/02,2.670,3.340,2.670,2.670,2.830,3.050
2013/10/01,2.670,3.370,2.680,2.680,2.840,3.080
2013/09/30,2.680,3.340,2.670,2.670,2.810,3.050
2013/09/27,2.680,3.350,2.670,2.670,2.820,3.060
2013/09/26,2.680,3.380,2.680,2.680,2.850,3.090
2013/09/25,2.680,3.350,2.680,2.680,2.840,3.060
2013/09/24,2.680,3.330,2.670,2.670,2.820,3.040
2013/09/23,2.650,3.330,2.640,2.640,2.800,3.040
2013/09/17,2.650,3.390,2.650,2.650,2.840,3.110
2013/09/16,2.650,3.420,2.660,2.660,2.870,3.150
2013/09/13,2.650,3.490,2.680,2.680,2.930,3.230
2013/09/12,2.640,3.460,2.670,2.670,2.910,3.200
2013/09/11,2.640,3.490,2.670,2.670,2.930,3.230
2013/09/10,2.640,3.530,2.680,2.680,2.970,3.280
2013/09/09,2.640,3.490,2.670,2.670,2.940,3.230
2013/09/06,2.660,3.560,2.690,2.690,2.980,3.300
2013/09/05,2.660,3.560,2.700,2.690,2.980,3.300
2013/09/04,2.660,3.500,2.670,2.670,2.930,3.240
2013/09/03,2.660,3.480,2.670,2.670,2.920,3.220
2013/09/02,2.670,3.470,2.670,2.670,2.920,3.210
2013/08/30,2.670,3.420,2.660,2.660,2.880,3.160
2013/08/29,2.680,3.460,2.670,2.670,2.910,3.200
2013/08/28,2.690,3.490,2.680,2.680,2.930,3.240
2013/08/27,2.700,3.510,2.680,2.680,2.940,3.270
2013/08/26,2.690,3.520,2.680,2.680,2.940,3.280
2013/08/23,2.690,3.560,2.680,2.680,2.960,3.320
2013/08/22,2.680,3.590,2.700,2.690,2.990,3.350
2013/08/21,2.670,3.540,2.670,2.670,2.960,3.300
2013/08/20,2.670,3.520,2.660,2.660,2.940,3.280
2013/08/19,2.670,3.580,2.680,2.670,2.990,3.340
2013/08/16,2.660,3.520,2.660,2.660,2.950,3.290
2013/08/14,2.650,3.510,2.660,2.660,2.960,3.280
2013/08/13,2.630,3.470,2.650,2.640,2.930,3.230
2013/08/12,2.620,3.450,2.630,2.620,2.900,3.200
2013/08/09,2.620,3.480,2.620,2.620,2.910,3.230
2013/08/08,2.620,3.480,2.620,2.630,2.910,3.220
2013/08/07,2.620,3.510,2.640,2.640,2.940,3.250
2013/08/06,2.620,3.460,2.630,2.630,2.920,3.200
2013/08/05,2.630,3.470,2.640,2.640,2.920,3.200
2013/08/02,2.650,3.530,2.670,2.660,2.960,3.260
2013/08/01,2.650,3.490,2.660,2.660,2.920,3.200
2013/07/31,2.670,3.490,2.670,2.670,2.920,3.200
2013/07/30,2.660,3.470,2.670,2.660,2.910,3.180
2013/07/29,2.640,3.460,2.660,2.660,2.890,3.170
2013/07/26,2.640,3.500,2.680,2.670,2.940,3.210
2013/07/25,2.640,3.510,2.680,2.680,2.950,3.220
2013/07/24,2.610,3.450,2.650,2.650,2.890,3.140
2013/07/23,2.600,3.450,2.650,2.640,2.880,3.120
2013/07/22,2.600,3.440,2.630,2.630,2.850,3.100
2013/07/19,2.600,3.440,2.620,2.620,2.840,3.100
2013/07/18,2.590,3.440,2.620,2.620,2.850,3.100
2013/07/17,2.590,3.500,2.640,2.640,2.890,3.160
2013/07/16,2.590,3.490,2.640,2.640,2.880,3.140
2013/07/15,2.590,3.500,2.640,2.640,2.890,3.150
2013/07/12,2.590,3.460,2.630,2.630,2.860,3.100
2013/07/11,2.580,3.460,2.620,2.620,2.840,3.100
2013/07/10,2.600,3.580,2.650,2.640,2.940,3.240
2013/07/09,2.610,3.630,2.660,2.660,2.990,3.290
2013/07/08,2.610,3.650,2.660,2.660,3.000,3.310
2013/07/05,2.590,3.560,2.640,2.650,2.950,3.220
2013/07/04,2.590,3.530,2.640,2.650,2.940,3.190
2013/07/03,2.620,3.530,2.660,2.670,2.950,3.190
2013/07/02,2.640,3.520,2.680,2.680,2.940,3.180
2013/07/01,2.680,3.590,2.710,2.710,2.990,3.250
2013/06/28,2.690,3.480,2.670,2.680,2.900,3.140
2013/06/27,2.750,3.530,2.700,2.710,2.960,3.210
2013/06/26,2.750,3.540,2.700,2.710,2.960,3.240
2013/06/25,2.750,3.580,2.710,2.710,3.020,3.310
2013/06/24,2.770,3.660,2.780,2.780,3.120,3.430
2013/06/21,2.730,3.550,2.750,2.740,3.040,3.320
2013/06/20,2.690,3.390,2.700,2.700,2.940,3.160
2013/06/19,2.630,3.240,2.620,2.630,2.810,3.010
2013/06/18,2.630,3.210,2.590,2.600,2.770,2.980
2013/06/17,2.630,3.250,2.620,2.620,2.820,3.030
2013/06/14,2.610,3.170,2.590,2.590,2.750,2.960
2013/06/13,2.610,3.240,2.610,2.610,2.820,3.030
2013/06/12,2.610,3.290,2.640,2.630,2.870,3.080
2013/06/11,2.610,3.210,2.610,2.610,2.800,3.000
2013/06/10,2.610,3.160,2.610,2.600,2.780,2.950
2013/06/07,2.600,3.130,2.610,2.600,2.760,2.920
2013/06/05,2.610,3.170,2.640,2.640,2.810,2.960
2013/06/04,2.620,3.140,2.640,2.640,2.770,2.930
2013/06/03,2.640,3.110,2.610,2.620,2.780,2.900
2013/05/31,2.650,3.110,2.630,2.630,2.780,2.900
2013/05/30,2.650,3.060,2.620,2.620,2.750,2.850
2013/05/29,2.660,3.060,2.630,2.630,2.750,2.850
2013/05/28,2.630,2.960,2.570,2.570,2.640,2.730
2013/05/27,2.620,2.930,2.560,2.560,2.610,2.700
2013/05/24,2.620,2.940,2.560,2.570,2.620,2.710
2013/05/23,2.610,2.930,2.560,2.570,2.610,2.700
2013/05/22,2.610,2.930,2.560,2.570,2.610,2.700
2013/05/21,2.610,2.930,2.560,2.560,2.600,2.690
2013/05/20,2.610,2.930,2.560,2.560,2.600,2.690
2013/05/16,2.590,2.890,2.550,2.540,2.570,2.650
2013/05/15,2.600,2.890,2.550,2.540,2.560,2.650
2013/05/14,2.600,2.880,2.550,2.540,2.560,2.640
2013/05/13,2.620,2.900,2.560,2.560,2.570,2.660
2013/05/10,2.620,2.880,2.560,2.560,2.550,2.640
2013/05/09,2.640,2.860,2.570,2.570,2.540,2.620
2013/05/08,2.700,2.860,2.590,2.590,2.550,2.620
2013/05/07,2.700,2.840,2.590,2.590,2.530,2.600
2013/05/06,2.720,2.860,2.610,2.610,2.560,2.620
2013/05/03,2.650,2.770,2.530,2.530,2.470,2.530
2013/05/02,2.630,2.750,2.510,2.510,2.450,2.510
2013/04/30,2.670,2.790,2.560,2.550,2.490,2.550
2013/04/29,2.710,2.820,2.580,2.580,2.520,2.590
2013/04/26,2.730,2.820,2.590,2.580,2.520,2.590
2013/04/25,2.760,2.860,2.630,2.620,2.560,2.630
2013/04/24,2.760,2.910,2.650,2.650,2.600,2.680
2013/04/23,2.740,2.900,2.650,2.640,2.600,2.670
2013/04/22,2.750,2.920,2.660,2.650,2.620,2.690
2013/04/19,2.710,2.910,2.640,2.630,2.610,2.680
2013/04/18,2.680,2.890,2.610,2.610,2.590,2.660
2013/04/17,2.680,2.920,2.620,2.620,2.630,2.690
2013/04/16,2.690,2.920,2.620,2.620,2.620,2.690
2013/04/15,2.710,2.980,2.660,2.650,2.660,2.750
2013/04/12,2.700,2.990,2.660,2.650,2.670,2.760
2013/04/11,2.660,2.950,2.610,2.610,2.630,2.720
2013/04/10,2.540,2.820,2.490,2.480,2.480,2.580
2013/04/09,2.550,2.830,2.490,2.490,2.490,2.590
2013/04/08,2.550,2.800,2.490,2.480,2.470,2.560
2013/04/05,2.550,2.780,2.470,2.460,2.440,2.540
2013/04/04,2.570,2.810,2.500,2.490,2.480,2.570
2013/04/03,2.580,2.800,2.500,2.490,2.470,2.560
2013/04/02,2.590,2.800,2.510,2.490,2.470,2.560
2013/04/01,2.610,2.810,2.530,2.510,2.480,2.570
2013/03/29,2.640,2.820,2.540,2.530,2.520,2.580
2013/03/28,2.620,2.740,2.510,2.500,2.440,2.500
2013/03/27,2.690,2.870,2.610,2.600,2.580,2.650
2013/03/26,2.680,2.880,2.610,2.600,2.580,2.660
2013/03/25,2.680,2.880,2.600,2.600,2.580,2.660
2013/03/22,2.670,2.870,2.600,2.590,2.570,2.650
2013/03/21,2.670,2.890,2.600,2.600,2.590,2.670
2013/03/20,2.670,2.890,2.600,2.600,2.590,2.670
2013/03/19,2.660,2.890,2.590,2.600,2.590,2.670
2013/03/18,2.660,2.900,2.590,2.600,2.600,2.680
2013/03/15,2.670,2.910,2.600,2.600,2.610,2.700
2013/03/14,2.670,2.920,2.600,2.610,2.620,2.710
2013/03/13,2.660,2.930,2.600,2.600,2.610,2.720
2013/03/12,2.660,2.920,2.600,2.610,2.610,2.710
2013/03/11,2.690,2.970,2.640,2.640,2.660,2.770
2013/03/08,2.680,2.970,2.640,2.630,2.660,2.770
2013/03/07,2.680,2.970,2.640,2.630,2.660,2.770
2013/03/06,2.670,2.950,2.630,2.620,2.640,2.750
2013/03/05,2.660,2.930,2.620,2.610,2.620,2.730
2013/03/04,2.670,2.940,2.630,2.620,2.630,2.740
2013/02/28,2.680,2.940,2.630,2.630,2.630,2.740
2013/02/27,2.670,2.930,2.620,2.620,2.620,2.730
2013/02/26,2.690,2.960,2.640,2.640,2.650,2.760
2013/02/25,2.700,3.000,2.660,2.660,2.680,2.800
2013/02/22,2.700,3.000,2.660,2.660,2.680,2.800
2013/02/21,2.700,2.990,2.650,2.650,2.680,2.790
2013/02/20,2.720,3.020,2.670,2.670,2.700,2.820
2013/02/19,2.710,3.000,2.650,2.650,2.680,2.800
2013/02/18,2.730,3.030,2.670,2.670,2.710,2.830
2013/02/15,2.740,3.040,2.680,2.680,2.720,2.840
2013/02/14,2.750,3.060,2.690,2.690,2.730,2.860
2013/02/13,2.750,3.060,2.690,2.690,2.730,2.860
2013/02/12,2.750,3.030,2.680,2.680,2.710,2.830
2013/02/08,2.760,3.040,2.690,2.690,2.720,2.840
2013/02/07,2.760,3.050,2.690,2.690,2.730,2.850
2013/02/06,2.760,3.050,2.690,2.690,2.720,2.850
2013/02/05,2.780,3.070,2.720,2.710,2.750,2.880
2013/02/04,2.790,3.090,2.730,2.730,2.770,2.900
2013/02/01,2.790,3.090,2.730,2.730,2.760,2.900
2013/01/31,2.800,3.080,2.740,2.740,2.750,2.890
2013/01/30,2.810,3.090,2.750,2.750,2.770,2.900
2013/01/29,2.790,3.050,2.730,2.730,2.740,2.860
2013/01/28,2.790,3.040,2.730,2.730,2.740,2.850
2013/01/25,2.770,3.010,2.710,2.710,2.710,2.820
2013/01/24,2.770,3.010,2.710,2.710,2.710,2.820
2013/01/23,2.770,3.020,2.710,2.710,2.720,2.830
2013/01/22,2.770,3.030,2.720,2.710,2.730,2.840
2013/01/21,2.770,3.030,2.730,2.720,2.740,2.850
2013/01/18,2.770,3.030,2.730,2.720,2.740,2.850
2013/01/17,2.760,3.010,2.720,2.710,2.720,2.820
2013/01/16,2.760,3.030,2.730,2.720,2.740,2.840
2013/01/15,2.750,3.030,2.730,2.720,2.730,2.840
2013/01/14,2.770,3.070,2.740,2.730,2.760,2.880
2013/01/11,2.760,3.070,2.740,2.730,2.760,2.880
2013/01/10,2.720,3.020,2.690,2.690,2.700,2.820
2013/01/09,2.760,3.070,2.710,2.710,2.750,2.870
2013/01/08,2.770,3.070,2.710,2.710,2.750,2.870
2013/01/07,2.790,3.100,2.720,2.720,2.760,2.890
2013/01/04,2.790,3.100,2.720,2.720,2.740,2.890
2013/01/03,2.820,3.120,2.740,2.740,2.760,2.910
2013/01/02,2.860,3.180,2.790,2.780,2.820,2.980
2012/12/31,2.870,3.170,2.790,2.780,2.820,2.970
2012/12/28,2.870,3.170,2.790,2.780,2.820,2.970
2012/12/27,2.880,3.220,2.800,2.790,2.850,3.020
2012/12/26,2.890,3.240,2.810,2.800,2.880,3.050
2012/12/24,2.900,3.220,2.810,2.800,2.870,3.030
2012/12/21,2.900,3.210,2.800,2.800,2.850,3.020
2012/12/20,2.900,3.230,2.820,2.810,2.880,3.040
2012/12/18,2.910,3.240,2.830,2.820,2.900,3.050
2012/12/17,2.900,3.210,2.820,2.810,2.880,3.020
2012/12/14,2.890,3.200,2.820,2.810,2.870,3.010
2012/12/13,2.880,3.190,2.810,2.810,2.860,2.990
2012/12/12,2.870,3.160,2.800,2.800,2.830,2.960
2012/12/11,2.870,3.160,2.800,2.800,2.840,2.970
2012/12/10,2.870,3.150,2.800,2.800,2.830,2.960
2012/12/07,2.860,3.120,2.780,2.780,2.810,2.930
2012/12/06,2.860,3.120,2.790,2.790,2.830,2.940
2012/12/05,2.860,3.130,2.790,2.790,2.850,2.950
2012/12/04,2.850,3.100,2.780,2.780,2.830,2.920
2012/12/03,2.850,3.090,2.770,2.770,2.840,2.910
2012/11/30,2.850,3.090,2.770,2.770,2.840,2.910
2012/11/29,2.850,3.080,2.770,2.770,2.830,2.900
2012/11/28,2.850,3.080,2.770,2.770,2.830,2.900
2012/11/27,2.850,3.090,2.780,2.780,2.840,2.910
2012/11/26,2.840,3.070,2.770,2.770,2.820,2.890
2012/11/23,2.850,3.090,2.780,2.780,2.840,2.910
2012/11/22,2.840,3.070,2.770,2.760,2.820,2.890
2012/11/21,2.830,3.050,2.760,2.750,2.790,2.870
2012/11/20,2.830,3.050,2.760,2.750,2.790,2.870
2012/11/19,2.830,3.040,2.760,2.750,2.790,2.860
2012/11/16,2.820,3.020,2.750,2.750,2.770,2.840
2012/11/15,2.820,3.030,2.750,2.750,2.780,2.850
2012/11/14,2.820,3.030,2.750,2.750,2.780,2.850
2012/11/13,2.820,3.020,2.750,2.750,2.770,2.840
2012/11/12,2.820,3.040,2.760,2.750,2.790,2.860
2012/11/09,2.820,3.030,2.760,2.750,2.790,2.860
2012/11/08,2.820,3.000,2.740,2.740,2.750,2.830
2012/11/07,2.840,3.020,2.750,2.740,2.770,2.850
2012/11/06,2.840,3.020,2.750,2.750,2.770,2.850
2012/11/05,2.840,3.040,2.750,2.750,2.790,2.870
2012/11/02,2.830,3.020,2.750,2.750,2.780,2.840
2012/11/01,2.830,3.010,2.740,2.740,2.760,2.830
2012/10/31,2.830,3.020,2.740,2.740,2.770,2.840
2012/10/30,2.830,3.040,2.750,2.750,2.780,2.860
2012/10/29,2.830,3.040,2.750,2.750,2.780,2.860
2012/10/26,2.840,3.040,2.750,2.750,2.780,2.860
2012/10/25,2.840,3.070,2.760,2.760,2.800,2.890
2012/10/24,2.840,3.080,2.770,2.760,2.800,2.890
2012/10/23,2.850,3.080,2.770,2.770,2.810,2.890
2012/10/22,2.860,3.110,2.790,2.790,2.840,2.920
2012/10/19,2.840,3.080,2.780,2.770,2.810,2.890
2012/10/18,2.850,3.100,2.800,2.790,2.830,2.910
2012/10/17,2.850,3.080,2.800,2.780,2.810,2.880
2012/10/16,2.850,3.060,2.790,2.780,2.780,2.850
2012/10/15,2.850,3.050,2.780,2.770,2.760,2.830
2012/10/12,2.860,3.070,2.780,2.780,2.770,2.840
2012/10/11,2.840,3.050,2.760,2.760,2.740,2.810
2012/10/10,2.810,3.020,2.730,2.730,2.710,2.780
2012/10/09,2.870,3.070,2.780,2.780,2.760,2.830
2012/10/08,2.870,3.060,2.790,2.790,2.760,2.830
2012/10/05,2.870,3.050,2.790,2.790,2.750,2.820
2012/10/04,2.870,3.040,2.790,2.790,2.740,2.810
2012/10/02,2.880,3.050,2.800,2.800,2.750,2.820
2012/09/28,2.910,3.090,2.820,2.820,2.790,2.860
2012/09/27,2.930,3.120,2.840,2.840,2.810,2.890
2012/09/26,2.910,3.100,2.830,2.820,2.790,2.870
2012/09/25,2.910,3.120,2.830,2.820,2.810,2.890
2012/09/24,2.910,3.120,2.830,2.820,2.810,2.890
2012/09/21,2.910,3.140,2.840,2.840,2.830,2.910
2012/09/20,2.890,3.120,2.830,2.820,2.810,2.890
2012/09/19,2.940,3.180,2.870,2.860,2.880,2.960
2012/09/18,2.930,3.170,2.850,2.840,2.860,2.940
2012/09/17,2.950,3.200,2.880,2.860,2.900,2.970
2012/09/14,2.940,3.160,2.840,2.830,2.870,2.930
2012/09/13,2.940,3.160,2.850,2.840,2.870,2.930
2012/09/12,2.890,3.100,2.790,2.780,2.790,2.860
2012/09/11,2.880,3.080,2.760,2.760,2.770,2.840
2012/09/10,2.890,3.110,2.780,2.780,2.800,2.880
2012/09/07,2.900,3.130,2.790,2.790,2.820,2.900
2012/09/06,2.860,3.070,2.750,2.750,2.750,2.830
2012/09/05,2.860,3.050,2.740,2.740,2.740,2.810
2012/09/04,2.860,3.090,2.760,2.770,2.780,2.860
2012/09/03,2.870,3.060,2.780,2.780,2.750,2.830
2012/08/31,2.890,3.080,2.810,2.810,2.760,2.850
2012/08/30,2.910,3.100,2.830,2.830,2.780,2.870
2012/08/29,2.920,3.110,2.830,2.840,2.790,2.880
2012/08/28,2.940,3.140,2.860,2.860,2.810,2.910
2012/08/27,2.950,3.140,2.880,2.870,2.810,2.910
2012/08/24,2.950,3.150,2.880,2.880,2.830,2.930
2012/08/23,2.960,3.200,2.890,2.890,2.880,2.980
2012/08/22,2.960,3.240,2.900,2.900,2.910,3.020
2012/08/21,2.960,3.240,2.900,2.900,2.900,3.020
2012/08/20,2.980,3.290,2.920,2.920,2.950,3.070
2012/08/17,2.950,3.260,2.900,2.900,2.920,3.040
2012/08/16,2.960,3.280,2.900,2.900,2.940,3.060
2012/08/14,2.900,3.210,2.850,2.840,2.870,2.980
2012/08/13,2.860,3.160,2.800,2.800,2.820,2.930
2012/08/10,2.840,3.130,2.780,2.780,2.790,2.900
2012/08/09,2.840,3.160,2.790,2.790,2.820,2.930
2012/08/08,2.800,3.100,2.740,2.740,2.760,2.860
2012/08/07,2.810,3.110,2.750,2.750,2.770,2.870
2012/08/06,2.820,3.120,2.770,2.760,2.780,2.870
2012/08/03,2.830,3.120,2.770,2.770,2.770,2.870
2012/08/02,2.840,3.170,2.780,2.780,2.790,2.920
2012/08/01,2.850,3.220,2.800,2.800,2.830,2.970
2012/07/31,2.850,3.230,2.820,2.810,2.850,2.970
2012/07/30,2.850,3.220,2.820,2.820,2.850,2.960
2012/07/27,2.850,3.230,2.820,2.820,2.860,2.970
2012/07/26,2.810,3.180,2.780,2.780,2.810,2.890
2012/07/25,2.800,3.160,2.760,2.760,2.770,2.850
2012/07/24,2.840,3.230,2.810,2.800,2.830,2.910
2012/07/23,2.840,3.230,2.810,2.800,2.810,2.900
2012/07/20,2.890,3.300,2.850,2.850,2.870,2.970
2012/07/19,2.900,3.340,2.870,2.860,2.910,3.000
2012/07/18,2.930,3.340,2.880,2.870,2.890,2.990
2012/07/17,2.960,3.380,2.910,2.900,2.920,3.020
2012/07/16,2.990,3.410,2.940,2.940,2.950,3.050
2012/07/13,3.010,3.420,2.950,2.950,2.950,3.060
2012/07/12,3.030,3.430,2.970,2.970,2.960,3.070
2012/07/11,3.260,3.670,3.190,3.180,3.180,3.310
2012/07/10,3.290,3.700,3.210,3.210,3.210,3.340
2012/07/09,3.300,3.690,3.210,3.210,3.200,3.330
2012/07/06,3.320,3.700,3.240,3.240,3.220,3.340
2012/07/05,3.360,3.730,3.270,3.270,3.260,3.370
2012/07/04,3.370,3.730,3.270,3.270,3.270,3.380
2012/07/03,3.370,3.740,3.280,3.280,3.280,3.390
2012/07/02,3.380,3.760,3.290,3.280,3.300,3.410
2012/06/29,3.390,3.770,3.290,3.280,3.300,3.420
2012/06/28,3.380,3.720,3.270,3.270,3.260,3.370
2012/06/27,3.380,3.740,3.270,3.270,3.270,3.390
2012/06/26,3.380,3.760,3.270,3.270,3.290,3.410
2012/06/25,3.380,3.760,3.270,3.270,3.290,3.410
2012/06/22,3.380,3.760,3.270,3.270,3.290,3.420
2012/06/21,3.380,3.780,3.280,3.280,3.300,3.440
2012/06/20,3.380,3.780,3.280,3.280,3.310,3.440
2012/06/19,3.370,3.750,3.270,3.270,3.290,3.420
2012/06/18,3.380,3.760,3.280,3.280,3.300,3.440
2012/06/15,3.370,3.720,3.260,3.260,3.270,3.400
2012/06/14,3.370,3.720,3.270,3.270,3.280,3.410
2012/06/13,3.380,3.730,3.290,3.290,3.310,3.420
2012/06/12,3.370,3.720,3.280,3.280,3.290,3.410
2012/06/11,3.370,3.750,3.300,3.300,3.320,3.440
2012/06/08,3.360,3.670,3.280,3.270,3.250,3.350
2012/06/07,3.380,3.720,3.310,3.300,3.290,3.410
2012/06/05,3.380,3.700,3.300,3.290,3.280,3.390
2012/06/04,3.380,3.660,3.280,3.280,3.260,3.350
2012/06/01,3.400,3.700,3.310,3.310,3.300,3.390
2012/05/31,3.420,3.730,3.330,3.320,3.320,3.430
2012/05/30,3.430,3.770,3.350,3.340,3.350,3.470
2012/05/29,3.420,3.780,3.350,3.340,3.360,3.480
2012/05/25,3.410,3.770,3.340,3.340,3.350,3.470
2012/05/24,3.400,3.770,3.340,3.330,3.340,3.470
2012/05/23,3.410,3.780,3.350,3.340,3.350,3.480
2012/05/22,3.410,3.790,3.350,3.340,3.360,3.490
2012/05/21,3.420,3.790,3.360,3.350,3.370,3.490
2012/05/18,3.420,3.770,3.350,3.340,3.350,3.470
2012/05/17,3.430,3.810,3.370,3.370,3.390,3.500
2012/05/16,3.430,3.800,3.370,3.370,3.380,3.480
2012/05/15,3.430,3.810,3.370,3.370,3.380,3.490
2012/05/14,3.430,3.820,3.370,3.370,3.380,3.500
2012/05/11,3.430,3.800,3.360,3.360,3.360,3.480
2012/05/10,3.430,3.840,3.370,3.370,3.400,3.520
2012/05/09,3.430,3.810,3.370,3.370,3.370,3.490
2012/05/08,3.430,3.820,3.380,3.370,3.390,3.500
2012/05/07,3.430,3.800,3.390,3.380,3.380,3.480
2012/05/04,3.440,3.840,3.420,3.410,3.420,3.520
2012/05/03,3.450,3.850,3.420,3.420,3.430,3.540
2012/05/02,3.460,3.880,3.420,3.420,3.460,3.570
2012/04/30,3.470,3.870,3.420,3.420,3.450,3.560
2012/04/27,3.470,3.880,3.430,3.430,3.460,3.570
2012/04/26,3.470,3.920,3.430,3.430,3.490,3.610
2012/04/25,3.460,3.920,3.430,3.430,3.490,3.610
2012/04/24,3.450,3.910,3.420,3.420,3.480,3.600
2012/04/23,3.430,3.910,3.420,3.420,3.470,3.600
2012/04/20,3.430,3.900,3.420,3.420,3.460,3.590
2012/04/19,3.430,3.930,3.430,3.420,3.490,3.620
2012/04/18,3.430,3.930,3.430,3.420,3.490,3.620
2012/04/17,3.430,3.910,3.420,3.420,3.450,3.600
2012/04/16,3.430,3.920,3.420,3.420,3.460,3.610
2012/04/13,3.440,3.940,3.420,3.420,3.480,3.630
2012/04/12,3.450,3.950,3.420,3.420,3.490,3.640
2012/04/10,3.450,3.960,3.420,3.420,3.500,3.650
2012/04/09,3.460,3.960,3.420,3.420,3.500,3.650
2012/04/06,3.480,4.000,3.450,3.440,3.530,3.690
2012/04/05,3.500,4.020,3.460,3.460,3.550,3.710
2012/04/04,3.510,4.030,3.470,3.470,3.550,3.710
2012/04/03,3.530,4.020,3.470,3.470,3.550,3.700
2012/04/02,3.540,4.030,3.480,3.480,3.580,3.710
2012/03/30,3.550,4.010,3.480,3.470,,3.690
2012/03/29,3.560,4.030,3.490,3.480,,3.710
2012/03/28,3.580,4.050,3.500,3.490,,3.730
2012/03/27,3.590,4.100,3.520,3.520,,3.780
2012/03/26,3.590,4.090,3.520,3.520,,3.770
2012/03/23,3.580,4.130,3.520,3.510,,3.810
2012/03/22,3.570,4.150,3.520,3.510,,3.830
2012/03/21,3.570,4.140,3.520,3.520,,3.820
2012/03/20,3.560,4.110,3.500,3.510,,3.770
2012/03/19,3.560,4.100,3.510,3.510,,3.760
2012/03/16,3.540,4.050,3.490,3.490,,3.700
2012/03/15,3.540,4.030,3.480,3.480,,3.680
2012/03/14,3.520,3.980,3.460,3.460,,3.620
2012/03/13,3.510,3.940,3.440,3.440,,3.580
2012/03/12,3.510,3.930,3.440,3.440,,3.590
2012/03/09,3.510,3.950,3.450,3.440,,3.610
2012/03/08,3.510,3.950,3.440,3.430,,3.600
2012/03/07,3.520,3.980,3.440,3.440,,3.630
2012/03/06,3.520,3.970,3.440,3.440,,3.620
2012/03/05,3.530,3.980,3.440,3.440,,3.620
2012/03/02,3.530,3.950,3.440,3.440,,3.590
2012/02/29,3.530,3.910,3.430,3.430,,3.550
2012/02/28,3.530,3.900,3.430,3.430,,3.530
2012/02/27,3.530,3.920,3.430,3.430,,3.550
2012/02/24,3.520,3.940,3.430,3.430,,3.570
2012/02/23,3.500,3.930,3.420,3.420,,3.560
2012/02/22,3.500,3.950,3.430,3.430,,3.580
2012/02/21,3.510,3.960,3.430,3.430,,3.590
2012/02/20,3.510,3.960,3.420,3.430,,3.590
2012/02/17,3.510,3.940,3.420,3.430,,3.570
2012/02/16,3.510,3.920,3.410,3.410,,3.550
2012/02/15,3.510,3.950,3.410,3.410,,3.580
2012/02/14,3.510,3.940,3.410,3.410,,3.570
2012/02/13,3.520,3.950,3.430,3.430,,3.580
2012/02/10,3.510,3.930,3.420,3.420,,3.560
2012/02/09,3.510,3.940,3.420,3.420,,3.570
2012/02/08,3.510,3.930,3.420,3.420,,3.560
2012/02/07,3.490,3.920,3.400,3.400,,3.540
2012/02/06,3.490,3.900,3.400,3.390,,3.520
2012/02/03,3.490,3.880,3.390,3.380,,3.500
2012/02/02,3.500,3.880,3.380,3.380,,3.500
2012/02/01,3.500,3.870,3.370,3.370,,3.480
2012/01/31,3.500,3.880,3.370,3.370,,3.490
2012/01/30,3.500,3.870,3.370,3.370,,3.480
2012/01/27,3.500,3.900,3.380,3.380,,3.510
2012/01/26,3.500,3.920,3.390,3.390,,3.530
2012/01/25,3.500,3.930,3.400,3.400,,3.540
2012/01/20,3.500,3.920,3.400,3.400,,3.530
2012/01/19,3.500,3.900,3.400,3.390,,3.510
2012/01/18,3.490,3.890,3.390,3.390,,3.500
2012/01/17,3.490,3.890,3.390,3.390,,3.500
2012/01/16,3.500,3.870,3.380,3.380,,3.480
2012/01/13,3.510,3.880,3.390,3.390,,3.490
2012/01/12,3.510,3.890,3.400,3.400,,3.500
2012/01/11,3.500,3.880,3.400,3.400,,3.490
2012/01/10,3.500,3.890,3.400,3.400,,3.500
2012/01/09,3.500,3.900,3.400,3.400,,3.510
2012/01/06,3.510,3.880,3.380,3.380,,3.490
2012/01/05,3.530,3.870,3.380,3.380,,3.480
2012/01/04,3.550,3.880,3.380,3.380,,3.490
2012/01/03,3.580,3.880,3.390,3.380,,3.490
2012/01/02,3.610,3.860,3.400,3.390,,3.470
2011/12/30,3.660,3.850,3.420,3.410,,3.460
2011/12/29,3.660,3.850,3.420,3.410,,3.460
2011/12/28,3.680,3.910,3.440,3.430,,3.520
2011/12/27,3.670,3.920,3.430,3.430,,3.530
2011/12/26,3.660,3.920,3.420,3.420,,3.530
2011/12/23,3.640,3.910,3.400,3.390,,3.520
2011/12/22,3.620,3.900,3.390,3.380,,3.510
2011/12/21,3.590,3.900,3.380,3.370,,3.510
2011/12/20,3.580,3.910,3.390,3.390,,3.520
2011/12/19,3.580,3.950,3.420,3.420,,3.560
2011/12/16,3.530,3.860,3.370,3.370,,3.470
2011/12/15,3.530,3.860,3.370,3.370,,3.470
2011/12/14,3.530,3.870,3.380,3.380,,3.480
2011/12/13,3.530,3.880,3.390,3.390,,3.490
2011/12/12,3.530,3.900,3.400,3.400,,3.510
2011/12/09,3.530,3.900,3.400,3.400,,3.510
2011/12/08,3.520,3.900,3.400,3.400,,3.510
2011/12/07,3.500,3.890,3.370,3.370,,3.500
2011/12/06,3.510,3.890,3.380,3.380,,3.500
2011/12/05,3.510,3.900,3.380,3.390,,3.500
2011/12/02,3.510,3.890,3.390,3.390,,3.490
2011/12/01,3.520,3.900,3.400,3.400,,3.500
2011/11/30,3.530,3.890,3.390,3.390,,3.490
2011/11/29,3.560,3.940,3.430,3.430,,3.540
2011/11/28,3.550,3.960,3.430,3.440,,3.550
2011/11/25,3.520,3.950,3.410,3.420,,3.530
2011/11/24,3.500,3.930,3.390,3.400,,3.500
2011/11/23,3.490,3.920,3.370,3.380,,3.480
2011/11/22,3.490,3.960,3.370,3.380,,3.520
2011/11/21,3.500,3.950,3.360,3.370,,3.510
2011/11/18,3.490,3.950,3.360,3.370,,3.500
2011/11/17,3.490,3.980,3.370,3.370,,3.510
2011/11/16,3.480,3.970,3.360,3.360,,3.490
2011/11/15,3.500,4.000,3.380,3.380,,3.510
2011/11/14,3.530,4.050,3.420,3.420,,3.560
2011/11/11,3.530,4.010,3.420,3.420,,3.520
2011/11/10,3.530,3.960,3.410,3.400,,3.460
2011/11/09,3.540,4.000,3.450,3.440,,3.500
2011/11/08,3.540,4.020,3.460,3.450,,3.520
2011/11/07,3.550,4.040,3.470,3.460,,3.540
2011/11/04,3.570,4.050,3.500,3.490,,3.550
2011/11/03,3.570,4.040,3.500,3.490,,3.540
2011/11/02,3.590,4.090,3.520,3.520,,3.590
2011/11/01,3.610,4.100,3.520,3.520,,3.600
2011/10/31,3.630,4.120,3.530,3.530,,3.630
2011/10/28,3.640,4.160,3.540,3.550,,3.670
2011/10/27,3.640,4.150,3.530,3.540,,3.660
2011/10/26,3.630,4.120,3.520,3.520,,3.630
2011/10/25,3.630,4.150,3.520,3.530,,3.660
2011/10/24,3.630,4.160,3.510,3.520,,3.670
2011/10/21,3.600,4.110,3.470,3.480,,3.620
2011/10/20,3.580,4.070,3.450,3.460,,3.580
2011/10/19,3.580,4.080,3.450,3.460,,3.590
2011/10/18,3.580,4.080,3.450,3.450,,3.590
2011/10/17,3.580,4.080,3.460,3.460,,3.600
2011/10/14,3.560,4.010,3.430,3.440,,3.540
2011/10/13,3.570,4.000,3.440,3.440,,3.530
2011/10/12,3.570,4.020,3.460,3.450,,3.550
2011/10/11,3.590,4.090,3.460,3.470,,3.620
2011/10/10,3.580,4.080,3.460,3.470,,3.610
2011/10/07,3.560,4.040,3.450,3.450,,3.570
2011/10/06,3.560,4.020,3.450,3.450,,3.550
2011/10/05,3.570,4.010,3.460,3.460,,3.540
2011/10/04,3.580,4.020,3.470,3.480,,3.550
2011/09/30,3.610,4.130,3.510,3.510,,3.670
2011/09/29,3.610,4.110,3.500,3.510,,3.640
2011/09/28,3.580,4.080,3.480,3.480,,3.610
2011/09/27,3.540,4.020,3.440,3.440,,3.550
2011/09/26,3.540,4.070,3.450,3.440,,3.600
2011/09/23,3.500,4.020,3.410,3.410,,3.550
2011/09/22,3.490,4.090,3.410,3.410,,3.620
2011/09/21,3.470,4.090,3.410,3.410,,3.630
2011/09/20,3.470,4.080,3.410,3.410,,3.620
2011/09/19,3.470,4.070,3.420,3.420,,3.610
2011/09/16,3.440,3.950,3.360,3.360,,3.490
2011/09/15,3.430,3.900,3.330,3.340,,3.440
2011/09/14,3.400,3.840,3.290,3.290,,3.400
2011/09/09,3.430,3.890,3.330,3.330,,3.450
2011/09/08,3.440,3.920,3.360,3.350,,3.480
2011/09/07,3.470,3.970,3.400,3.400,,3.530
2011/09/06,3.460,3.890,3.340,3.350,,3.450
2011/09/05,3.480,3.900,3.350,3.350,,3.460
2011/09/02,3.520,4.000,3.420,3.410,,3.570
2011/09/01,3.530,4.000,3.430,3.420,,3.580
2011/08/31,3.550,4.030,3.450,3.440,,3.620
2011/08/30,3.550,4.020,3.450,3.440,,3.610
2011/08/29,3.540,4.060,3.470,3.460,,3.650
2011/08/26,3.520,4.040,3.440,3.430,,3.630
2011/08/25,3.520,4.010,3.440,3.430,,3.600
2011/08/24,3.520,4.000,3.440,3.430,,3.600
2011/08/23,3.540,4.050,3.430,3.430,,3.660
2011/08/22,3.560,4.020,3.430,3.430,,3.640
2011/08/19,3.580,4.020,3.420,3.420,,3.650
2011/08/18,3.600,4.090,3.450,3.450,,3.720
2011/08/17,3.610,4.080,3.440,3.440,,3.710
2011/08/16,3.610,4.040,3.420,3.410,,3.680
2011/08/12,3.610,4.030,3.410,3.400,,3.670
2011/08/11,3.610,4.040,3.420,3.410,,3.690
2011/08/10,3.590,3.990,3.400,3.390,,3.650
2011/08/09,3.630,4.140,3.500,3.520,,3.810
2011/08/08,3.670,4.140,3.550,3.560,,3.810
2011/08/05,3.700,4.100,3.590,3.600,,3.770
2011/08/04,3.740,4.210,3.690,3.690,,3.900
2011/08/03,3.760,4.250,3.710,3.720,,3.940
2011/08/02,3.780,4.300,3.720,3.730,,4.000
2011/08/01,3.800,4.350,3.740,3.740,,4.050
2011/07/29,3.790,4.320,3.690,3.690,,4.020
2011/07/28,3.760,4.280,3.660,3.660,,3.980
2011/07/27,3.770,4.300,3.660,3.650,,4.000
2011/07/26,3.760,4.320,3.640,3.650,,4.020
2011/07/25,3.710,4.300,3.620,3.620,,4.000
2011/07/22,3.690,4.280,3.580,3.590,,3.980
2011/07/21,3.670,4.260,3.560,3.560,,3.950
2011/07/20,3.670,4.260,3.570,3.570,,3.950
2011/07/19,3.660,4.220,3.560,3.550,,3.910
2011/07/18,3.670,4.200,3.570,3.560,,3.890
2011/07/15,3.670,4.200,3.570,3.560,,3.890
2011/07/14,3.680,4.230,3.580,3.570,,3.920
2011/07/13,3.680,4.230,3.580,3.570,,3.920
2011/07/12,3.680,4.240,3.570,3.560,,3.930
2011/07/11,3.700,4.350,3.620,3.610,,4.040
2011/07/08,3.710,4.390,3.640,3.630,,4.080
2011/07/07,3.690,4.340,3.610,3.600,,4.030
2011/07/06,3.680,4.340,3.600,3.590,,4.030
2011/07/05,3.680,4.310,3.590,3.580,,4.000
2011/07/04,3.690,4.350,3.600,3.590,,4.040
2011/07/01,3.690,4.350,3.600,3.590,,4.040
2011/06/30,3.690,4.320,3.600,3.590,,4.010
2011/06/29,3.690,4.320,3.600,3.600,,4.010
2011/06/28,3.670,4.280,3.580,3.570,,3.970
2011/06/27,3.660,4.280,3.560,3.560,,3.970
2011/06/24,3.640,4.280,3.550,3.550,,3.970
2011/06/23,3.610,4.250,3.520,3.520,,3.940
2011/06/22,3.560,4.250,3.530,3.520,,3.940
2011/06/21,3.550,4.260,3.530,3.530,,3.950
2011/06/20,3.550,4.240,3.530,3.530,,3.930
2011/06/17,3.550,4.250,3.530,3.530,,3.940
2011/06/16,3.550,4.200,3.520,3.520,,3.890
2011/06/15,3.570,4.270,3.550,3.550,,3.960
2011/06/14,3.580,4.270,3.560,3.560,,3.960
2011/06/13,3.570,4.240,3.550,3.540,,3.930
2011/06/10,3.560,4.220,3.540,3.520,,3.910
2011/06/09,3.480,4.170,3.440,3.440,,3.850
2011/06/08,3.460,4.120,3.370,3.380,,3.800
2011/06/07,3.470,4.120,3.310,3.340,,3.800
2011/06/03,3.480,4.150,3.330,3.350,,3.830
2011/06/02,3.500,4.160,3.340,3.360,,3.840
2011/06/01,3.520,4.220,3.380,3.390,,3.910
2011/05/31,3.500,4.180,3.360,3.370,,3.870
2011/05/30,3.490,4.160,3.360,3.370,,3.850
2011/05/27,3.490,4.180,3.360,3.370,,3.870
2011/05/26,3.500,4.220,3.360,3.370,,3.910
2011/05/25,3.490,4.170,3.340,3.350,,3.860
2011/05/24,3.500,4.200,3.340,3.350,,3.890
2011/05/23,3.510,4.200,3.340,3.350,,3.890
2011/05/20,3.520,4.270,3.350,3.360,,3.950
2011/05/19,3.530,4.270,3.360,3.360,,3.950
2011/05/18,3.550,4.280,3.370,3.370,,3.960
2011/05/17,3.560,4.290,3.370,3.380,,3.970
2011/05/16,3.580,4.280,3.370,3.370,,3.960
2011/05/13,3.590,4.330,3.380,3.390,,4.010
2011/05/12,3.610,4.310,3.400,3.410,,3.990
2011/05/11,3.620,4.380,3.430,3.440,,4.050
2011/05/09,3.630,4.420,3.450,3.460,,4.080
2011/05/06,3.630,4.410,3.450,3.460,,4.070
2011/05/04,3.640,4.440,3.470,3.480,,4.100
2011/05/03,3.640,4.440,3.470,3.480,,4.090
2011/05/02,3.640,4.450,3.470,3.480,,4.100
2011/04/29,3.660,4.450,3.480,3.490,,4.100
2011/04/28,3.660,4.480,3.480,3.500,,4.130
2011/04/27,3.670,4.520,3.490,3.510,,4.170
2011/04/26,3.660,4.510,3.490,3.500,,4.160
2011/04/25,3.650,4.510,3.490,3.500,,4.160
2011/04/22,3.620,4.480,3.450,3.460,,4.130
2011/04/21,3.590,4.470,3.430,3.440,,4.120
2011/04/20,3.540,4.430,3.400,3.410,,4.080
2011/04/19,3.500,4.400,3.370,3.380,,4.050
2011/04/18,3.470,4.400,3.360,3.370,,4.050
2011/04/15,3.470,4.420,3.360,3.370,,4.070
2011/04/14,3.470,4.450,3.350,3.360,,4.090
2011/04/13,3.470,4.470,3.350,3.360,,4.110
2011/04/12,3.460,4.460,3.340,3.350,,4.090
2011/04/11,3.460,4.520,3.350,3.370,,4.150
2011/04/08,3.460,4.490,3.350,3.360,,4.120
2011/04/07,3.450,4.430,3.310,3.320,,4.050
2011/04/06,3.460,4.460,3.310,3.330,,4.070
2011/04/05,3.460,4.430,3.310,3.330,,4.040
2011/04/04,3.470,4.430,3.320,3.330,,4.040
2011/04/01,3.480,4.450,3.320,3.330,,4.060
2011/03/31,3.490,4.500,3.350,3.360,,4.110
2011/03/30,3.490,4.500,3.370,3.380,,4.120
2011/03/29,3.490,4.460,3.370,3.380,,4.080
2011/03/28,3.500,4.460,3.380,3.390,,4.080
2011/03/25,3.500,4.460,3.380,3.390,,4.080
2011/03/24,3.500,4.440,3.370,3.370,,4.060
2011/03/23,3.510,4.450,3.370,3.370,,4.070
2011/03/22,3.520,4.480,3.390,3.400,,4.100
2011/03/21,3.520,4.520,3.410,3.410,,4.140
2011/03/18,3.500,4.450,3.400,3.400,,4.070
2011/03/17,3.510,4.430,3.400,3.400,,4.050
2011/03/16,3.510,4.380,3.390,3.390,,4.000
2011/03/15,3.490,4.260,3.350,3.340,,3.880
2011/03/14,3.520,4.340,3.390,3.390,,3.960
2011/03/11,3.520,4.430,3.390,3.390,,4.050
2011/03/10,3.520,4.480,3.390,3.390,,4.100
2011/03/09,3.550,4.620,3.470,3.460,,4.240
2011/03/08,3.580,4.680,3.500,3.490,,4.310
2011/03/07,3.580,4.710,3.510,3.500,,4.340
2011/03/04,3.600,4.730,3.510,3.500,,4.360
2011/03/03,3.590,4.710,3.500,3.500,,4.340
2011/03/02,3.560,4.650,3.430,3.430,,4.280
2011/02/28,3.540,4.650,3.420,3.420,,4.280
2011/02/25,3.520,4.640,3.410,3.410,,4.270
2011/02/24,3.490,4.640,3.390,3.390,,4.270
2011/02/23,3.480,4.690,3.410,3.410,,4.330
2011/02/22,3.460,4.670,3.410,3.410,,4.310
2011/02/21,3.460,4.770,3.430,3.430,,4.410
2011/02/18,3.450,4.810,3.430,3.420,,4.430
2011/02/17,3.440,4.850,3.430,3.420,,4.470
2011/02/16,3.430,4.830,3.420,3.410,,4.450
2011/02/15,3.440,4.840,3.420,3.420,,4.460
2011/02/14,3.450,4.870,3.440,3.440,,4.490
2011/02/11,3.460,4.850,3.430,3.430,,4.470
2011/02/10,3.490,4.830,3.450,3.450,,4.450
2011/02/09,3.480,4.900,3.450,3.450,,4.520
2011/02/08,3.490,4.900,3.450,3.450,,4.510
2011/02/07,3.470,4.900,3.460,3.470,,4.510
2011/02/01,3.410,4.800,3.380,3.390,,4.400
2011/01/31,3.380,4.810,3.360,3.370,,4.410
2011/01/28,3.350,4.780,3.310,3.330,,4.380
2011/01/27,3.350,4.760,3.290,3.310,,4.360
2011/01/26,3.350,4.790,3.270,3.300,,4.390
2011/01/25,3.330,4.820,3.280,3.290,,4.420
2011/01/24,3.290,4.800,3.270,3.280,,4.400
2011/01/21,3.240,4.740,3.230,3.240,,4.340
2011/01/20,3.210,4.750,3.230,3.240,,4.350
2011/01/19,3.200,4.740,3.220,3.230,,4.340
2011/01/18,3.170,4.660,3.180,3.180,,4.260
2011/01/17,3.180,4.680,3.160,3.170,,4.280
2011/01/14,3.100,4.660,3.060,3.080,,4.260
2011/01/13,3.020,4.680,3.000,3.010,,4.280
2011/01/12,2.960,4.610,2.910,2.930,,4.210
2011/01/11,2.960,4.660,2.910,2.930,,4.260
2011/01/10,2.930,4.680,2.880,2.900,,4.280
2011/01/07,2.910,4.700,2.880,2.900,,4.300
2011/01/06,2.930,4.700,2.880,2.900,,4.290
2011/01/05,2.970,4.610,2.880,2.900,,4.200
2011/01/04,3.010,4.600,2.890,2.910,,4.180
2011/01/03,3.030,4.570,2.900,2.910,,4.150
2010/12/31,3.050,4.500,2.870,2.890,,4.080
2010/12/30,3.050,4.500,2.870,2.890,,4.080
2010/12/29,3.030,4.490,2.870,2.890,,4.070
2010/12/28,3.000,4.510,2.870,2.890,,4.090
2010/12/27,2.980,4.490,2.860,2.880,,4.070
2010/12/24,2.940,4.440,2.830,2.840,,4.010
2010/12/23,2.940,4.420,2.820,2.830,,3.990
2010/12/22,2.920,4.430,2.820,2.830,,4.010
2010/12/21,2.940,4.480,2.850,2.860,,4.060
2010/12/20,2.970,4.550,2.900,2.910,,4.130
2010/12/17,2.970,4.560,2.910,2.920,,4.140
2010/12/16,2.990,4.520,2.910,2.910,,4.100
2010/12/15,3.010,4.570,2.940,2.940,,4.150
2010/12/14,2.950,4.490,2.880,2.880,,4.070
2010/12/13,2.930,4.490,2.880,2.880,,4.070
2010/12/10,2.900,4.370,2.820,2.820,,3.950
2010/12/09,2.900,4.380,2.830,2.820,,3.960
2010/12/08,2.900,4.370,2.840,2.830,,3.950
2010/12/07,2.900,4.280,2.790,2.780,,3.860
2010/12/06,2.900,4.270,2.790,2.780,,3.850
2010/12/03,2.900,4.290,2.790,2.780,,3.870
2010/12/02,2.890,4.320,2.800,2.790,,3.900
2010/12/01,2.870,4.300,2.800,2.790,,3.880
2010/11/30,2.870,4.300,2.790,2.780,,3.880
2010/11/29,2.880,4.370,2.790,2.780,,3.960
2010/11/26,2.880,4.440,2.820,2.810,,4.030
2010/11/25,2.880,4.390,2.820,2.800,,3.980
2010/11/24,2.880,4.420,2.840,2.820,,4.010
2010/11/23,2.880,4.480,2.880,2.870,,4.070
2010/11/22,2.860,4.430,2.850,2.840,,4.020
2010/11/19,2.880,4.390,2.840,2.830,,3.980
2010/11/18,2.880,4.380,2.870,2.860,,3.970
2010/11/17,2.880,4.390,2.900,2.890,,3.980
2010/11/16,2.880,4.440,2.900,2.890,,4.030
2010/11/15,2.940,4.550,3.000,2.990,,4.140
2010/11/12,2.910,4.520,2.990,2.970,,4.100
2010/11/11,2.880,4.500,3.000,2.980,,4.080
2010/11/10,2.870,4.490,3.000,2.990,,4.070
2010/11/09,2.870,4.550,3.020,3.010,,4.130
2010/11/08,2.880,4.550,3.010,3.010,,4.130
2010/11/05,2.880,4.540,3.010,3.010,,4.110
2010/11/04,2.840,4.480,2.950,2.950,,4.050
2010/11/03,2.830,4.430,2.890,2.900,,4.000
2010/11/02,2.830,4.430,2.870,2.870,,4.000
2010/11/01,2.810,4.390,2.850,2.860,,3.960
2010/10/29,2.730,4.290,2.770,2.770,,3.860
2010/10/28,2.720,4.220,2.750,2.750,,3.790
2010/10/27,2.720,4.320,2.760,2.760,,3.890
2010/10/26,2.680,4.240,2.730,2.730,,3.810
2010/10/25,2.690,4.230,2.730,2.730,,3.800
2010/10/22,2.690,4.170,2.730,2.730,,3.730
2010/10/21,2.750,4.210,2.770,2.790,,3.760
2010/10/20,2.760,4.160,2.750,2.770,,3.700
2010/10/19,2.740,4.110,2.720,2.730,,3.640
2010/10/18,2.710,3.980,2.660,2.670,,3.490
2010/10/15,2.710,3.940,2.660,2.670,,3.450
2010/10/14,2.710,3.940,2.670,2.670,,3.450
2010/10/13,2.910,4.130,2.840,2.840,,3.640
2010/10/12,2.900,4.100,2.830,2.820,,3.610
2010/10/11,2.910,4.140,2.840,2.830,,3.650
2010/10/08,2.910,4.110,2.830,2.830,,3.620
2010/10/07,2.910,4.120,2.850,2.840,,3.630
2010/10/06,2.900,4.110,2.850,2.840,,3.610
2010/10/05,2.880,4.090,2.840,2.830,,3.590
2010/10/04,2.870,4.110,2.840,2.830,,3.610
2010/10/01,2.830,4.070,2.810,2.800,,3.570
2010/09/30,2.840,4.180,2.850,2.840,,3.710
2010/09/29,2.820,4.220,2.850,2.840,,3.750
2010/09/28,2.800,4.270,2.860,2.850,,3.800
2010/09/27,2.780,4.280,2.860,2.850,,3.810
2010/09/24,2.790,4.320,2.860,2.860,,3.850
2010/09/20,2.810,4.410,2.900,2.890,,3.940
2010/09/17,2.770,4.340,2.880,2.870,,3.850
2010/09/16,2.760,4.310,2.860,2.850,,3.820
2010/09/15,2.750,4.350,2.870,2.880,,3.860
2010/09/14,2.700,4.310,2.860,2.860,,3.820
2010/09/13,2.770,4.360,2.930,2.930,,3.890
2010/09/10,2.820,4.360,2.970,2.970,,3.890
2010/09/09,2.860,4.300,2.980,2.970,,3.820
2010/09/08,3.000,4.500,3.160,3.150,,4.030
2010/09/07,3.010,4.530,3.160,3.160,,4.060
2010/09/06,3.020,4.610,3.180,3.180,,4.140
2010/09/03,3.030,4.560,3.170,3.170,,4.070
2010/09/02,3.040,4.520,3.160,3.160,,4.010
2010/09/01,3.050,4.570,3.180,3.190,,4.060
2010/08/31,3.040,4.510,3.150,3.150,,4.000
2010/08/30,3.050,4.560,3.150,3.150,,4.050
2010/08/27,3.010,4.550,3.120,3.120,,4.040
2010/08/26,2.980,4.550,3.120,3.110,,4.040
2010/08/25,2.960,4.620,3.120,3.120,,4.110
2010/08/24,2.920,4.620,3.120,3.120,,4.110
2010/08/23,2.890,4.650,3.130,3.130,,4.140
2010/08/20,2.890,4.640,3.130,3.120,,4.130
2010/08/19,2.910,4.740,3.140,3.130,,4.240
2010/08/18,2.930,4.780,3.150,3.130,,4.280
2010/08/17,2.930,4.840,3.160,3.150,,4.340
2010/08/16,2.930,4.830,3.160,3.150,,4.330
2010/08/13,2.930,4.820,3.160,3.160,,4.320
2010/08/12,2.960,4.840,3.180,3.170,,4.330
2010/08/11,3.020,4.900,3.220,3.210,,4.380
2010/08/10,3.020,4.980,3.230,3.230,,4.460
2010/08/09,2.990,5.010,3.230,3.230,,4.490
2010/08/06,2.960,4.990,3.200,3.200,,4.470
2010/08/05,2.940,4.980,3.180,3.180,,4.450
2010/08/04,2.920,4.940,3.150,3.150,,4.400
2010/08/03,2.910,4.960,3.160,3.160,,4.420
2010/08/02,2.900,4.970,3.140,3.150,,4.420
2010/07/30,2.880,4.930,3.110,3.120,,4.380
2010/07/29,2.870,4.930,3.110,3.120,,4.380
2010/07/28,2.850,4.960,3.130,3.130,,4.410
2010/07/27,2.840,4.950,3.130,3.130,,4.400
2010/07/26,2.830,4.980,3.130,3.140,,4.430
2010/07/23,2.800,4.960,3.110,3.130,,4.410
2010/07/22,2.800,4.940,3.110,3.120,,4.390
2010/07/21,2.830,5.000,3.120,3.140,,4.450
2010/07/20,2.850,5.040,3.160,3.170,,4.490
2010/07/19,2.860,5.040,3.160,3.170,,4.490
2010/07/16,2.880,5.030,3.160,3.170,,4.480
2010/07/15,2.900,5.040,3.170,3.180,,4.490
2010/07/14,2.930,5.080,3.200,3.200,,4.530
2010/07/13,2.930,5.070,3.170,3.180,,4.520
2010/07/12,2.940,5.080,3.170,3.180,,4.530
2010/07/09,2.930,5.060,3.170,3.170,,4.510
2010/07/08,2.870,5.050,3.140,3.140,,4.500
2010/07/07,2.820,5.000,3.110,3.110,,4.450
2010/07/06,2.800,4.950,3.080,3.080,,4.400
2010/07/05,2.820,4.960,3.080,3.090,,4.410
2010/07/02,2.830,4.930,3.090,3.090,,4.380
2010/07/01,2.850,4.930,3.090,3.090,,4.380
2010/06/30,2.880,4.990,3.110,3.110,,4.440
2010/06/29,2.900,5.020,3.120,3.120,,4.470
2010/06/28,2.920,5.080,3.140,3.150,,4.530
2010/06/25,2.870,5.070,3.110,3.110,,4.520
2010/06/24,2.830,5.060,3.100,3.100,,4.510
2010/06/23,2.770,5.060,3.080,3.090,,4.510
2010/06/22,2.680,5.060,3.060,3.060,,4.510
2010/06/21,2.640,5.060,3.050,3.040,,4.510
2010/06/18,2.610,4.980,2.990,2.990,,4.410
2010/06/17,2.600,4.960,2.970,2.980,,4.390
2010/06/16,2.620,4.960,2.990,2.990,,4.390
2010/06/15,2.640,4.980,2.980,2.980,,4.390
2010/06/14,2.650,4.990,2.960,2.970,,4.400
2010/06/11,2.650,4.990,2.950,2.950,,4.400
2010/06/10,2.640,4.970,2.920,2.920,,4.370
2010/06/09,2.620,4.950,2.900,2.890,,4.320
2010/06/08,2.630,4.960,2.890,2.890,,4.320
2010/06/07,2.650,4.950,2.890,2.880,,4.300
2010/06/04,2.660,4.990,2.890,2.880,,4.330
2010/06/03,2.670,4.990,2.860,2.860,,4.310
2010/06/01,2.690,5.010,2.820,2.810,,4.310
2010/05/31,2.710,5.070,2.820,2.810,,4.360
2010/05/28,2.720,5.090,2.810,2.800,,4.390
2010/05/27,2.720,5.070,2.780,2.770,,4.380
2010/05/26,2.700,5.060,2.770,2.760,,4.370
2010/05/25,2.680,5.000,2.760,2.750,,4.320
2010/05/24,2.670,5.010,2.770,2.780,,4.350
2010/05/20,2.660,5.050,2.780,2.790,,4.450
2010/05/19,2.640,5.070,2.780,2.790,,4.480
2010/05/18,2.620,5.070,2.780,2.780,,4.500
2010/05/17,2.600,5.080,2.770,2.780,,4.510
2010/05/14,2.570,5.030,2.750,2.760,,4.480
2010/05/13,2.560,5.030,2.740,2.760,,4.480
2010/05/12,2.540,5.000,2.730,2.750,,4.460
2010/05/11,2.490,4.890,2.660,2.680,,4.350
2010/05/10,2.490,4.950,2.690,2.700,,4.440
2010/05/07,2.470,4.890,2.680,2.690,,4.380
2010/05/06,2.470,4.930,2.700,2.710,,4.430
2010/05/04,2.460,4.800,2.660,2.670,,4.320
2010/05/03,2.440,4.780,2.650,2.660,,4.320
2010/04/30,2.410,4.720,2.600,2.610,,4.270
2010/04/29,2.390,4.710,2.570,2.590,,4.260
2010/04/28,2.390,4.730,2.580,2.600,,4.300
2010/04/27,2.380,4.730,2.590,2.610,,4.320
2010/04/26,2.380,4.790,2.620,2.630,,4.400
2010/04/23,2.360,4.780,2.620,2.620,,4.410
2010/04/22,2.360,4.810,2.610,2.610,,4.450
2010/04/21,2.360,4.840,2.620,2.620,,4.490
2010/04/20,2.360,4.810,2.600,2.600,,4.460
2010/04/19,2.360,4.820,2.600,2.600,,4.480
2010/04/16,2.370,4.820,2.590,2.600,,4.480
2010/04/15,2.380,4.870,2.600,2.610,,4.540
2010/04/14,2.380,4.890,2.610,2.610,,4.560
2010/04/13,2.380,4.840,2.590,2.590,,4.510
2010/04/12,2.390,4.860,2.590,2.590,,4.530
2010/04/09,2.390,4.770,2.560,2.560,,4.430
2010/04/08,2.390,4.700,2.560,2.550,,4.350
2010/04/07,2.410,4.770,2.590,2.590,,4.420
2010/04/06,2.420,4.840,2.600,2.590,,4.490
2010/04/05,2.410,4.870,2.570,2.570,,4.520
2010/04/02,2.400,4.840,2.530,2.520,,4.470
2010/04/01,2.410,4.830,2.540,2.540,,4.460
2010/03/31,2.430,4.880,2.600,2.600,,4.510
2010/03/30,2.440,4.920,2.610,2.610,,4.550
2010/03/29,2.440,4.910,2.620,2.620,,4.530
2010/03/26,2.440,4.820,2.610,2.610,,4.430
2010/03/25,2.440,4.780,2.640,2.620,,4.380
2010/03/24,2.500,4.890,2.740,2.720,,4.490
2010/03/23,2.510,4.800,2.740,2.720,,4.400
2010/03/22,2.490,4.660,2.670,2.660,,4.260
2010/03/19,2.510,4.710,2.690,2.680,,4.320
2010/03/18,2.520,4.690,2.690,2.680,,4.300
2010/03/17,2.560,4.740,2.710,2.710,,4.350
2010/03/16,2.620,4.780,2.760,2.760,,4.380
2010/03/15,2.670,4.830,2.800,2.810,,4.420
2010/03/12,2.690,4.820,2.810,2.820,,4.390
2010/03/11,2.740,4.880,2.850,2.860,,4.450
2010/03/10,2.810,5.000,2.950,2.960,,4.570
2010/03/09,2.830,5.020,2.980,2.990,,4.590
2010/03/08,2.840,5.050,3.010,3.030,,4.580
2010/03/05,2.840,5.050,3.010,3.030,,4.560
2010/03/04,2.850,5.050,3.030,3.030,,4.560
2010/03/03,2.860,5.090,3.030,3.040,,4.600
2010/03/02,2.890,5.120,3.040,3.060,,4.630
2010/02/26,2.910,5.120,3.050,3.080,,4.620
2010/02/25,2.920,5.120,3.070,3.080,,4.610
2010/02/24,2.940,5.210,3.110,3.120,,4.690
2010/02/23,2.950,5.260,3.120,3.120,,4.740
2010/02/22,2.970,5.300,3.150,3.150,,4.770
2010/02/19,2.970,5.310,3.130,3.130,,4.760
2010/02/18,2.940,5.280,3.060,3.060,,4.720
2010/02/17,2.960,5.300,3.060,3.050,,4.730
2010/02/16,2.990,5.340,3.060,3.060,,4.730
2010/02/12,3.000,5.340,3.070,3.070,,4.710
2010/02/11,3.060,5.380,3.130,3.130,,4.750
2010/02/10,3.080,5.440,3.180,3.170,,4.820
2010/02/09,3.080,5.450,3.170,3.170,,4.820
2010/02/08,3.100,5.450,3.190,3.200,,4.800
2010/02/05,3.100,5.430,3.170,3.180,,4.780
2010/02/04,3.140,5.490,3.210,3.200,,4.840
2010/02/03,3.180,5.510,3.210,3.220,,4.840
2010/02/02,3.230,5.530,3.210,3.230,,4.840
2010/02/01,3.260,5.550,3.240,3.260,,4.850
2010/01/29,3.260,5.520,3.220,3.240,,4.820
2010/01/28,3.290,5.570,3.250,3.260,,4.870
2010/01/27,3.280,5.510,3.220,3.240,,4.800
2010/01/26,3.260,5.480,3.210,3.230,,4.770
2010/01/25,3.270,5.530,3.230,3.250,,4.820
2010/01/22,3.280,5.520,3.230,3.250,,4.800
2010/01/21,3.290,5.540,3.260,3.280,,4.810
2010/01/20,3.270,5.530,3.250,3.270,,4.800
2010/01/19,3.270,5.530,3.240,3.260,,4.800
2010/01/18,3.270,5.580,3.260,3.280,,4.840
2010/01/15,3.240,5.540,3.230,3.260,,4.800
2010/01/14,3.230,5.520,3.210,3.240,,4.770
2010/01/13,3.210,5.550,3.200,3.240,,4.800
2010/01/12,3.210,5.550,3.200,3.230,,4.800
2010/01/11,3.220,5.590,3.210,3.240,,4.860
2010/01/08,3.320,5.660,3.350,3.370,,4.910
2010/01/07,3.340,5.620,3.360,3.380,,4.840
2010/01/06,3.400,5.730,3.450,3.460,,4.950
2010/01/05,3.400,5.700,3.420,3.430,,4.900
2010/01/04,3.500,5.790,3.500,3.510,,4.980
2009/12/31,3.510,5.740,3.480,3.490,,4.920
2009/12/30,3.510,5.740,3.480,3.490,,4.920
2009/12/29,3.500,5.730,3.460,3.470,,4.900
2009/12/28,3.480,5.700,3.430,3.440,,4.870
2009/12/24,3.450,5.670,3.400,3.410,,4.840
2009/12/23,3.440,5.640,3.370,3.380,,4.810
2009/12/22,3.460,5.670,3.400,3.400,,4.830
2009/12/21,3.390,5.550,3.330,3.340,,4.710
2009/12/18,3.400,5.530,3.320,3.330,,4.690
2009/12/17,3.410,5.570,3.370,3.360,,4.730
2009/12/16,3.390,5.570,3.370,3.360,,4.720
2009/12/15,3.350,5.520,3.300,3.310,,4.670
2009/12/14,3.350,5.590,3.350,3.340,,4.770
2009/12/11,3.350,5.590,3.340,3.340,,4.770
2009/12/10,3.350,5.610,3.340,3.340,,4.790
2009/12/09,3.300,5.520,3.240,3.240,,4.700
2009/12/08,3.280,5.530,3.260,3.250,,4.700
2009/12/07,3.270,5.590,3.280,3.280,,4.760
2009/12/04,3.200,5.520,3.210,3.220,,4.680
2009/12/03,3.170,5.480,3.170,3.190,,4.630
2009/12/02,3.160,5.490,3.140,3.170,,4.640
2009/12/01,3.130,5.410,3.110,3.120,,4.560
2009/11/30,3.150,5.440,3.130,3.140,,4.610
2009/11/27,3.130,5.400,3.110,3.120,,4.570
2009/11/26,3.180,5.510,3.200,3.210,,4.710
2009/11/25,3.200,5.540,3.220,3.230,,4.750
2009/11/24,3.160,5.560,3.220,3.220,,4.770
2009/11/23,3.140,5.590,3.220,3.220,,4.800
2009/11/20,3.090,5.540,3.170,3.170,,4.760
2009/11/19,3.070,5.550,3.170,3.170,,4.770
2009/11/18,3.060,5.620,3.180,3.170,,4.840
2009/11/17,3.070,5.590,3.170,3.160,,4.810
2009/11/16,3.130,5.660,3.210,3.200,,4.900
2009/11/13,3.160,5.630,3.230,3.220,,4.840
2009/11/12,3.220,5.630,3.270,3.270,,4.840
2009/11/11,3.240,5.710,3.330,3.320,,4.920
2009/11/10,3.240,5.720,3.360,3.340,,4.940
2009/11/09,3.250,5.770,3.390,3.380,,5.000
2009/11/06,3.250,5.760,3.430,3.410,,4.990
2009/11/05,3.240,5.750,3.430,3.410,,4.970
2009/11/04,3.250,5.760,3.450,3.450,,4.980
2009/11/03,3.250,5.730,3.450,3.440,,4.930
2009/11/02,3.260,5.730,3.490,3.490,,4.930
2009/10/30,3.250,5.750,3.500,3.510,,4.940
2009/10/29,3.230,5.750,3.510,3.520,,4.930
2009/10/28,3.210,5.800,3.550,3.550,,4.980
2009/10/27,3.200,5.820,3.560,3.570,,5.010
2009/10/26,3.220,5.910,3.610,3.630,,5.100
2009/10/23,3.210,5.870,3.580,3.590,,5.060
2009/10/22,3.180,5.810,3.540,3.550,,5.000
2009/10/21,3.170,5.780,3.530,3.530,,4.970
2009/10/20,3.180,5.790,3.540,3.560,,4.980
2009/10/19,3.180,5.770,3.520,3.540,,4.960
2009/10/16,3.170,5.770,3.520,3.530,,4.950
2009/10/15,3.130,5.700,3.420,3.430,,4.880
2009/10/14,3.140,5.670,3.430,3.430,,4.850
2009/10/13,3.180,5.680,3.460,3.460,,4.850
2009/10/12,3.240,5.710,3.490,3.490,,4.880
2009/10/09,3.300,5.610,3.560,3.580,,4.780
2009/10/08,3.380,5.660,3.650,3.670,,4.810
2009/10/07,3.390,5.650,3.630,3.650,,4.800
2009/10/06,3.400,5.680,3.640,3.650,,4.830
2009/10/05,3.370,5.610,3.540,3.550,,4.750
2009/10/01,3.400,5.640,3.530,3.530,,4.780
2009/09/30,3.450,5.660,3.530,3.540,,4.810
2009/09/29,3.490,5.690,3.570,3.590,,4.840
2009/09/28,3.490,5.660,3.550,3.570,,4.810
2009/09/25,3.400,5.650,3.500,3.520,,4.800
2009/09/24,3.360,5.680,3.480,3.510,,4.830
2009/09/23,3.340,5.710,3.470,3.490,,4.870
2009/09/22,3.310,5.740,3.470,3.480,,4.910
2009/09/21,3.270,5.700,3.430,3.450,,4.850
2009/09/18,3.230,5.650,3.380,3.390,,4.770
2009/09/17,3.190,5.690,3.390,3.390,,4.820
2009/09/16,3.170,5.730,3.390,3.390,,4.860
2009/09/15,3.140,5.800,3.470,3.460,,4.930
2009/09/14,3.130,5.850,3.500,3.490,,4.960
2009/09/11,3.120,5.850,3.510,3.510,,4.950
2009/09/10,3.100,5.860,3.510,3.520,,4.960
2009/09/09,2.990,5.700,3.320,3.310,,4.800
2009/09/08,3.000,5.720,3.340,3.320,,4.820
2009/09/07,3.020,5.740,3.340,3.340,,4.840
2009/09/04,3.020,5.710,3.340,3.350,,4.790
2009/09/03,3.040,5.700,3.340,3.360,,4.780
2009/09/02,3.080,5.730,3.390,3.380,,4.820
2009/09/01,3.080,5.790,3.450,3.430,,4.910
2009/08/31,3.040,5.780,3.410,3.420,,4.910
2009/08/28,2.990,5.740,3.360,3.380,,4.880
2009/08/27,2.950,5.670,3.300,3.330,,4.810
2009/08/26,2.940,5.700,3.300,3.330,,4.840
2009/08/25,2.940,5.670,3.300,3.330,,4.800
2009/08/24,2.930,5.710,3.310,3.330,,4.860
2009/08/21,2.880,5.650,3.250,3.250,,4.800
2009/08/20,2.860,5.720,3.240,3.230,,4.880
2009/08/19,2.820,5.680,3.220,3.220,,4.840
2009/08/18,2.820,5.810,3.230,3.230,,4.970
2009/08/17,2.810,5.780,3.200,3.200,,4.930
2009/08/14,2.820,5.910,3.220,3.240,,5.050
2009/08/13,2.780,5.880,3.150,3.160,,5.010
2009/08/12,2.750,5.850,3.090,3.110,,4.970
2009/08/11,2.720,5.830,3.010,3.020,,4.950
2009/08/10,2.740,5.870,3.020,3.020,,4.990
2009/08/07,2.710,5.830,3.000,2.990,,4.940
2009/08/06,2.700,5.840,2.980,2.970,,4.950
2009/08/05,2.660,5.820,2.900,2.880,,4.920
2009/08/04,2.610,5.780,2.830,2.820,,4.870
2009/08/03,2.610,5.830,2.840,2.840,,4.880
2009/07/31,2.560,5.740,2.770,2.780,,4.770
2009/07/30,2.540,5.640,2.720,2.720,,4.660
2009/07/29,2.520,5.680,2.740,2.740,,4.700
2009/07/28,2.490,5.680,2.710,2.720,,4.700
2009/07/27,2.490,5.700,2.700,2.710,,4.730
2009/07/24,2.480,5.690,2.690,2.710,,4.710
2009/07/23,2.480,5.690,2.700,2.710,,4.700
2009/07/22,2.490,5.740,2.730,2.740,,4.750
2009/07/21,2.470,5.680,2.720,2.730,,4.680
2009/07/20,2.470,5.730,2.730,2.740,,4.720
2009/07/17,2.450,5.630,2.710,2.710,,4.610
2009/07/16,2.430,5.540,2.660,2.660,,4.510
2009/07/15,2.430,5.540,2.660,2.660,,4.530
2009/07/14,2.410,5.490,2.640,2.640,,4.480
2009/07/13,2.400,5.470,2.630,2.640,,4.460
2009/07/10,2.400,5.420,2.600,2.630,,4.410
2009/07/09,2.440,5.500,2.710,2.710,,4.490
2009/07/08,2.480,5.560,2.790,2.800,,4.560
2009/07/07,2.500,5.620,2.840,2.840,,4.620
2009/07/06,2.500,5.580,2.820,2.820,,4.570
2009/07/03,2.510,5.540,2.850,2.830,,4.530
2009/07/02,2.530,5.530,2.910,2.900,,4.530
2009/07/01,2.570,5.550,2.940,2.930,,4.560
2009/06/30,2.590,5.630,2.950,2.950,,4.640
2009/06/29,2.590,5.590,2.910,2.910,,4.600
2009/06/26,2.590,5.640,2.930,2.930,,4.670
2009/06/25,2.610,5.670,2.980,2.980,,4.700
2009/06/24,2.570,5.610,2.910,2.910,,4.640
2009/06/23,2.570,5.650,2.940,2.940,,4.690
2009/06/22,2.590,5.710,3.020,3.020,,4.740
2009/06/19,2.610,5.690,3.060,3.080,,4.720
2009/06/18,2.640,5.680,3.160,3.160,,4.690
2009/06/17,2.660,5.760,3.200,3.210,,4.780
2009/06/16,2.670,5.780,3.200,3.210,,4.810
2009/06/15,2.680,5.810,3.190,3.210,,4.860
2009/06/12,2.670,5.830,3.130,3.150,,4.890
2009/06/11,2.670,5.870,2.980,2.980,,4.960
2009/06/10,2.650,5.680,2.710,2.710,,4.770
2009/06/09,2.640,5.650,2.660,2.630,,4.750
2009/06/08,2.640,5.630,2.570,2.540,,4.750
2009/06/05,2.590,5.490,2.470,2.460,,4.600
2009/06/04,2.590,5.490,2.450,2.440,,4.600
2009/06/03,2.580,5.510,2.480,2.450,,4.630
2009/06/02,2.580,5.550,2.490,2.460,,4.690
2009/06/01,2.580,5.530,2.470,2.430,,4.650
2009/05/29,2.570,5.550,2.470,2.420,,4.670
2009/05/28,2.570,5.570,2.480,2.430,,4.670
2009/05/27,2.560,5.490,2.480,2.430,,4.570
2009/05/26,2.550,5.440,2.480,2.430,,4.520
2009/05/25,2.560,5.440,2.490,2.460,,4.520
2009/05/22,2.570,5.470,2.510,2.500,,4.550
2009/05/21,2.550,5.450,2.520,2.520,,4.530
2009/05/20,2.540,5.470,2.530,2.540,,4.560
2009/05/19,2.520,5.440,2.530,2.530,,4.530
2009/05/18,2.500,5.360,2.500,2.500,,4.410
2009/05/15,2.470,5.410,2.520,2.510,,4.470
2009/05/14,2.470,5.390,2.520,2.510,,4.450
2009/05/13,2.480,5.460,2.580,2.570,,4.530
2009/05/12,2.490,5.450,2.610,2.600,,4.510
2009/05/11,2.530,5.550,2.670,2.660,,4.610
2009/05/08,2.530,5.540,2.650,2.640,,4.580
2009/05/07,2.560,5.560,2.660,2.660,,4.570
2009/05/06,2.570,5.430,2.620,2.620,,4.420
2009/05/04,2.580,5.410,2.620,2.630,,4.380
2009/04/30,2.520,5.220,2.530,2.520,,4.170
2009/04/29,2.520,5.130,2.490,2.500,,4.070
2009/04/28,2.500,5.110,2.480,2.480,,4.050
2009/04/27,2.500,5.210,2.480,2.480,,4.180
2009/04/24,2.470,5.210,2.440,2.440,,4.180
2009/04/23,2.460,5.350,2.440,2.450,,4.320
2009/04/22,2.420,5.360,2.410,2.430,,4.330
2009/04/21,2.380,5.300,2.370,2.380,,4.260
2009/04/20,2.360,5.320,2.350,2.350,,4.320
2009/04/17,2.330,5.350,2.340,2.340,,4.370
2009/04/16,2.330,5.410,2.350,2.350,,4.460
2009/04/15,2.330,5.380,2.330,2.330,,4.420
2009/04/14,2.350,5.430,2.360,2.350,,4.470
2009/04/13,2.400,5.510,2.420,2.420,,4.540
2009/04/10,2.420,5.530,2.450,2.460,,4.600
2009/04/09,2.450,5.520,2.500,2.500,,4.580
2009/04/08,2.480,5.540,2.530,2.530,,4.660
2009/04/07,2.540,5.600,2.590,2.590,,4.780
2009/04/06,2.570,5.610,2.610,2.610,,4.790
2009/04/03,2.580,5.500,2.610,2.600,,4.620
2009/04/02,2.600,5.480,2.620,2.610,,4.570
2009/04/01,2.660,5.510,2.700,2.660,,4.600
2009/03/31,2.740,5.670,2.770,2.730,,4.690
2009/03/30,2.740,5.660,2.730,2.710,,4.670
2009/03/27,2.700,5.650,2.670,2.650,,4.590
2009/03/26,2.660,5.710,2.670,2.650,,4.600
2009/03/25,2.640,5.640,2.660,2.640,,4.470
2009/03/24,2.640,5.630,2.690,2.660,,4.430
2009/03/23,2.640,5.570,2.650,2.640,,4.280
2009/03/20,2.610,5.500,2.590,2.590,,4.180
2009/03/19,2.570,5.490,2.570,2.560,,4.140
2009/03/18,2.560,5.600,2.570,2.550,,4.350
2009/03/17,2.510,5.650,2.520,2.500,,4.360
2009/03/16,2.450,5.810,2.490,2.480,,4.510
2009/03/13,2.430,5.730,2.470,2.450,,4.430
2009/03/12,2.370,5.660,2.390,2.390,,4.400
2009/03/11,2.370,5.730,2.420,2.420,,4.530
2009/03/10,2.380,5.690,2.400,2.390,,4.500
2009/03/09,2.420,5.820,2.430,2.420,,4.610
2009/03/06,2.460,5.810,2.410,2.420,,4.580
2009/03/05,2.500,5.880,2.460,2.460,,4.660
2009/03/04,2.510,5.880,2.430,2.440,,4.620
2009/03/03,2.550,5.940,2.480,2.490,,4.590
2009/03/02,2.590,6.060,2.550,2.580,,4.640
2009/02/27,2.580,6.000,2.520,2.560,,4.570
2009/02/26,2.610,6.030,2.550,2.590,,4.580
2009/02/25,2.610,6.100,2.570,2.620,,4.670
2009/02/24,2.570,6.070,2.460,2.480,,4.640
2009/02/23,2.520,6.060,2.320,2.340,,4.640
2009/02/20,2.510,6.170,2.290,2.290,,4.770
2009/02/19,2.500,6.100,2.140,2.160,,4.700
2009/02/18,2.510,6.170,2.150,2.150,,4.840
2009/02/17,2.570,6.220,2.250,2.230,,4.870
2009/02/16,2.530,5.990,2.100,2.110,,4.590
2009/02/13,2.550,5.890,2.070,2.090,,4.490
2009/02/12,2.610,5.990,2.180,2.180,,4.530
2009/02/11,2.660,6.010,2.290,2.280,,4.520
2009/02/10,2.650,6.070,2.360,2.350,,4.570
2009/02/09,2.680,6.080,2.380,2.370,,4.530
2009/02/06,2.710,6.100,2.400,2.390,,4.500
2009/02/05,2.780,6.260,2.460,2.450,,4.590
2009/02/04,2.820,6.200,2.450,2.440,,4.490
2009/02/03,2.870,6.260,2.520,2.510,,4.550
2009/02/02,2.890,6.110,2.520,2.500,,4.420
2009/01/30,2.900,5.820,2.470,2.460,,4.100
2009/01/29,2.900,5.640,2.470,2.460,,3.920
2009/01/28,2.940,5.560,2.460,2.450,,3.870
2009/01/23,2.990,5.530,2.500,2.480,,3.960
2009/01/22,3.030,5.520,2.510,2.500,,4.040
2009/01/21,3.050,5.430,2.510,2.510,,4.070
2009/01/20,3.080,5.430,2.570,2.560,,4.160
2009/01/19,3.070,5.340,2.580,2.560,,4.070
2009/01/16,3.130,5.450,2.710,2.690,,4.210
2009/01/15,3.080,5.290,2.700,2.680,,4.140
2009/01/14,3.030,5.120,2.570,2.570,,3.940
2009/01/13,3.220,5.260,2.720,2.700,,4.040
2009/01/12,3.370,5.380,2.740,2.740,,4.080
2009/01/09,3.440,5.480,2.730,2.740,,3.990
2009/01/08,3.500,5.280,2.690,2.710,,3.720
2009/01/07,3.970,5.500,2.960,2.960,,3.920
2009/01/06,4.100,5.480,2.910,2.920,,3.750
2009/01/05,4.270,5.650,2.910,2.930,,3.740
2009/01/02,4.570,5.900,3.130,3.150,,3.790
2008/12/31,4.740,6.050,3.180,3.200,,3.770
2008/12/30,4.740,6.050,3.180,3.200,,3.770
2008/12/29,4.820,6.290,3.410,3.420,,4.010
2008/12/26,4.880,6.350,3.460,3.480,,4.070
2008/12/24,4.920,6.410,3.520,3.550,,4.140
2008/12/23,4.940,6.480,3.650,3.660,,4.240
2008/12/22,4.940,6.450,3.670,3.680,,4.230
2008/12/19,4.940,6.320,3.680,3.690,,4.150
2008/12/18,4.940,6.250,3.700,3.710,,4.160
2008/12/17,4.980,6.250,3.730,3.730,,4.180
2008/12/16,5.100,6.280,3.780,3.770,,4.210
2008/12/15,5.460,6.720,3.930,3.910,,4.350
2008/12/12,5.550,6.860,4.000,3.990,,4.350
2008/12/11,5.670,7.270,4.060,4.050,,4.440
2008/12/10,6.420,7.610,4.350,4.340,,4.520
2008/12/09,6.500,7.660,4.290,4.300,,4.440
2008/12/08,6.610,7.690,4.330,4.360,,4.470
2008/12/05,6.670,7.640,4.310,4.370,,4.420
2008/12/04,6.750,7.770,4.470,4.510,,4.580
2008/12/03,6.760,7.690,4.500,4.490,,4.500
2008/12/02,6.830,7.810,4.670,4.660,,4.630
2008/12/01,6.840,7.850,4.810,4.790,,4.830
2008/11/28,6.820,7.930,4.880,4.870,,5.030
2008/11/27,6.780,7.880,4.880,4.850,,5.030
2008/11/26,6.760,7.860,4.880,4.850,,5.040
2008/11/25,6.760,7.870,4.940,4.930,,5.200
2008/11/24,6.710,7.770,4.950,4.950,,5.210
2008/11/21,6.660,7.630,4.920,4.930,,5.140
2008/11/20,6.710,7.720,5.000,5.020,,5.290
2008/11/19,6.690,7.680,5.030,5.050,,5.300
2008/11/18,6.750,7.810,5.170,5.180,,5.540
2008/11/17,6.730,7.650,5.120,5.130,,5.390
2008/11/14,6.780,7.790,5.270,5.320,,5.570
2008/11/13,6.790,7.590,5.230,5.230,,5.400
2008/11/12,6.790,7.320,5.080,5.090,,5.130
2008/11/11,6.850,7.370,5.110,5.140,,5.240
2008/11/10,6.880,7.390,5.100,5.120,,5.250
2008/11/07,6.910,7.350,4.920,4.950,,4.940
2008/11/06,7.150,7.480,4.820,4.840,,4.760
2008/11/05,7.300,7.680,4.850,4.870,,4.840
2008/11/04,7.380,7.780,4.920,4.910,,4.940
2008/11/03,7.440,7.880,4.960,4.960,,4.990
2008/10/31,7.420,7.860,4.910,4.910,,4.720
2008/10/30,7.400,7.810,4.890,4.900,,4.580
2008/10/29,7.370,7.850,4.890,4.910,,4.710
2008/10/28,7.330,7.810,4.890,4.890,,4.700
2008/10/27,7.210,7.710,4.810,4.810,,4.640
2008/10/24,7.370,7.920,5.060,5.070,,4.890
2008/10/23,7.320,7.890,5.050,5.060,,4.880
2008/10/22,7.260,7.830,5.030,5.030,,4.840
2008/10/21,7.260,7.950,5.210,5.200,,5.040
2008/10/20,7.230,7.940,5.220,5.200,,5.070
2008/10/17,7.190,7.900,5.200,5.170,,5.080
2008/10/16,7.170,8.010,5.270,5.300,,5.310
2008/10/15,7.070,7.830,5.230,5.220,,5.210
2008/10/14,7.090,7.860,5.270,5.270,,5.300
2008/10/13,7.060,7.850,5.250,5.270,,5.330
2008/10/10,7.000,7.730,5.220,5.220,,5.260
2008/10/09,6.940,7.640,5.280,5.280,,5.350
2008/10/08,6.980,7.760,5.540,5.530,,5.630
2008/10/07,6.960,7.690,5.520,5.510,,5.620
2008/10/06,6.960,7.750,5.660,5.640,,5.790
2008/10/02,6.880,7.630,5.560,5.550,,5.730
2008/10/01,6.880,7.600,5.590,5.570,,5.770
2008/09/30,6.850,7.550,5.570,5.560,,5.750
2008/09/29,6.860,7.680,5.670,5.680,,6.000
2008/09/26,6.820,7.650,5.690,5.700,,6.040
2008/09/25,6.690,7.470,5.620,5.630,,5.960
2008/09/24,6.550,7.300,5.580,5.590,,5.930
2008/09/23,6.480,7.220,5.580,5.570,,5.910
2008/09/22,6.390,7.140,5.540,5.540,,5.900
2008/09/19,6.300,7.080,5.490,5.480,,5.850
2008/09/18,6.240,7.150,5.520,5.520,,5.940
2008/09/17,6.070,6.850,5.280,5.280,,5.640
2008/09/16,6.020,6.760,5.240,5.230,,5.550
2008/09/12,6.040,6.910,5.350,5.340,,5.710
2008/09/11,6.040,7.000,5.370,5.350,,5.730
2008/09/10,6.040,7.070,5.400,5.380,,5.770
2008/09/09,6.030,7.100,5.430,5.410,,5.800
2008/09/08,6.040,7.110,5.450,5.430,,5.830
2008/09/05,6.020,7.180,5.470,5.460,,5.870
2008/09/04,5.990,7.210,5.470,5.460,,5.890
2008/09/03,5.990,7.300,5.490,5.480,,5.960
2008/09/02,5.990,7.390,5.530,5.520,,6.050
2008/09/01,5.980,7.310,5.490,5.480,,5.970
2008/08/29,5.940,7.200,5.420,5.410,,5.860
2008/08/28,5.940,7.220,5.410,5.410,,5.850
2008/08/27,5.970,7.320,5.450,5.440,,5.900
2008/08/26,5.990,7.350,5.460,5.470,,5.930
2008/08/25,6.040,7.380,5.500,5.500,,5.960
2008/08/22,6.020,7.330,5.470,5.470,,5.890
2008/08/21,6.000,7.230,5.420,5.410,,5.790
2008/08/20,6.020,7.230,5.420,5.410,,5.790
2008/08/19,6.040,7.240,5.450,5.450,,5.840
2008/08/18,6.050,7.290,5.520,5.510,,5.940
2008/08/14,6.060,7.220,5.510,5.500,,5.910
2008/08/13,6.040,7.080,5.450,5.440,,5.810
2008/08/12,6.050,7.030,5.450,5.440,,5.800
2008/08/11,6.040,6.920,5.430,5.420,,5.740
2008/08/08,6.010,6.900,5.410,5.400,,5.720
2008/08/07,5.990,6.860,5.370,5.360,,5.690
2008/08/06,5.990,6.860,5.400,5.390,,5.730
2008/08/05,6.010,6.900,5.430,5.420,,5.800
2008/08/04,6.020,6.930,5.450,5.450,,5.840
2008/08/01,5.980,6.850,5.400,5.390,,5.760
2008/07/31,5.990,6.900,5.430,5.420,,5.860
2008/07/30,5.960,6.850,5.400,5.390,,5.820
2008/07/29,5.960,6.850,5.410,5.410,,5.870
2008/07/28,5.960,6.850,5.410,5.410,,5.910
2008/07/25,5.940,6.770,5.330,5.340,,5.830
2008/07/24,5.960,6.810,5.330,5.330,,5.870
2008/07/23,5.980,6.840,5.360,5.370,,5.900
2008/07/22,6.020,6.890,5.430,5.420,,5.950
2008/07/21,6.070,7.040,5.510,5.510,,6.110
2008/07/18,6.040,6.950,5.460,5.460,,6.020
2008/07/17,6.030,6.950,5.470,5.470,,6.020
2008/07/16,6.030,6.970,5.540,5.530,,6.110
2008/07/15,5.990,6.970,5.510,5.520,,6.130
2008/07/14,5.930,6.970,5.520,5.520,,6.180
2008/07/11,5.860,6.900,5.470,5.470,,6.170
2008/07/10,5.750,6.730,5.320,5.330,,6.080
2008/07/09,5.700,6.710,5.280,5.290,,6.060
2008/07/08,5.690,6.720,5.300,5.310,,6.120
2008/07/07,5.660,6.750,5.340,5.330,,6.150
2008/07/04,5.650,6.750,5.370,5.370,,6.150
2008/07/03,5.640,6.760,5.410,5.410,,6.160
2008/07/02,5.580,6.670,5.360,5.350,,6.070
2008/07/01,5.550,6.550,5.290,5.280,,5.950
2008/06/30,5.550,6.580,5.320,5.320,,5.980
2008/06/27,5.500,6.450,5.250,5.250,,5.850
2008/06/26,5.500,6.420,5.230,5.230,,5.820
2008/06/25,5.530,6.490,5.270,5.270,,5.900
2008/06/24,5.550,6.520,5.300,5.300,,5.930
2008/06/23,5.550,6.540,5.320,5.320,,5.950
2008/06/20,5.480,6.380,5.210,5.200,,5.790
2008/06/19,5.460,6.330,5.170,5.170,,5.730
2008/06/18,5.480,6.360,5.180,5.180,,5.760
2008/06/17,5.460,6.340,5.160,5.170,,5.740
2008/06/16,5.460,6.400,5.190,5.190,,5.800
2008/06/13,5.480,6.440,5.220,5.220,,5.840
2008/06/12,5.480,6.460,5.230,5.230,,5.860
2008/06/11,5.490,6.460,5.230,5.230,,5.860
2008/06/10,5.510,6.510,5.270,5.260,,5.910
2008/06/09,5.470,6.400,5.150,5.170,,5.800
2008/06/05,5.370,6.210,5.050,5.040,,5.600
2008/06/04,5.370,6.220,5.070,5.070,,5.610
2008/06/03,5.390,6.230,5.110,5.110,,5.620
2008/06/02,5.400,6.230,5.110,5.110,,5.620
2008/05/30,5.360,6.150,5.050,5.050,,5.540
2008/05/29,5.350,6.130,5.040,5.040,,5.520
2008/05/28,5.340,6.060,5.010,5.010,,5.450
2008/05/27,5.340,6.070,4.990,4.990,,5.460
2008/05/26,5.360,6.140,5.000,5.000,,5.530
2008/05/23,5.360,6.120,5.010,5.010,,5.500
2008/05/22,5.360,6.060,5.010,5.010,,5.440
2008/05/21,5.410,6.090,5.050,5.050,,5.470
2008/05/20,5.410,6.030,5.040,5.030,,5.410
2008/05/19,5.430,6.130,5.130,5.130,,5.510
2008/05/16,5.400,5.980,5.080,5.080,,5.360
2008/05/15,5.380,5.920,5.070,5.060,,5.300
2008/05/14,5.380,5.940,5.120,5.110,,5.320
2008/05/13,5.390,5.960,5.150,5.150,,5.360
2008/05/09,5.360,5.890,5.110,5.110,,5.290
2008/05/08,5.340,5.890,5.090,5.080,,5.290
2008/05/07,5.260,5.650,4.940,4.930,,5.050
2008/05/06,5.250,5.610,4.910,4.900,,5.000
2008/05/02,5.250,5.590,4.910,4.900,,4.980
2008/04/30,5.250,5.570,4.910,4.900,,4.960
2008/04/29,5.260,5.590,4.950,4.930,,4.970
2008/04/28,5.270,5.600,4.960,4.950,,4.980
2008/04/25,5.280,5.620,4.980,4.970,,5.000
2008/04/24,5.290,5.610,4.990,4.980,,4.980
2008/04/23,5.310,5.630,5.020,5.010,,5.000
2008/04/22,5.310,5.610,5.030,5.010,,4.980
2008/04/21,5.320,5.640,5.050,5.050,,5.010
2008/04/18,5.320,5.640,5.060,5.050,,5.010
2008/04/17,5.300,5.620,5.030,5.030,,4.990
2008/04/16,5.300,5.640,5.020,5.020,,4.980
2008/04/15,5.300,5.660,5.020,5.020,,4.980
2008/04/14,5.300,5.710,5.020,5.020,,5.000
2008/04/11,5.300,5.720,5.000,5.010,,4.980
2008/04/10,5.280,5.690,5.000,5.000,,4.930
2008/04/08,5.350,5.800,5.070,5.080,,5.050
2008/04/07,5.350,5.860,5.120,5.130,,5.140
2008/04/04,5.350,5.860,5.140,5.140,,5.130
2008/04/03,5.330,5.860,5.140,5.150,,5.130
2008/04/02,5.330,5.820,5.130,5.130,,5.110
2008/04/01,5.330,5.840,5.130,5.130,,5.140
2008/03/31,5.310,5.800,5.110,5.120,,5.120
2008/03/28,5.320,5.850,5.140,5.150,,5.190
2008/03/27,5.310,5.850,5.130,5.140,,5.200
2008/03/26,5.300,5.920,5.150,5.140,,5.310
2008/03/25,5.270,5.890,5.140,5.140,,5.300
2008/03/24,5.270,5.910,5.140,5.140,,5.320
2008/03/21,5.230,5.780,5.070,5.070,,5.210
2008/03/20,5.230,5.790,5.090,5.090,,5.230
2008/03/19,5.220,5.820,5.120,5.120,,5.300
2008/03/18,5.200,5.680,5.050,5.040,,5.170
2008/03/17,5.270,5.880,5.110,5.110,,5.360
2008/03/14,5.200,5.780,5.060,5.050,,5.280
2008/03/13,5.190,5.800,5.030,5.040,,5.310
2008/03/12,5.140,5.690,4.980,4.980,,5.200
2008/03/11,5.150,5.710,4.980,4.980,,5.220
2008/03/10,5.150,5.700,4.970,4.970,,5.230
2008/03/07,5.100,5.580,4.910,4.910,,5.090
2008/03/06,5.090,5.540,4.890,4.890,,5.050
2008/03/05,5.090,5.510,4.880,4.880,,5.020
2008/03/04,5.090,5.520,4.890,4.890,,5.040
2008/03/03,5.090,5.510,4.890,4.890,,5.030
2008/02/29,5.120,5.550,4.920,4.920,,5.080
2008/02/28,5.140,5.600,4.950,4.950,,5.140
2008/02/27,5.140,5.590,4.960,4.960,,5.170
2008/02/26,5.120,5.560,4.970,4.970,,5.190
2008/02/25,5.110,5.530,4.960,4.960,,5.170
2008/02/22,5.090,5.500,4.940,4.950,,5.140
2008/02/21,5.110,5.560,4.980,4.980,,5.200
2008/02/20,5.090,5.470,4.930,4.940,,5.100
2008/02/19,5.100,5.490,4.940,4.940,,5.120
2008/02/18,5.090,5.440,4.920,4.920,,5.060
2008/02/15,5.130,5.460,4.950,4.950,,5.080
2008/02/14,5.140,5.470,4.970,4.970,,5.070
2008/02/13,5.170,5.470,4.980,4.980,,5.080
2008/02/12,5.240,5.550,5.020,5.020,,5.150
2008/02/11,5.260,5.590,5.040,5.040,,5.200
2008/02/05,5.280,5.610,5.050,5.050,,5.210
2008/02/04,5.300,5.630,5.060,5.060,,5.230
2008/02/01,5.300,5.520,5.030,5.020,,5.120
2008/01/31,5.330,5.510,5.030,5.020,,5.110
2008/01/30,5.400,5.550,5.090,5.080,,5.150
2008/01/29,5.440,5.580,5.100,5.100,,5.140
2008/01/28,5.460,5.600,5.130,5.110,,5.130
2008/01/25,5.580,5.740,5.190,5.180,,5.280
2008/01/24,5.590,5.730,5.140,5.130,,5.210
2008/01/23,5.660,5.730,5.150,5.130,,5.160
2008/01/22,5.830,5.930,5.380,5.380,,5.350
2008/01/21,5.850,5.980,5.430,5.420,,5.380
2008/01/18,5.890,6.090,5.460,5.460,,5.410
2008/01/17,5.950,6.270,5.520,5.520,,5.470
2008/01/16,5.920,6.350,5.480,5.480,,5.390
2008/01/15,5.950,6.450,5.510,5.510,,5.490
2008/01/14,5.990,6.690,5.560,5.550,,5.640
2008/01/11,6.000,6.760,5.550,5.540,,5.640
2008/01/10,6.060,6.960,5.640,5.650,,5.840
2008/01/09,6.090,7.070,5.690,5.700,,5.960
2008/01/08,6.100,7.080,5.730,5.740,,5.980
2008/01/07,6.090,6.990,5.730,5.730,,5.890
2008/01/04,6.060,6.980,5.760,5.760,,5.880
2008/01/03,6.060,6.960,5.780,5.780,,5.880
2008/01/02,6.060,6.950,5.780,5.780,,5.890
2007/12/31,5.970,6.820,5.720,5.730,,5.760
2007/12/28,5.970,6.820,5.720,5.730,,5.760
2007/12/27,5.960,6.800,5.710,5.710,,5.760
2007/12/26,5.930,6.770,5.720,5.720,,5.810
2007/12/24,5.920,6.780,5.730,5.720,,5.850
2007/12/21,5.900,6.770,5.720,5.710,,5.840
2007/12/20,5.880,6.760,5.720,5.710,,5.830
2007/12/18,5.900,6.810,5.730,5.730,,5.900
2007/12/17,5.880,6.790,5.700,5.700,,5.920
2007/12/14,5.840,6.760,5.690,5.680,,5.900
2007/12/13,5.830,6.740,5.680,5.680,,5.900
2007/12/12,5.830,6.840,5.710,5.710,,6.020
2007/12/11,5.820,6.890,5.720,5.720,,6.070
2007/12/10,5.800,6.890,5.720,5.720,,6.080
2007/12/07,5.780,6.880,5.690,5.700,,6.070
2007/12/06,5.740,6.760,5.620,5.620,,5.950
2007/12/05,5.730,6.730,5.630,5.630,,5.960
2007/12/04,5.690,6.590,5.570,5.580,,5.840
2007/12/03,5.670,6.530,5.540,5.550,,5.790
2007/11/30,5.650,6.520,5.550,5.550,,5.820
2007/11/29,5.690,6.730,5.630,5.630,,6.070
2007/11/28,5.670,6.650,5.550,5.540,,5.990
2007/11/27,5.600,6.380,5.430,5.430,,5.750
2007/11/26,5.590,6.320,5.420,5.420,,5.720
2007/11/23,5.580,6.260,5.420,5.410,,5.670
2007/11/22,5.590,6.280,5.430,5.430,,5.710
2007/11/21,5.590,6.270,5.430,5.420,,5.700
2007/11/20,5.560,6.180,5.370,5.380,,5.610
2007/11/19,5.550,6.150,5.370,5.360,,5.580
2007/11/16,5.530,6.060,5.350,5.350,,5.500
2007/11/15,5.520,6.020,5.340,5.340,,5.470
2007/11/14,5.510,5.990,5.340,5.340,,5.450
2007/11/13,5.500,5.930,5.320,5.330,,5.400
2007/11/12,5.500,5.940,5.320,5.330,,5.410
2007/11/09,5.490,5.900,5.310,5.310,,5.380
2007/11/08,5.480,5.870,5.300,5.310,,5.360
2007/11/07,5.490,5.930,5.340,5.330,,5.430
2007/11/06,5.490,5.970,5.350,5.340,,5.470
2007/11/05,5.480,5.980,5.350,5.340,,5.480
2007/11/02,5.480,5.970,5.350,5.340,,5.470
2007/11/01,5.480,6.010,5.370,5.350,,5.510
2007/10/31,5.460,5.980,5.360,5.340,,5.480
2007/10/30,5.450,5.960,5.340,5.330,,5.460
2007/10/29,5.440,5.940,5.320,5.310,,5.430
2007/10/26,5.430,5.920,5.310,5.310,,5.420
2007/10/25,5.430,5.910,5.300,5.300,,5.410
2007/10/24,5.420,5.870,5.290,5.290,,5.370
2007/10/23,5.430,5.880,5.300,5.300,,5.410
2007/10/22,5.430,5.850,5.290,5.290,,5.400
2007/10/19,5.440,5.920,5.320,5.320,,5.470
2007/10/18,5.450,5.970,5.340,5.340,,5.530
2007/10/17,5.460,5.950,5.340,5.340,,5.510
2007/10/16,5.470,5.970,5.360,5.360,,5.530
2007/10/15,5.480,6.020,5.370,5.370,,5.580
2007/10/12,5.470,5.980,5.350,5.350,,5.540
2007/10/11,5.470,5.960,5.350,5.350,,5.520
2007/10/10,5.490,5.950,5.360,5.360,,5.510
2007/10/09,5.500,5.950,5.360,5.360,,5.510
2007/10/08,5.510,5.920,5.350,5.350,,5.480
2007/10/05,5.510,5.890,5.340,5.340,,5.450
2007/10/04,5.520,5.930,5.360,5.370,,5.490
2007/10/02,5.520,5.970,5.380,5.390,,5.530
2007/10/01,5.530,5.980,5.390,5.390,,5.540
2007/09/28,5.520,5.970,5.380,5.380,,5.530
2007/09/27,5.530,5.970,5.390,5.390,,5.530
2007/09/21,5.530,5.930,5.380,5.380,,5.490
2007/09/20,5.520,5.900,5.360,5.360,,5.460
2007/09/19,5.530,5.870,5.360,5.350,,5.420
2007/09/18,5.520,5.840,5.360,5.350,,5.400
2007/09/17,5.520,5.840,5.360,5.360,,5.410
2007/09/14,5.510,5.820,5.350,5.350,,5.390
2007/09/13,5.490,5.780,5.340,5.340,,5.360
2007/09/12,5.480,5.760,5.340,5.340,,5.360
2007/09/11,5.490,5.770,5.360,5.360,,5.380
2007/09/10,5.480,5.720,5.330,5.330,,5.360
2007/09/07,5.490,5.760,5.350,5.350,,5.420
2007/09/06,5.500,5.800,5.370,5.370,,5.470
2007/09/05,5.500,5.800,5.370,5.370,,5.470
2007/09/04,5.490,5.810,5.380,5.380,,5.490
2007/09/03,5.480,5.820,5.380,5.380,,5.500
2007/08/31,5.480,5.790,5.370,5.370,,5.470
2007/08/30,5.440,5.730,5.340,5.340,,5.410
2007/08/29,5.440,5.760,5.340,5.340,,5.440
2007/08/28,5.410,5.740,5.320,5.320,,5.420
2007/08/27,5.380,5.700,5.300,5.300,,5.390
2007/08/24,5.360,5.650,5.290,5.290,,5.350
2007/08/23,5.360,5.660,5.290,5.290,,5.360
2007/08/22,5.350,5.630,5.290,5.280,,5.330
2007/08/21,5.350,5.600,5.280,5.280,,5.300
2007/08/20,5.350,5.600,5.280,5.280,,5.300
2007/08/17,5.340,5.570,5.260,5.260,,5.270
2007/08/16,5.340,5.580,5.260,5.260,,5.280
2007/08/14,5.350,5.620,5.280,5.280,,5.340
2007/08/13,5.330,5.610,5.270,5.270,,5.330
2007/08/10,5.310,5.570,5.250,5.250,,5.290
2007/08/09,5.320,5.630,5.270,5.280,,5.380
2007/08/08,5.250,5.560,5.220,5.220,,5.320
2007/08/07,5.230,5.530,5.200,5.200,,5.290
2007/08/06,5.220,5.490,5.190,5.180,,5.250
2007/08/03,5.220,5.490,5.200,5.190,,5.250
2007/08/02,5.220,5.490,5.230,5.220,,5.250
2007/08/01,5.210,5.450,5.220,5.210,,5.220
2007/07/31,5.220,5.500,5.260,5.260,,5.280
2007/07/30,5.210,5.540,5.270,5.270,,5.320
2007/07/27,5.190,5.520,5.270,5.260,,5.300
2007/07/26,5.210,5.570,5.300,5.290,,5.360
2007/07/25,5.210,5.620,5.310,5.310,,5.410
2007/07/24,5.210,5.670,5.330,5.330,,5.470
2007/07/23,5.200,5.640,5.320,5.320,,5.440
2007/07/20,5.220,5.670,5.330,5.330,,5.480
2007/07/19,5.220,5.660,5.330,5.330,,5.460
2007/07/18,5.230,5.670,5.330,5.330,,5.470
2007/07/16,5.240,5.690,5.340,5.340,,5.490
2007/07/13,5.250,5.690,5.340,5.350,,5.490
2007/07/12,5.250,5.650,5.310,5.310,,5.450
2007/07/11,5.200,5.590,5.270,5.270,,5.390
2007/07/10,5.190,5.650,5.270,5.270,,5.450
2007/07/09,5.190,5.660,5.260,5.270,,5.460
2007/07/06,5.190,5.670,5.260,5.260,,5.470
2007/07/05,5.190,5.680,5.260,5.260,,5.480
2007/07/04,5.180,5.650,5.240,5.240,,5.450
2007/07/03,5.170,5.620,5.220,5.220,,5.420
2007/07/02,5.140,5.600,5.210,5.210,,5.400
2007/06/29,5.120,5.590,5.200,5.200,,5.380
2007/06/28,5.110,5.550,5.180,5.170,,5.340
2007/06/27,5.110,5.570,5.180,5.180,,5.360
2007/06/26,5.100,5.630,5.180,5.180,,5.420
2007/06/25,5.080,5.610,5.160,5.160,,5.400
2007/06/22,5.080,5.650,5.170,5.170,,5.440
2007/06/21,5.070,5.680,5.180,5.180,,5.470
2007/06/20,5.060,5.590,5.160,5.150,,5.380
2007/06/19,5.060,5.560,5.150,5.140,,5.350
2007/06/18,5.060,5.560,5.150,5.150,,5.350
2007/06/15,5.060,5.570,5.150,5.150,,5.360
2007/06/14,5.060,5.570,5.150,5.150,,5.360
2007/06/13,5.060,5.590,5.150,5.150,,5.380
2007/06/12,5.060,5.610,5.160,5.160,,5.390
2007/06/11,5.060,5.580,5.150,5.150,,5.360
2007/06/08,5.060,5.540,5.150,5.150,,5.320
2007/06/07,5.020,5.470,5.110,5.100,,5.250
2007/06/05,5.020,5.420,5.090,5.090,,5.200
2007/06/04,5.020,5.410,5.090,5.090,,5.190
2007/06/01,5.020,5.410,5.090,5.090,,5.190
2007/05/31,5.030,5.420,5.100,5.100,,5.200
2007/05/30,5.040,5.440,5.100,5.100,,5.220
2007/05/29,5.050,5.410,5.100,5.100,,5.190
2007/05/28,5.060,5.410,5.110,5.110,,5.190
2007/05/25,5.070,5.410,5.120,5.120,,5.190
2007/05/23,5.080,5.420,5.130,5.130,,5.200
2007/05/22,5.080,5.400,5.140,5.130,,5.180
2007/05/21,5.100,5.400,5.140,5.140,,5.180
2007/05/18,5.100,5.400,5.150,5.150,,5.180
2007/05/17,5.110,5.390,5.130,5.130,,5.150
2007/05/16,5.110,5.350,5.120,5.120,,5.110
2007/05/15,5.110,5.340,5.120,5.120,,5.100
2007/05/14,5.110,5.340,5.120,5.120,,5.100
2007/05/11,5.110,5.330,5.110,5.110,,5.090
2007/05/10,5.130,5.330,5.120,5.120,,5.090
2007/05/09,5.130,5.320,5.110,5.110,,5.080
2007/05/08,5.130,5.290,5.090,5.090,,5.050
2007/05/07,5.130,5.260,5.080,5.080,,5.020
2007/05/04,5.130,5.240,5.070,5.070,,5.000
2007/05/03,5.130,5.240,5.070,5.070,,5.010
2007/05/02,5.140,5.260,5.080,5.080,,5.030
2007/04/30,5.150,5.300,5.090,5.090,,5.070
2007/04/27,5.130,5.270,5.050,5.050,,5.040
2007/04/26,5.100,5.260,5.020,5.030,,5.030
2007/04/25,5.060,5.240,5.000,5.000,,5.010
2007/04/24,5.060,5.230,5.000,5.000,,5.000
2007/04/23,5.060,5.230,5.000,5.000,,5.000
2007/04/20,5.060,5.260,5.010,5.010,,5.030
2007/04/19,5.030,5.180,4.960,4.960,,4.950
2007/04/18,5.030,5.190,4.960,4.960,,4.960
2007/04/17,5.030,5.210,4.970,4.970,,4.980
2007/04/16,5.040,5.230,4.980,4.980,,5.000
2007/04/13,5.040,5.210,4.980,4.970,,4.980
2007/04/12,5.040,5.200,4.970,4.970,,4.970
2007/04/11,5.040,5.200,4.970,4.970,,4.970
2007/04/10,5.040,5.190,4.950,4.950,,4.960
2007/04/09,5.050,5.190,4.950,4.950,,4.960
2007/04/06,5.010,5.120,4.900,4.900,,4.870
2007/04/05,5.010,5.110,4.900,4.900,,4.860
2007/04/04,5.010,5.120,4.900,4.900,,4.870
2007/04/03,5.010,5.110,4.890,4.890,,4.850
2007/04/02,4.990,5.080,4.880,4.870,,4.820
2007/03/30,4.980,5.060,4.860,4.860,,4.800
2007/03/29,4.980,5.060,4.870,4.860,,4.800
2007/03/28,4.970,5.050,4.860,4.860,,4.790
2007/03/27,4.970,5.060,4.860,4.860,,4.800
2007/03/26,4.970,5.060,4.860,4.860,,4.800
2007/03/23,4.970,5.050,4.870,4.870,,4.790
2007/03/22,4.970,5.050,4.870,4.870,,4.780
2007/03/21,4.970,5.060,4.880,4.880,,4.790
2007/03/20,4.970,5.070,4.880,4.880,,4.800
2007/03/19,4.980,5.080,4.880,4.880,,4.810
2007/03/16,4.970,5.060,4.880,4.880,,4.790
2007/03/15,4.970,5.080,4.890,4.890,,4.820
2007/03/14,4.970,5.080,4.890,4.890,,4.820
2007/03/13,4.990,5.120,4.910,4.910,,4.860
2007/03/12,4.990,5.090,4.900,4.900,,4.870
2007/03/09,4.970,5.060,4.880,4.880,,4.830
2007/03/08,4.970,5.070,4.880,4.880,,4.840
2007/03/07,4.970,5.050,4.880,4.880,,4.820
2007/03/06,4.980,5.070,4.900,4.900,,4.840
2007/03/05,4.970,5.040,4.900,4.890,,4.820
2007/03/02,4.990,5.080,4.920,4.920,,4.870
2007/02/28,5.000,5.080,4.920,4.920,,4.880
2007/02/27,5.000,5.080,4.930,4.930,,4.880
2007/02/26,4.980,5.060,4.920,4.910,,4.860
2007/02/23,5.000,5.070,4.920,4.920,,4.870
2007/02/22,5.000,5.080,4.930,4.930,,4.880
2007/02/21,5.000,5.090,4.930,4.930,,4.890
2007/02/20,5.010,5.120,4.950,4.950,,4.920
2007/02/16,4.990,5.080,4.930,4.930,,4.880
2007/02/15,4.990,5.090,4.940,4.930,,4.890
2007/02/14,5.020,5.140,4.970,4.970,,4.940
2007/02/13,5.020,5.160,4.980,4.980,,4.960
2007/02/12,5.010,5.150,4.960,4.960,,4.950
2007/02/09,5.010,5.150,4.960,4.960,,4.950
2007/02/08,5.010,5.160,4.960,4.960,,4.960
2007/02/07,5.020,5.170,4.970,4.970,,4.970
2007/02/06,5.030,5.200,4.990,4.990,,5.010
2007/02/05,5.040,5.250,5.010,5.010,,5.050
2007/02/02,5.060,5.230,5.010,5.010,,5.050
2007/02/01,5.030,5.180,4.980,4.980,,4.980
2007/01/31,5.060,5.230,5.020,5.020,,5.030
2007/01/30,5.070,5.240,5.030,5.030,,5.040
2007/01/29,5.070,5.250,5.040,5.040,,5.050
2007/01/26,5.070,5.270,5.050,5.050,,5.070
2007/01/25,5.070,5.240,5.030,5.030,,5.040
2007/01/24,5.060,5.250,5.020,5.020,,5.050
2007/01/23,5.030,5.210,4.990,4.980,,5.010
2007/01/22,5.030,5.200,4.970,4.970,,5.000
2007/01/19,5.010,5.190,4.970,4.970,,4.990
2007/01/18,5.030,5.220,4.980,4.980,,5.020
2007/01/17,5.020,5.210,4.980,4.980,,5.000
2007/01/16,5.020,5.210,4.980,4.980,,5.010
2007/01/15,5.020,5.200,4.980,4.980,,5.000
2007/01/12,5.010,5.180,4.960,4.960,,4.990
2007/01/11,4.960,5.130,4.930,4.920,,4.950
2007/01/10,4.950,5.110,4.910,4.910,,4.930
2007/01/09,4.930,5.120,4.910,4.910,,4.930
2007/01/08,4.930,5.120,4.910,4.910,,4.930
2007/01/05,4.930,5.120,4.910,4.910,,4.930
2007/01/04,4.940,5.160,4.940,4.930,,4.970
2007/01/03,4.950,5.150,4.940,4.950,,4.960
2007/01/02,4.960,5.180,4.960,4.960,,5.000
2006/12/29,4.960,5.170,4.950,4.950,,4.990
2006/12/28,4.960,5.170,4.950,4.950,,4.990
2006/12/27,4.960,5.180,4.950,4.950,,5.000
2006/12/26,4.950,5.190,4.950,4.950,,5.010
2006/12/22,4.910,5.110,4.880,4.890,,4.930
2006/12/21,4.890,5.080,4.860,4.860,,4.900
2006/12/20,4.870,5.080,4.860,4.860,,4.910
2006/12/19,4.840,5.060,4.850,4.840,,4.890
2006/12/18,4.830,5.060,4.840,4.840,,4.890
2006/12/15,4.820,5.050,4.830,4.830,,4.880
2006/12/14,4.800,5.050,4.820,4.830,,4.880
2006/12/13,4.780,5.000,4.790,4.790,,4.830
2006/12/12,4.770,5.000,4.790,4.790,,4.830
2006/12/11,4.770,5.020,4.790,4.790,,4.850
2006/12/08,4.750,4.940,4.760,4.760,,4.770
2006/12/07,4.760,4.910,4.760,4.760,,4.740
2006/12/06,4.760,4.930,4.770,4.770,,4.760
2006/12/05,4.760,4.950,4.790,4.800,,4.800
2006/12/04,4.760,4.980,4.800,4.800,,4.830
2006/12/01,4.760,5.000,4.820,4.810,,4.860
2006/11/30,4.760,5.010,4.820,4.820,,4.880
2006/11/29,4.750,5.000,4.810,4.800,,4.870
2006/11/28,4.710,4.990,4.780,4.780,,4.860
2006/11/27,4.690,4.970,4.750,4.750,,4.840
2006/11/24,4.680,4.970,4.730,4.730,,4.840
2006/11/23,4.650,4.960,4.730,4.730,,4.830
2006/11/22,4.640,4.920,4.700,4.700,,4.790
2006/11/21,4.630,4.920,4.700,4.700,,4.790
2006/11/20,4.620,4.870,4.680,4.680,,4.740
2006/11/17,4.620,4.890,4.690,4.690,,4.760
2006/11/16,4.630,4.890,4.690,4.690,,4.760
2006/11/15,4.630,4.890,4.690,4.690,,4.760
2006/11/14,4.630,4.910,4.690,4.690,,4.780
2006/11/13,4.610,4.880,4.660,4.660,,4.750
2006/11/10,4.600,4.860,4.660,4.660,,4.730
2006/11/09,4.630,4.880,4.670,4.660,,4.740
2006/11/08,4.670,4.970,4.700,4.690,,4.840
2006/11/07,4.630,4.920,4.670,4.660,,4.790
2006/11/06,4.630,4.920,4.670,4.660,,4.790
2006/11/03,4.600,4.810,4.620,4.620,,4.680
2006/11/02,4.600,4.810,4.620,4.620,,4.680
2006/11/01,4.610,4.870,4.650,4.630,,4.740
2006/10/31,4.630,4.910,4.660,4.650,,4.780
2006/10/30,4.620,4.900,4.660,4.650,,4.770
2006/10/27,4.620,4.860,4.630,4.630,,4.720
2006/10/26,4.620,4.850,4.630,4.620,,4.710
2006/10/25,4.630,4.860,4.640,4.630,,4.740
2006/10/24,4.630,4.860,4.640,4.630,,4.730
2006/10/23,4.610,4.790,4.600,4.600,,4.650
2006/10/20,4.600,4.760,4.590,4.590,,4.610
2006/10/19,4.600,4.760,4.590,4.590,,4.610
2006/10/18,4.610,4.780,4.610,4.610,,4.640
2006/10/17,4.610,4.780,4.610,4.610,,4.640
2006/10/16,4.610,4.810,4.620,4.620,,4.670
2006/10/13,4.610,4.790,4.620,4.620,,4.650
2006/10/12,4.610,4.770,4.620,4.620,,4.630
2006/10/11,4.630,4.770,4.620,4.620,,4.630
2006/10/10,4.620,4.750,4.610,4.610,,4.610
2006/10/09,4.610,4.750,4.610,4.610,,4.610
2006/10/04,4.610,4.740,4.610,4.610,,4.600
2006/10/02,4.630,4.760,4.620,4.610,,4.620
2006/09/29,4.620,4.740,4.610,4.600,,4.600
2006/09/28,4.640,4.800,4.630,4.630,,4.660
2006/09/27,4.640,4.810,4.630,4.630,,4.670
2006/09/26,4.640,4.840,4.640,4.640,,4.700
2006/09/25,4.640,4.850,4.640,4.640,,4.710
2006/09/22,4.630,4.840,4.630,4.630,,4.700
2006/09/21,4.630,4.880,4.650,4.650,,4.740
2006/09/20,4.630,4.890,4.650,4.650,,4.750
2006/09/19,4.650,4.940,4.670,4.670,,4.800
2006/09/18,4.650,4.940,4.670,4.670,,4.800
2006/09/15,4.650,4.920,4.670,4.670,,4.780
2006/09/14,4.650,4.920,4.670,4.670,,4.780
2006/09/13,4.650,4.920,4.670,4.670,,4.780
2006/09/12,4.650,4.940,4.680,4.680,,4.800
2006/09/11,4.660,4.940,4.690,4.690,,4.800
2006/09/08,4.660,4.930,4.690,4.690,,4.790
2006/09/07,4.670,4.930,4.700,4.690,,4.790
2006/09/06,4.690,4.970,4.720,4.720,,4.830
2006/09/05,4.670,4.930,4.700,4.700,,4.790
2006/09/04,4.680,4.910,4.700,4.690,,4.770
2006/09/01,4.680,4.920,4.710,4.700,,4.780
2006/08/31,4.700,4.960,4.730,4.720,,4.820
2006/08/30,4.720,4.960,4.740,4.730,,4.820
2006/08/29,4.710,4.940,4.730,4.730,,4.800
2006/08/28,4.690,4.930,4.730,4.720,,4.790
2006/08/25,4.690,4.930,4.730,4.730,,4.790
2006/08/24,4.690,4.940,4.730,4.730,,4.800
2006/08/23,4.700,4.910,4.720,4.720,,4.770
2006/08/22,4.720,4.940,4.730,4.730,,4.800
2006/08/21,4.730,4.940,4.740,4.740,,4.800
2006/08/18,4.740,4.930,4.740,4.740,,4.790
2006/08/17,4.750,4.950,4.740,4.740,,4.810
2006/08/16,4.770,4.990,4.760,4.760,,4.850
2006/08/14,4.770,5.000,4.760,4.760,,4.860
2006/08/11,4.750,4.930,4.740,4.730,,4.790
2006/08/10,4.770,4.990,4.780,4.770,,4.860
2006/08/09,4.710,4.950,4.720,4.710,,4.820
2006/08/08,4.730,4.960,4.750,4.740,,4.830
2006/08/07,4.750,4.990,4.780,4.770,,4.860
2006/08/04,4.750,5.010,4.780,4.780,,4.880
2006/08/03,4.740,4.990,4.780,4.780,,4.860
2006/08/02,4.740,5.000,4.780,4.790,,4.870
2006/08/01,4.740,4.980,4.780,4.780,,4.850
2006/07/31,4.740,5.060,4.800,4.800,,4.930
2006/07/28,4.740,5.090,4.810,4.810,,4.960
2006/07/27,4.740,5.090,4.820,4.810,,4.960
2006/07/26,4.720,5.120,4.820,4.820,,4.980
2006/07/25,4.700,5.140,4.820,4.820,,5.000
2006/07/24,4.690,5.100,4.800,4.800,,4.960
2006/07/21,4.700,5.090,4.800,4.800,,4.950
2006/07/20,4.690,5.090,4.800,4.800,,4.950
2006/07/19,4.710,5.120,4.820,4.820,,4.980
2006/07/18,4.710,5.110,4.810,4.810,,4.970
2006/07/14,4.710,5.160,4.820,4.820,,5.020
2006/07/13,4.710,5.170,4.820,4.820,,5.030
2006/07/12,4.720,5.190,4.830,4.830,,5.050
2006/07/11,4.720,5.180,4.820,4.820,,5.040
2006/07/10,4.730,5.220,4.830,4.830,,5.080
2006/07/07,4.710,5.200,4.820,4.810,,5.060
2006/07/06,4.680,5.120,4.780,4.770,,4.980
2006/07/05,4.680,5.100,4.780,4.770,,4.960
2006/07/04,4.690,5.140,4.810,4.810,,5.000
2006/07/03,4.700,5.160,4.810,4.810,,5.020
2006/06/30,4.720,5.170,4.830,4.820,,5.030
2006/06/29,4.780,5.260,4.880,4.880,,5.120
2006/06/28,4.800,5.300,4.890,4.890,,5.160
2006/06/27,4.780,5.300,4.890,4.890,,5.160
2006/06/26,4.750,5.300,4.860,4.850,,5.160
2006/06/23,4.730,5.310,4.840,4.840,,5.170
2006/06/22,4.690,5.230,4.780,4.780,,5.090
2006/06/21,4.670,5.220,4.760,4.760,,5.070
2006/06/20,4.660,5.230,4.750,4.750,,5.080
2006/06/19,4.630,5.230,4.720,4.720,,5.080
2006/06/16,4.610,5.170,4.690,4.690,,5.030
2006/06/15,4.580,5.170,4.670,4.660,,5.040
2006/06/14,4.550,5.120,4.640,4.640,,4.990
2006/06/13,4.540,5.110,4.620,4.620,,4.980
2006/06/12,4.540,5.110,4.620,4.630,,4.980
2006/06/09,4.530,5.090,4.610,4.610,,4.960
2006/06/08,4.510,5.060,4.600,4.600,,4.930
2006/06/07,4.470,5.050,4.550,4.550,,4.920
2006/06/05,4.450,5.030,4.530,4.530,,4.900
2006/06/02,4.450,5.020,4.530,4.530,,4.890
2006/06/01,4.450,4.990,4.530,4.530,,4.860
2006/05/30,4.450,5.000,4.530,4.530,,4.870
2006/05/29,4.460,5.020,4.540,4.540,,4.890
2006/05/26,4.460,5.050,4.550,4.550,,4.920
2006/05/25,4.460,5.030,4.550,4.550,,4.900
2006/05/24,4.460,5.030,4.550,4.550,,4.900
2006/05/23,4.480,5.040,4.560,4.550,,4.920
2006/05/22,4.490,5.010,4.550,4.540,,4.890
2006/05/19,4.480,4.990,4.550,4.540,,4.870
2006/05/18,4.500,5.040,4.570,4.560,,4.920
2006/05/17,4.500,5.060,4.580,4.570,,4.940
2006/05/16,4.520,5.090,4.600,4.590,,4.970
2006/05/15,4.540,5.100,4.600,4.600,,4.980
2006/05/12,4.520,5.040,4.580,4.580,,4.920
2006/05/11,4.520,5.040,4.580,4.580,,4.920
2006/05/10,4.550,5.090,4.610,4.610,,4.970
2006/05/09,4.540,5.080,4.600,4.600,,4.960
2006/05/08,4.530,5.080,4.600,4.600,,4.960
2006/05/04,4.530,5.080,4.610,4.600,,4.960
2006/05/03,4.540,5.130,4.610,4.610,,5.010
2006/05/02,4.530,5.110,4.610,4.610,,4.980
2006/04/28,4.520,5.110,4.600,4.600,,4.980
2006/04/27,4.540,5.190,4.620,4.620,,5.060
2006/04/26,4.540,5.190,4.610,4.610,,5.060
2006/04/25,4.540,5.220,4.620,4.610,,5.100
2006/04/24,4.530,5.200,4.610,4.610,,5.080
2006/04/21,4.530,5.230,4.610,4.610,,5.110
2006/04/20,4.550,5.290,4.620,4.620,,5.170
2006/04/19,4.550,5.290,4.620,4.620,,5.170
2006/04/18,4.550,5.360,4.640,4.640,,5.240
2006/04/17,4.550,5.370,4.640,4.640,,5.250
2006/04/14,4.550,5.380,4.630,4.630,,5.260
2006/04/13,4.530,5.360,4.620,4.610,,5.240
2006/04/12,4.520,5.310,4.600,4.590,,5.190
2006/04/11,4.520,5.310,4.600,4.590,,5.190
2006/04/10,4.520,5.320,4.600,4.590,,5.200
2006/04/07,4.500,5.250,4.580,4.570,,5.130
2006/04/06,4.520,5.300,4.600,4.600,,5.180
2006/04/05,4.520,5.320,4.610,4.600,,5.210
2006/04/04,4.510,5.340,4.600,4.600,,5.220
2006/04/03,4.490,5.310,4.590,4.590,,5.190
2006/03/31,4.480,5.250,4.560,4.570,,5.130
2006/03/30,4.480,5.220,4.550,4.550,,5.100
2006/03/29,4.470,5.210,4.550,4.550,,5.090
2006/03/28,4.470,5.250,4.560,4.550,,5.130
2006/03/27,4.470,5.290,4.570,4.560,,5.170
2006/03/24,4.460,5.290,4.570,4.560,,5.170
2006/03/23,4.450,5.260,4.560,4.550,,5.140
2006/03/22,4.460,5.270,4.550,4.550,,5.150
2006/03/21,4.450,5.270,4.550,4.540,,5.150
2006/03/20,4.450,5.270,4.540,4.540,,5.150
2006/03/17,4.450,5.260,4.530,4.530,,5.140
2006/03/16,4.450,5.290,4.540,4.540,,5.160
2006/03/15,4.430,5.250,4.530,4.530,,5.110
2006/03/14,4.440,5.270,4.550,4.550,,5.130
2006/03/13,4.460,5.280,4.570,4.570,,5.120
2006/03/10,4.450,5.200,4.560,4.560,,5.040
2006/03/09,4.470,5.270,4.580,4.580,,5.100
2006/03/08,4.480,5.350,4.610,4.610,,5.180
2006/03/07,4.500,5.420,4.620,4.620,,5.250
2006/03/06,4.460,5.340,4.590,4.590,,5.170
2006/03/03,4.440,5.290,4.570,4.570,,5.120
2006/03/02,4.430,5.260,4.560,4.560,,5.090
2006/02/28,4.430,5.220,4.550,4.550,,5.050
2006/02/27,4.430,5.200,4.540,4.540,,5.020
2006/02/24,4.420,5.150,4.520,4.520,,4.960
2006/02/23,4.430,5.150,4.520,4.520,,4.960
2006/02/22,4.430,5.150,4.520,4.520,,4.950
2006/02/21,4.440,5.170,4.520,4.520,,4.970
2006/02/20,4.440,5.210,4.520,4.520,,4.990
2006/02/17,4.440,5.200,4.530,4.520,,4.980
2006/02/16,4.430,5.180,4.530,4.520,,4.960
2006/02/15,4.430,5.180,4.530,4.520,,4.960
2006/02/14,4.450,5.220,4.540,4.540,,4.990
2006/02/13,4.470,5.270,4.560,4.560,,5.040
2006/02/10,4.490,5.260,4.560,4.560,,5.020
2006/02/09,4.490,5.260,4.560,4.560,,5.020
2006/02/08,4.530,5.370,4.620,4.620,,5.140
2006/02/07,4.530,5.380,4.620,4.620,,5.150
2006/02/06,4.520,5.360,4.600,4.600,,5.130
2006/02/03,4.520,5.390,4.600,4.600,,5.160
2006/02/02,4.500,5.340,4.580,4.580,,5.110
2006/02/01,4.480,5.330,4.570,4.570,,5.100
2006/01/31,4.460,5.380,4.590,4.580,,5.150
2006/01/27,4.440,5.400,4.580,4.580,,5.160
2006/01/26,4.440,5.400,4.580,4.580,,5.160
2006/01/25,4.430,5.430,4.580,4.580,,5.190
2006/01/24,4.410,5.490,4.580,4.590,,5.250
2006/01/23,4.390,5.460,4.550,4.560,,5.210
2006/01/20,4.390,5.470,4.550,4.560,,5.220
2006/01/19,4.390,5.480,4.560,4.560,,5.230
2006/01/18,4.380,5.470,4.560,4.560,,5.220
2006/01/17,4.390,5.530,4.590,4.590,,5.280
2006/01/16,4.390,5.550,4.590,4.590,,5.300
2006/01/13,4.380,5.500,4.580,4.580,,5.240
2006/01/12,4.400,5.530,4.590,4.590,,5.270
2006/01/11,4.420,5.630,4.620,4.610,,5.370
2006/01/10,4.430,5.650,4.610,4.610,,5.390
2006/01/09,4.410,5.620,4.610,4.600,,5.360
2006/01/06,4.420,5.670,4.630,4.630,,5.410
2006/01/05,4.430,5.680,4.630,4.640,,5.420
2006/01/04,4.410,5.610,4.620,4.610,,5.350
2006/01/03,4.420,5.690,4.650,4.650,,5.420
2006/01/02,4.420,5.720,4.670,4.670,,5.450
2005/12/30,4.410,5.630,4.640,4.650,,5.360
2005/12/29,4.410,5.630,4.640,4.650,,5.360
2005/12/28,4.360,5.550,4.610,4.610,,5.270
2005/12/27,4.370,5.600,4.640,4.640,,5.330
2005/12/26,4.360,5.580,4.640,4.640,,5.300
2005/12/23,4.360,5.580,4.650,4.640,,5.300
2005/12/22,4.360,5.550,4.640,4.630,,5.270
2005/12/21,4.350,5.530,4.630,4.630,,5.250
2005/12/20,4.350,5.480,4.610,4.610,,5.200
2005/12/19,4.340,5.470,4.630,4.620,,5.190
2005/12/16,4.370,5.520,4.630,4.640,,5.240
2005/12/15,4.370,5.510,4.630,4.640,,5.220
2005/12/14,4.370,5.490,4.640,4.640,,5.200
2005/12/13,4.370,5.600,4.670,4.660,,5.320
2005/12/12,4.390,5.640,4.670,4.670,,5.330
2005/12/09,4.380,5.580,4.660,4.660,,5.260
2005/12/08,4.380,5.650,4.680,4.680,,5.340
2005/12/07,4.390,5.830,4.690,4.700,,5.540
2005/12/06,4.350,5.860,4.680,4.690,,5.560
2005/12/05,4.340,5.860,4.670,4.670,,5.560
2005/12/02,4.320,5.770,4.630,4.630,,5.460
2005/12/01,4.310,5.750,4.620,4.610,,5.440
2005/11/30,4.300,5.700,4.600,4.590,,5.380
2005/11/29,4.280,5.640,4.570,4.570,,5.310
2005/11/28,4.270,5.620,4.560,4.560,,5.290
2005/11/25,4.270,5.650,4.570,4.570,,5.320
2005/11/24,4.270,5.650,4.570,4.570,,5.320
2005/11/23,4.270,5.690,4.580,4.580,,5.360
2005/11/22,4.280,5.750,4.600,4.590,,5.410
2005/11/21,4.280,5.790,4.590,4.590,,5.450
2005/11/18,4.270,5.760,4.580,4.580,,5.420
2005/11/17,4.280,5.810,4.600,4.600,,5.480
2005/11/16,4.290,5.840,4.610,4.610,,5.520
2005/11/15,4.310,5.870,4.610,4.610,,5.550
2005/11/14,4.290,5.810,4.580,4.580,,5.490
2005/11/11,4.280,5.810,4.580,4.580,,5.500
2005/11/10,4.280,5.810,4.580,4.580,,5.490
2005/11/09,4.260,5.750,4.560,4.560,,5.430
2005/11/08,4.260,5.770,4.550,4.560,,5.450
2005/11/07,4.230,5.710,4.530,4.530,,5.390
2005/11/04,4.220,5.670,4.510,4.510,,5.350
2005/11/03,4.220,5.650,4.500,4.500,,5.320
2005/11/02,4.200,5.600,4.470,4.460,,5.260
2005/11/01,4.170,5.530,4.430,4.430,,5.190
2005/10/31,4.170,5.550,4.450,4.450,,5.220
2005/10/28,4.170,5.550,4.460,4.450,,5.220
2005/10/27,4.190,5.580,4.470,4.470,,5.250
2005/10/26,4.170,5.510,4.440,4.440,,5.180
2005/10/25,4.160,5.510,4.440,4.440,,5.170
2005/10/24,4.140,5.480,4.430,4.420,,5.140
2005/10/21,4.110,5.410,4.410,4.410,,5.070
2005/10/20,4.100,5.380,4.400,4.400,,5.040
2005/10/19,4.100,5.380,4.410,4.410,,5.040
2005/10/18,4.130,5.430,4.440,4.440,,5.100
2005/10/17,4.140,5.410,4.440,4.440,,5.080
2005/10/14,4.140,5.360,4.420,4.420,,5.030
2005/10/13,4.110,5.310,4.390,4.390,,4.980
2005/10/12,4.070,5.240,4.350,4.350,,4.910
2005/10/11,4.070,5.210,4.350,4.350,,4.880
2005/10/10,4.100,5.260,4.370,4.370,,4.940
2005/10/07,4.080,5.210,4.350,4.350,,4.900
2005/10/06,4.110,5.230,4.350,4.360,,4.920
2005/10/05,4.170,5.330,4.430,4.440,,5.020
2005/10/04,4.170,5.320,4.430,4.440,,5.010
2005/09/30,4.120,5.150,4.350,4.350,,4.830
2005/09/29,4.130,5.190,4.390,4.390,,4.870
2005/09/28,4.160,5.200,4.420,4.410,,4.890
2005/09/27,4.170,5.320,4.510,4.500,,5.040
2005/09/26,4.130,5.340,4.460,4.460,,5.060
2005/09/23,4.070,5.260,4.370,4.370,,4.970
2005/09/22,4.010,5.190,4.310,4.300,,4.900
2005/09/21,3.980,5.190,4.270,4.270,,4.910
2005/09/20,3.970,5.210,4.280,4.280,,4.960
2005/09/16,3.960,5.220,4.270,4.260,,4.990
2005/09/15,3.920,5.140,4.170,4.180,,4.900
2005/09/14,3.860,5.100,4.130,4.130,,4.860
2005/09/13,3.850,5.100,4.110,4.110,,4.880
2005/09/12,3.830,5.040,4.080,4.080,,4.820
2005/09/09,3.840,5.090,4.080,4.080,,4.880
2005/09/08,3.760,5.050,4.050,4.050,,4.850
2005/09/07,3.690,4.810,3.920,3.910,,4.600
2005/09/06,3.670,4.710,3.890,3.890,,4.490
2005/09/05,3.650,4.650,3.880,3.870,,4.420
2005/09/02,3.650,4.670,3.890,3.880,,4.440
2005/09/01,3.640,4.690,3.900,3.900,,4.460
2005/08/31,3.640,4.690,3.900,3.900,,4.450
2005/08/30,3.650,4.740,3.920,3.920,,4.510
2005/08/29,3.640,4.840,3.920,3.920,,4.620
2005/08/26,3.640,4.890,3.920,3.920,,4.680
2005/08/25,3.620,4.930,3.940,3.940,,4.730
2005/08/24,3.620,4.910,3.920,3.930,,4.710
2005/08/23,3.620,4.920,3.920,3.920,,4.720
2005/08/22,3.570,4.790,3.850,3.850,,4.580
2005/08/19,3.560,4.760,3.830,3.820,,4.540
2005/08/18,3.570,4.810,3.830,3.830,,4.600
2005/08/17,3.580,4.820,3.830,3.830,,4.620
2005/08/16,3.580,4.820,3.830,3.830,,4.610
2005/08/12,3.600,4.870,3.850,3.850,,4.660
2005/08/11,3.610,4.930,3.870,3.870,,4.730
2005/08/10,3.610,4.930,3.870,3.870,,4.730
2005/08/09,3.620,5.000,3.880,3.880,,4.820
2005/08/08,3.600,4.960,3.860,3.860,,4.770
2005/08/05,3.610,4.950,3.860,3.860,,4.760
2005/08/04,3.600,4.900,3.840,3.840,,4.710
2005/08/03,3.600,4.890,3.840,3.840,,4.690
2005/08/02,3.600,4.880,3.830,3.830,,4.680
2005/08/01,3.610,4.960,3.850,3.840,,4.760
2005/07/29,3.580,4.740,3.770,3.770,,4.540
2005/07/28,3.580,4.730,3.770,3.780,,4.530
2005/07/27,3.580,4.670,3.740,3.750,,4.470
2005/07/26,3.560,4.670,3.740,3.740,,4.470
2005/07/25,3.530,4.560,3.680,3.680,,4.350
2005/07/22,3.520,4.550,3.680,3.680,,4.340
2005/07/21,3.540,4.630,3.710,3.710,,4.420
2005/07/20,3.560,4.710,3.750,3.750,,4.510
2005/07/19,3.580,4.730,3.770,3.770,,4.530
2005/07/18,3.560,4.690,3.770,3.760,,4.490
2005/07/15,3.580,4.680,3.780,3.770,,4.480
2005/07/14,3.600,4.670,3.780,3.780,,4.480
2005/07/13,3.610,4.630,3.770,3.770,,4.440
2005/07/12,3.600,4.520,3.730,3.730,,4.320
2005/07/11,3.600,4.510,3.730,3.730,,4.310
2005/07/08,3.610,4.450,3.730,3.730,,4.250
2005/07/07,3.630,4.450,3.740,3.740,,4.250
2005/07/06,3.640,4.450,3.750,3.750,,4.250
2005/07/05,3.650,4.470,3.770,3.770,,4.270
2005/07/04,3.670,4.490,3.790,3.790,,4.290
2005/07/01,3.650,4.380,3.760,3.750,,4.180
2005/06/30,3.670,4.450,3.780,3.770,,4.250
2005/06/29,3.630,4.300,3.720,3.720,,4.090
2005/06/28,3.590,4.230,3.660,3.670,,4.010
2005/06/27,3.580,4.230,3.660,3.660,,4.010
2005/06/24,3.600,4.280,3.680,3.680,,4.060
2005/06/23,3.630,4.350,3.710,3.710,,4.140
2005/06/22,3.630,4.350,3.710,3.710,,4.140
2005/06/21,3.610,4.270,3.680,3.680,,4.060
2005/06/20,3.610,4.250,3.670,3.670,,4.040
2005/06/17,3.620,4.280,3.690,3.690,,4.070
2005/06/16,3.620,4.270,3.690,3.690,,4.060
2005/06/15,3.630,4.290,3.700,3.700,,4.080
2005/06/14,3.580,4.180,3.640,3.640,,3.970
2005/06/13,3.580,4.180,3.650,3.650,,3.980
2005/06/10,3.540,4.050,3.550,3.550,,3.830
2005/06/09,3.540,4.020,3.550,3.550,,3.790
2005/06/08,3.550,4.020,3.550,3.560,,3.790
2005/06/07,3.550,4.010,3.550,3.550,,3.780
2005/06/03,3.540,3.980,3.530,3.530,,3.750
2005/06/02,3.540,3.980,3.530,3.530,,3.750
2005/06/01,3.550,4.010,3.550,3.550,,3.780
2005/05/31,3.570,4.040,3.580,3.570,,3.810
2005/05/30,3.590,4.060,3.590,3.590,,3.840
2005/05/27,3.600,4.060,3.580,3.590,,3.840
2005/05/26,3.570,4.000,3.550,3.550,,3.770
2005/05/25,3.570,4.010,3.560,3.560,,3.780
2005/05/24,3.570,4.020,3.570,3.570,,3.800
2005/05/23,3.580,4.060,3.570,3.570,,3.840
2005/05/20,3.570,4.040,3.570,3.560,,3.820
2005/05/19,3.570,4.040,3.580,3.570,,3.810
2005/05/18,3.570,4.060,3.580,3.570,,3.830
2005/05/17,3.570,4.080,3.580,3.580,,3.850
2005/05/16,3.560,4.080,3.580,3.580,,3.850
2005/05/13,3.580,4.120,3.600,3.590,,3.900
2005/05/12,3.580,4.160,3.610,3.610,,3.940
2005/05/11,3.600,4.210,3.630,3.630,,3.990
2005/05/10,3.610,4.210,3.630,3.630,,3.990
2005/05/09,3.590,4.200,3.630,3.630,,3.980
2005/05/06,3.580,4.200,3.630,3.630,,3.980
2005/05/04,3.580,4.190,3.620,3.620,,3.970
2005/05/03,3.570,4.180,3.620,3.610,,3.960
2005/05/02,3.580,4.210,3.630,3.630,,4.000
2005/04/29,3.570,4.210,3.630,3.630,,4.000
2005/04/28,3.590,4.270,3.660,3.660,,4.060
2005/04/27,3.590,4.290,3.660,3.660,,4.080
2005/04/26,3.590,4.270,3.650,3.660,,4.060
2005/04/25,3.590,4.270,3.650,3.650,,4.060
2005/04/22,3.590,4.290,3.660,3.650,,4.080
2005/04/21,3.580,4.290,3.650,3.650,,4.080
2005/04/20,3.580,4.280,3.650,3.650,,4.070
2005/04/19,3.610,4.300,3.670,3.670,,4.090
2005/04/18,3.610,4.310,3.670,3.670,,4.090
2005/04/15,3.630,4.330,3.680,3.690,,4.110
2005/04/14,3.650,4.380,3.720,3.720,,4.160
2005/04/13,3.660,4.400,3.730,3.730,,4.180
2005/04/12,3.670,4.410,3.730,3.730,,4.180
2005/04/11,3.670,4.380,3.710,3.710,,4.130
2005/04/08,3.670,4.360,3.710,3.710,,4.110
2005/04/07,3.680,4.370,3.720,3.720,,4.120
2005/04/06,3.690,4.420,3.750,3.750,,4.170
2005/04/04,3.690,4.420,3.760,3.750,,4.160
2005/04/01,3.680,4.410,3.770,3.760,,4.150
2005/03/31,3.690,4.430,3.770,3.770,,4.160
2005/03/30,3.680,4.420,3.780,3.780,,4.150
2005/03/29,3.700,4.470,3.780,3.790,,4.200
2005/03/28,3.710,4.590,3.840,3.840,,4.360
2005/03/25,3.730,4.620,3.840,3.850,,4.400
2005/03/24,3.710,4.570,3.830,3.840,,4.350
2005/03/23,3.690,4.490,3.820,3.820,,4.260
2005/03/22,3.670,4.440,3.800,3.800,,4.200
2005/03/21,3.660,4.450,3.800,3.800,,4.210
2005/03/18,3.660,4.420,3.790,3.790,,4.170
2005/03/17,3.660,4.450,3.810,3.800,,4.200
2005/03/16,3.660,4.480,3.810,3.810,,4.240
2005/03/15,3.660,4.510,3.820,3.810,,4.270
2005/03/14,3.660,4.520,3.820,3.820,,4.280
2005/03/11,3.670,4.560,3.830,3.820,,4.320
2005/03/10,3.670,4.560,3.810,3.810,,4.300
2005/03/09,3.690,4.610,3.840,3.830,,4.360
2005/03/08,3.700,4.620,3.850,3.850,,4.380
2005/03/07,3.700,4.660,3.850,3.850,,4.430
2005/03/04,3.700,4.680,3.860,3.850,,4.450
2005/03/03,3.680,4.600,3.810,3.810,,4.370
2005/03/02,3.670,4.590,3.790,3.790,,4.350
2005/02/28,3.650,4.540,3.790,3.780,,4.300
2005/02/25,3.650,4.590,3.810,3.800,,4.350
2005/02/24,3.680,4.650,3.830,3.820,,4.420
2005/02/23,3.680,4.700,3.850,3.840,,4.470
2005/02/22,3.710,4.710,3.860,3.860,,4.480
2005/02/21,3.700,4.690,3.860,3.850,,4.460
2005/02/18,3.700,4.640,3.850,3.840,,4.400
2005/02/17,3.740,4.770,3.900,3.880,,4.540
2005/02/16,3.720,4.710,3.870,3.860,,4.480
2005/02/15,3.760,4.840,3.920,3.920,,4.630
2005/02/14,3.800,4.960,3.960,3.960,,4.760
2005/02/11,3.840,4.960,3.930,3.960,,4.750
2005/02/07,3.800,4.790,3.850,3.860,,4.580
2005/02/04,3.780,4.650,3.830,3.820,,4.430
2005/02/03,3.750,4.560,3.770,3.760,,4.330
2005/02/02,3.740,4.530,3.760,3.750,,4.290
2005/02/01,3.740,4.530,3.750,3.750,,4.300
2005/01/31,3.730,4.540,3.750,3.750,,4.320
2005/01/28,3.690,4.440,3.680,3.690,,4.210
2005/01/27,3.670,4.350,3.650,3.640,,4.120
2005/01/26,3.670,4.370,3.640,3.640,,4.140
2005/01/25,3.650,4.400,3.640,3.640,,4.170
2005/01/24,3.640,4.420,3.660,3.650,,4.200
2005/01/21,3.620,4.410,3.630,3.640,,4.190
2005/01/20,3.540,4.180,3.510,3.500,,3.960
2005/01/19,3.530,4.150,3.500,3.490,,3.930
2005/01/18,3.520,4.160,3.490,3.480,,3.940
2005/01/17,3.520,4.260,3.500,3.490,,4.070
2005/01/14,3.510,4.220,3.460,3.450,,4.030
2005/01/13,3.480,4.070,3.380,3.380,,3.880
2005/01/12,3.440,3.940,3.330,3.330,,3.740
2005/01/11,3.440,3.930,3.320,3.330,,3.730
2005/01/10,3.410,3.770,3.300,3.290,,3.550
2005/01/07,3.430,3.760,3.310,3.310,,3.520
2005/01/06,3.430,3.760,3.330,3.320,,3.520
2005/01/05,3.440,3.720,3.320,3.320,,3.470
2005/01/04,3.450,3.730,3.330,3.330,,3.480
2005/01/03,3.450,3.740,3.340,3.340,,3.480
2004/12/31,3.440,3.650,3.310,3.300,,3.380
2004/12/30,3.440,3.660,3.310,3.310,,3.390
2004/12/29,3.440,3.660,3.310,3.310,,3.390
2004/12/28,3.450,3.670,3.310,3.310,,3.400
2004/12/27,3.440,3.660,3.310,3.310,,3.390
2004/12/24,3.440,3.650,3.300,3.300,,3.370
2004/12/23,3.430,3.650,3.300,3.300,,3.370
2004/12/22,3.430,3.650,3.300,3.300,,3.370
2004/12/21,3.420,3.650,3.300,3.300,,3.370
2004/12/20,3.420,3.660,3.300,3.300,,3.380
2004/12/17,3.420,3.650,3.290,3.290,,3.370
2004/12/16,3.400,3.650,3.290,3.290,,3.370
2004/12/15,3.400,3.670,3.290,3.290,,3.400
2004/12/14,3.400,3.670,3.290,3.290,,3.400
2004/12/13,3.400,3.690,3.280,3.280,,3.420
2004/12/10,3.390,3.700,3.280,3.280,,3.420
2004/12/09,3.380,3.680,3.270,3.270,,3.390
2004/12/08,3.370,3.650,3.230,3.230,,3.350
2004/12/07,3.380,3.640,3.260,3.250,,3.330
2004/12/06,3.390,3.670,3.270,3.270,,3.390
2004/12/03,3.400,3.680,3.280,3.280,,3.420
2004/12/02,3.400,3.680,3.290,3.280,,3.430
2004/12/01,3.380,3.660,3.290,3.280,,3.420
2004/11/30,3.380,3.680,3.300,3.290,,3.450
2004/11/29,3.360,3.680,3.280,3.280,,3.450
2004/11/26,3.350,3.680,3.280,3.280,,3.450
2004/11/25,3.330,3.680,3.280,3.270,,3.460
2004/11/24,3.340,3.690,3.280,3.280,,3.470
2004/11/23,3.330,3.700,3.280,3.280,,3.470
2004/11/22,3.330,3.730,3.270,3.270,,3.500
2004/11/19,3.330,3.730,3.270,3.270,,3.500
2004/11/18,3.330,3.730,3.280,3.270,,3.530
2004/11/17,3.330,3.710,3.280,3.280,,3.510
2004/11/16,3.320,3.690,3.280,3.280,,3.490
2004/11/15,3.330,3.720,3.290,3.290,,3.520
2004/11/12,3.320,3.680,3.280,3.280,,3.480
2004/11/11,3.320,3.680,3.280,3.280,,3.480
2004/11/10,3.500,3.870,3.470,3.470,,3.670
2004/11/09,3.490,3.810,3.440,3.440,,3.610
2004/11/08,3.500,3.810,3.440,3.440,,3.600
2004/11/05,3.500,3.860,3.450,3.450,,3.660
2004/11/04,3.480,3.850,3.440,3.440,,3.640
2004/11/03,3.490,3.870,3.450,3.450,,3.670
2004/11/02,3.470,3.810,3.430,3.420,,3.600
2004/11/01,3.460,3.780,3.410,3.410,,3.570
2004/10/29,3.460,3.760,3.400,3.400,,3.550
2004/10/28,3.480,3.810,3.450,3.440,,3.600
2004/10/27,3.470,3.800,3.450,3.440,,3.590
2004/10/26,3.470,3.800,3.450,3.440,,3.590
2004/10/25,3.470,3.850,3.460,3.460,,3.650
2004/10/22,3.470,3.870,3.480,3.470,,3.670
2004/10/21,3.500,3.880,3.480,3.480,,3.680
2004/10/20,3.500,3.900,3.490,3.490,,3.700
2004/10/19,3.490,3.900,3.490,3.490,,3.710
2004/10/18,3.480,3.900,3.490,3.490,,3.710
2004/10/15,3.480,3.890,3.490,3.490,,3.700
2004/10/14,3.480,3.900,3.500,3.500,,3.710
2004/10/13,3.510,3.980,3.520,3.520,,3.780
2004/10/12,3.520,4.010,3.530,3.530,,3.820
2004/10/11,3.530,4.010,3.540,3.540,,3.830
2004/10/08,3.550,4.040,3.570,3.560,,3.860
2004/10/07,3.520,3.940,3.530,3.530,,3.770
2004/10/06,3.360,3.780,3.360,3.350,,3.580
2004/10/05,3.380,3.730,3.340,3.330,,3.510
2004/10/04,3.450,3.750,3.400,3.400,,3.530
2004/10/01,3.510,3.830,3.480,3.470,,3.610
2004/09/30,3.520,3.870,3.490,3.480,,3.650
2004/09/24,3.530,3.890,3.500,3.490,,3.680
2004/09/23,3.520,3.890,3.490,3.490,,3.670
2004/09/22,3.520,3.870,3.490,3.480,,3.650
2004/09/21,3.510,3.880,3.480,3.480,,3.660
2004/09/20,3.510,3.920,3.490,3.490,,3.710
2004/09/17,3.510,3.940,3.500,3.490,,3.730
2004/09/16,3.520,3.970,3.500,3.500,,3.760
2004/09/15,3.510,3.980,3.500,3.500,,3.780
2004/09/14,3.510,4.000,3.500,3.510,,3.800
2004/09/13,3.510,4.030,3.500,3.500,,3.830
2004/09/10,3.490,4.000,3.480,3.490,,3.800
2004/09/09,3.480,4.000,3.480,3.480,,3.800
2004/09/08,3.480,3.980,3.470,3.470,,3.770
2004/09/07,3.500,4.010,3.510,3.510,,3.800
2004/09/06,3.510,4.010,3.510,3.510,,3.800
2004/09/03,3.510,3.990,3.510,3.510,,3.780
2004/09/02,3.510,3.990,3.510,3.510,,3.790
2004/09/01,3.510,3.970,3.500,3.500,,3.770
2004/08/31,3.500,3.950,3.490,3.490,,3.750
2004/08/30,3.500,3.960,3.490,3.490,,3.760
2004/08/27,3.520,3.980,3.520,3.510,,3.780
2004/08/26,3.540,4.010,3.540,3.540,,3.810
2004/08/25,3.550,4.030,3.550,3.550,,3.830
2004/08/24,3.550,4.090,3.570,3.570,,3.890
2004/08/23,3.550,4.120,3.580,3.580,,3.930
2004/08/20,3.540,4.060,3.570,3.570,,3.850
2004/08/19,3.540,4.050,3.570,3.570,,3.840
2004/08/18,3.570,4.060,3.600,3.590,,3.850
2004/08/17,3.630,4.070,3.640,3.620,,3.860
2004/08/16,3.670,4.100,3.670,3.660,,3.890
2004/08/13,3.690,4.110,3.680,3.670,,3.890
2004/08/12,3.740,4.270,3.750,3.750,,4.050
2004/08/11,3.910,4.430,3.940,3.940,,4.220
2004/08/10,3.910,4.450,3.940,3.940,,4.240
2004/08/09,3.930,4.500,3.950,3.960,,4.280
2004/08/06,3.930,4.540,3.970,3.970,,4.320
2004/08/05,3.920,4.510,3.960,3.960,,4.300
2004/08/04,3.920,4.480,3.950,3.950,,4.270
2004/08/03,3.930,4.510,3.960,3.970,,4.300
2004/08/02,3.930,4.520,3.970,3.970,,4.310
2004/07/30,3.930,4.530,3.980,3.980,,4.320
2004/07/29,3.930,4.560,3.990,3.990,,4.350
2004/07/28,3.930,4.570,4.000,3.990,,4.360
2004/07/27,3.920,4.600,4.000,4.000,,4.390
2004/07/26,3.920,4.640,4.010,4.010,,4.430
2004/07/23,3.930,4.670,4.030,4.030,,4.470
2004/07/22,3.940,4.680,4.040,4.030,,4.490
2004/07/21,3.940,4.680,4.040,4.040,,4.480
2004/07/20,3.940,4.680,4.040,4.040,,4.480
2004/07/19,3.940,4.680,4.050,4.040,,4.480
2004/07/16,3.960,4.710,4.060,4.060,,4.510
2004/07/15,3.970,4.720,4.070,4.070,,4.510
2004/07/14,3.980,4.730,4.080,4.080,,4.520
2004/07/13,3.990,4.740,4.090,4.090,,4.540
2004/07/12,4.000,4.740,4.100,4.090,,4.540
2004/07/09,3.990,4.700,4.090,4.080,,4.500
2004/07/08,3.990,4.700,4.090,4.080,,4.490
2004/07/07,3.990,4.680,4.080,4.080,,4.460
2004/07/06,4.000,4.680,4.090,4.080,,4.470
2004/07/05,4.010,4.680,4.090,4.080,,4.470
2004/07/02,4.030,4.730,4.110,4.100,,4.520
2004/07/01,4.030,4.730,4.110,4.100,,4.500
2004/06/30,4.030,4.770,4.140,4.130,,4.530
2004/06/29,4.040,4.840,4.160,4.150,,4.630
2004/06/28,4.030,4.830,4.160,4.150,,4.630
2004/06/25,4.030,4.860,4.170,4.160,,4.660
2004/06/24,4.030,4.860,4.170,4.160,,4.650
2004/06/23,4.030,4.870,4.180,4.170,,4.670
2004/06/22,4.020,4.870,4.180,4.180,,4.670
2004/06/21,4.020,4.900,4.190,4.190,,4.700
2004/06/18,4.020,4.920,4.200,4.190,,4.730
2004/06/17,4.020,4.900,4.190,4.190,,4.710
2004/06/16,3.990,4.810,4.150,4.150,,4.610
2004/06/15,4.000,4.850,4.150,4.150,,4.650
2004/06/14,3.980,4.800,4.120,4.120,,4.600
2004/06/11,3.960,4.700,4.090,4.090,,4.470
2004/06/10,3.960,4.700,4.090,4.090,,4.470
2004/06/09,3.970,4.730,4.090,4.090,,4.500
2004/06/08,3.960,4.710,4.080,4.080,,4.480
2004/06/07,3.940,4.700,4.060,4.060,,4.460
2004/06/04,3.920,4.680,4.040,4.050,,4.440
2004/06/03,3.920,4.680,4.030,4.040,,4.450
2004/06/02,3.930,4.760,4.050,4.050,,4.530
2004/06/01,3.920,4.770,4.060,4.050,,4.540
2004/05/31,3.920,4.730,4.050,4.050,,4.510
2004/05/28,3.900,4.760,4.040,4.040,,4.540
2004/05/27,3.900,4.840,4.040,4.040,,4.640
2004/05/25,3.900,4.880,4.050,4.040,,4.690
2004/05/24,3.900,4.930,4.060,4.060,,4.730
2004/05/21,3.910,4.950,4.070,4.070,,4.750
2004/05/20,3.930,4.980,4.080,4.080,,4.790
2004/05/19,3.930,4.980,4.090,4.090,,4.790
2004/05/18,3.930,4.970,4.090,4.080,,4.770
2004/05/17,3.930,4.960,4.090,4.080,,4.760
2004/05/14,3.920,4.950,4.080,4.080,,4.750
2004/05/13,3.930,4.960,4.090,4.090,,4.760
2004/05/12,3.930,4.980,4.090,4.090,,4.780
2004/05/11,3.930,5.000,4.090,4.090,,4.800
2004/05/10,3.910,5.000,4.070,4.070,,4.790
2004/05/07,3.910,5.000,4.070,4.070,,4.800
2004/05/06,3.910,5.020,4.060,4.060,,4.830
2004/05/04,3.920,5.060,4.070,4.070,,4.870
2004/05/03,3.920,5.060,4.060,4.070,,4.870
2004/04/30,3.910,5.010,4.060,4.060,,4.820
2004/04/29,3.920,5.040,4.080,4.080,,4.860
2004/04/28,3.930,5.050,4.080,4.080,,4.870
2004/04/27,3.930,5.050,4.090,4.080,,4.880
2004/04/26,3.930,5.060,4.090,4.090,,4.880
2004/04/23,3.940,5.070,4.110,4.110,,4.890
2004/04/22,3.950,5.140,4.130,4.130,,4.940
2004/04/21,3.960,5.170,4.130,4.130,,4.980
2004/04/20,3.950,5.130,4.120,4.120,,4.930
2004/04/19,3.950,5.140,4.130,4.130,,4.940
2004/04/16,3.970,5.150,4.140,4.150,,4.950
2004/04/14,3.980,5.180,4.150,4.150,,4.980
2004/04/13,3.960,5.100,4.120,4.120,,4.890
2004/04/12,3.980,5.090,4.120,4.120,,4.880
2004/04/09,3.980,5.020,4.120,4.120,,4.800
2004/04/08,4.000,5.070,4.160,4.160,,4.860
2004/04/07,4.030,5.080,4.210,4.220,,4.870
2004/04/06,4.030,5.130,4.280,4.280,,4.930
2004/04/02,3.960,4.940,4.130,4.130,,4.730
2004/04/01,3.960,4.930,4.130,4.130,,4.710
2004/03/31,3.980,5.020,4.170,4.170,,4.810
2004/03/30,4.000,5.050,4.200,4.190,,4.850
2004/03/29,4.000,5.070,4.200,4.200,,4.870
2004/03/26,3.990,5.030,4.200,4.190,,4.820
2004/03/25,3.960,4.930,4.170,4.160,,4.700
2004/03/24,3.970,4.940,4.170,4.160,,4.700
2004/03/23,3.980,4.940,4.180,4.180,,4.700
2004/03/22,4.000,5.030,4.230,4.230,,4.790
2004/03/19,4.010,5.070,4.250,4.250,,4.830
2004/03/18,4.030,5.080,4.250,4.260,,4.840
2004/03/17,4.040,5.100,4.250,4.260,,4.870
2004/03/16,4.060,5.130,4.260,4.260,,4.900
2004/03/15,4.040,5.110,4.240,4.240,,4.880
2004/03/12,4.050,5.110,4.230,4.230,,4.880
2004/03/11,4.060,5.120,4.240,4.240,,4.910
2004/03/10,4.080,5.170,4.240,4.250,,4.960
2004/03/09,4.090,5.160,4.240,4.240,,4.950
2004/03/08,4.100,5.180,4.240,4.240,,4.970
2004/03/05,4.140,5.290,4.300,4.300,,5.050
2004/03/04,4.150,5.300,4.340,4.330,,5.050
2004/03/03,4.180,5.310,4.360,4.360,,5.060
2004/03/02,4.170,5.290,4.380,4.370,,5.040
2004/02/27,4.170,5.330,4.400,4.390,,5.080
2004/02/26,4.180,5.320,4.400,4.390,,5.060
2004/02/25,4.170,5.300,4.400,4.390,,5.030
2004/02/24,4.190,5.330,4.410,4.400,,5.070
2004/02/23,4.170,5.360,4.370,4.370,,5.100
2004/02/20,4.160,5.330,4.360,4.360,,5.050
2004/02/19,4.150,5.330,4.370,4.360,,5.040
2004/02/18,4.150,5.340,4.370,4.360,,5.060
2004/02/17,4.170,5.370,4.380,4.370,,5.100
2004/02/16,4.190,5.400,4.400,4.400,,5.120
2004/02/13,4.190,5.400,4.400,4.410,,5.120
2004/02/12,4.210,5.400,4.420,4.420,,5.090
2004/02/11,4.250,5.450,4.440,4.440,,5.140
2004/02/10,4.270,5.480,4.460,4.460,,5.170
2004/02/09,4.270,5.500,4.470,4.470,,5.180
2004/02/06,4.280,5.540,4.480,4.480,,5.230
2004/02/05,4.290,5.520,4.470,4.470,,5.190
2004/02/04,4.320,5.520,4.460,4.460,,5.190
2004/02/03,4.340,5.540,4.460,4.460,,5.200
2004/02/02,4.360,5.580,4.470,4.470,,5.250
2004/01/30,4.390,5.580,4.500,4.490,,5.240
2004/01/29,4.400,5.580,4.520,4.520,,5.230
2004/01/28,4.390,5.530,4.520,4.520,,5.170
2004/01/27,4.400,5.560,4.550,4.550,,5.210
2004/01/26,4.420,5.580,4.590,4.590,,5.230
2004/01/20,4.420,5.570,4.580,4.580,,5.200
2004/01/19,4.420,5.570,4.590,4.590,,5.200
2004/01/16,4.410,5.480,4.530,4.530,,5.100
2004/01/15,4.410,5.470,4.520,4.520,,5.080
2004/01/14,4.430,5.510,4.530,4.550,,5.120
2004/01/13,4.470,5.520,4.560,4.560,,5.130
2004/01/12,4.500,5.550,4.600,4.600,,5.160
2004/01/09,4.530,5.590,4.640,4.650,,5.210
2004/01/08,4.560,5.560,4.650,4.650,,5.180
2004/01/07,4.560,5.520,4.640,4.640,,5.120
2004/01/06,4.570,5.520,4.650,4.650,,5.110
2004/01/05,4.570,5.520,4.650,4.650,,5.110
2004/01/02,4.550,5.470,4.630,4.630,,5.040
2003/12/31,4.580,5.480,4.660,4.660,,5.050
2003/12/30,4.580,5.480,4.660,4.660,,5.050
2003/12/29,4.550,5.410,4.610,4.610,,4.980
2003/12/26,4.550,5.410,4.590,4.590,,4.970
2003/12/24,4.550,5.430,4.600,4.610,,5.020
2003/12/23,4.550,5.450,4.610,4.610,,5.050
2003/12/22,4.560,5.460,4.620,4.630,,5.060
2003/12/19,4.560,5.480,4.630,4.640,,5.070
2003/12/18,4.560,5.490,4.650,4.650,,5.090
2003/12/17,4.570,5.500,4.650,4.650,,5.100
2003/12/16,4.580,5.510,4.670,4.660,,5.100
2003/12/15,4.620,5.590,4.720,4.720,,5.210
2003/12/12,4.600,5.490,4.670,4.680,,5.110
2003/12/11,4.610,5.500,4.710,4.700,,5.120
2003/12/10,4.610,5.530,4.750,4.740,,5.170
2003/12/09,4.610,5.530,4.740,4.740,,5.180
2003/12/08,4.610,5.510,4.680,4.680,,5.150
2003/12/05,4.630,5.580,4.710,4.710,,5.220
2003/12/04,4.640,5.630,4.720,4.710,,5.290
2003/12/03,4.640,5.630,4.710,4.710,,5.300
2003/12/02,4.610,5.580,4.650,4.660,,5.270
2003/12/01,4.630,5.580,4.700,4.670,,5.280
2003/11/28,4.550,5.470,4.600,4.590,,5.170
2003/11/27,4.530,5.370,4.540,4.540,,5.030
2003/11/26,4.500,5.340,4.520,4.520,,4.980
2003/11/25,4.490,5.350,4.530,4.530,,4.990
2003/11/24,4.470,5.350,4.530,4.520,,4.990
2003/11/21,4.460,5.350,4.520,4.520,,5.000
2003/11/20,4.440,5.390,4.520,4.520,,5.060
2003/11/19,4.440,5.450,4.550,4.550,,5.170
2003/11/18,4.440,5.520,4.520,4.550,,5.270
2003/11/17,4.390,5.420,4.470,4.470,,5.170
2003/11/14,4.410,5.470,4.490,4.480,,5.230
2003/11/13,4.390,5.460,4.440,4.460,,5.200
2003/11/12,4.360,5.390,4.410,4.400,,5.140
2003/11/11,4.330,5.290,4.360,4.360,,5.040
2003/11/10,4.330,5.280,4.340,4.340,,5.030
2003/11/07,4.360,5.330,4.380,4.380,,5.100
2003/11/06,4.320,5.250,4.360,4.360,,5.020
2003/11/05,4.320,5.250,4.360,4.360,,5.020
2003/11/04,4.290,5.210,4.330,4.330,,4.980
2003/11/03,4.240,5.120,4.270,4.270,,4.880
2003/10/31,4.210,5.040,4.240,4.240,,4.780
2003/10/30,4.190,5.040,4.240,4.240,,4.800
2003/10/29,4.150,4.940,4.190,4.180,,4.690
2003/10/28,4.150,5.020,4.210,4.210,,4.800
2003/10/27,4.110,5.000,4.200,4.200,,4.770
2003/10/24,4.100,4.970,4.190,4.180,,4.740
2003/10/23,4.080,4.890,4.150,4.150,,4.640
2003/10/22,4.090,4.940,4.170,4.170,,4.700
2003/10/21,4.070,4.930,4.170,4.170,,4.690
2003/10/20,4.070,4.910,4.170,4.160,,4.660
2003/10/17,4.030,4.840,4.110,4.110,,4.560
2003/10/16,4.030,4.840,4.090,4.100,,4.560
2003/10/15,4.000,4.750,4.040,4.050,,4.450
2003/10/14,4.000,4.750,4.040,4.040,,4.480
2003/10/13,3.990,4.700,4.010,4.010,,4.410
2003/10/10,4.000,4.700,4.010,4.010,,4.400
2003/10/09,3.990,4.650,4.000,4.000,,4.330
2003/10/08,3.980,4.650,4.000,4.000,,4.320
2003/10/07,3.990,4.640,3.990,4.000,,4.290
2003/10/06,4.000,4.640,4.020,4.020,,4.270
2003/10/02,3.990,4.570,4.000,3.990,,4.190
2003/10/01,4.000,4.600,4.000,4.000,,4.200
2003/09/30,4.030,4.720,4.060,4.050,,4.350
2003/09/29,4.030,4.730,4.060,4.050,,4.360
2003/09/26,4.050,4.760,4.070,4.070,,4.410
2003/09/25,4.040,4.780,4.070,4.080,,4.400
2003/09/24,3.990,4.670,4.030,4.030,,4.250
2003/09/23,3.960,4.680,4.020,4.020,,4.260
2003/09/22,3.960,4.730,4.020,4.020,,4.310
2003/09/19,3.940,4.730,4.020,4.020,,4.280
2003/09/18,3.940,4.790,4.040,4.040,,4.370
2003/09/17,3.940,4.830,4.040,4.040,,4.400
2003/09/16,3.950,4.890,4.060,4.060,,4.460
2003/09/15,3.950,4.890,4.060,4.060,,4.480
2003/09/09,4.000,4.990,4.100,4.100,,4.600
2003/09/08,3.960,4.910,4.070,4.070,,4.500
2003/09/05,3.980,5.030,4.100,4.110,,4.600
2003/09/04,3.980,5.070,4.110,4.110,,4.640
2003/09/03,3.990,5.110,4.120,4.120,,4.700
2003/09/02,4.000,5.130,4.130,4.130,,4.710
2003/09/01,4.010,5.130,4.130,4.130,,4.700
2003/08/29,4.010,5.170,4.150,4.140,,4.730
2003/08/28,4.010,5.210,4.160,4.150,,4.780
2003/08/27,4.010,5.260,4.160,4.160,,4.870
2003/08/26,4.000,5.270,4.160,4.160,,4.870
2003/08/25,4.000,5.280,4.150,4.150,,4.870
2003/08/22,4.000,5.350,4.150,4.150,,4.940
2003/08/21,3.990,5.350,4.150,4.150,,4.940
2003/08/20,3.990,5.350,4.150,4.140,,4.950
2003/08/19,3.990,5.380,4.160,4.160,,5.010
2003/08/18,3.990,5.390,4.170,4.170,,5.030
2003/08/14,3.990,5.370,4.170,4.170,,4.990
2003/08/13,3.980,5.320,4.150,4.150,,4.890
2003/08/12,3.990,5.340,4.160,4.150,,4.900
2003/08/11,3.990,5.330,4.140,4.140,,4.870
2003/08/08,3.980,5.290,4.130,4.130,,4.820
2003/08/07,3.990,5.330,4.120,4.120,,4.910
2003/08/06,3.990,5.360,4.120,4.120,,4.990
2003/08/05,3.990,5.390,4.130,4.130,,5.040
2003/08/04,4.000,5.420,4.140,4.130,,5.100
2003/08/01,4.020,5.470,4.150,4.150,,5.170
2003/07/31,4.030,5.350,4.150,4.140,,4.990
2003/07/30,4.050,5.350,4.160,4.170,,4.990
2003/07/29,4.080,5.390,4.220,4.210,,5.060
2003/07/28,4.080,5.300,4.200,4.180,,4.940
2003/07/25,4.110,5.240,4.150,4.150,,4.850
2003/07/24,4.120,5.230,4.150,4.150,,4.810
2003/07/23,4.130,5.230,4.130,4.130,,4.800
2003/07/22,4.160,5.260,4.160,4.150,,4.840
2003/07/21,4.180,5.240,4.150,4.150,,4.800
2003/07/18,4.210,5.260,4.180,4.190,,4.810
2003/07/16,4.250,5.280,4.270,4.260,,4.830
2003/07/15,4.250,5.120,4.250,4.250,,4.580
2003/07/14,4.280,5.090,4.210,4.210,,4.500
2003/07/11,4.260,5.050,4.170,4.170,,4.450
2003/07/10,4.410,5.120,4.230,4.220,,4.540
2003/07/09,4.560,5.120,4.380,4.380,,4.480
2003/07/08,4.610,5.100,4.460,4.460,,4.400
2003/07/07,4.610,5.040,4.440,4.440,,4.320
2003/07/04,4.620,5.020,4.460,4.450,,4.300
2003/07/03,4.580,4.940,4.390,4.390,,4.150
2003/07/02,4.600,4.950,4.400,4.400,,4.150
2003/07/01,4.640,5.000,4.450,4.450,,4.220
2003/06/30,4.650,5.020,4.460,4.460,,4.270
2003/06/27,4.640,5.010,4.470,4.470,,4.260
2003/06/26,4.590,4.950,4.410,4.420,,4.210
2003/06/25,4.570,4.910,4.400,4.400,,4.190
2003/06/24,4.560,4.910,4.390,4.380,,4.210
2003/06/23,4.560,4.950,4.400,4.400,,4.250
2003/06/20,4.530,4.910,4.380,4.370,,4.190
2003/06/19,4.500,4.850,4.290,4.300,,4.100
2003/06/18,4.470,4.810,4.230,4.250,,4.060
2003/06/17,4.480,4.830,4.240,4.250,,4.110
2003/06/16,4.460,4.810,4.200,4.210,,4.070
2003/06/13,4.480,4.850,4.210,4.230,,4.160
2003/06/12,4.470,4.830,4.210,4.210,,4.170
2003/06/11,4.460,4.800,4.180,4.190,,4.130
2003/06/10,4.480,4.820,4.200,4.200,,4.160
2003/06/09,4.490,4.850,4.190,4.200,,4.190
2003/06/05,4.480,4.850,4.190,4.200,,4.220
2003/06/04,4.490,4.850,4.200,4.200,,4.230
2003/06/03,4.500,4.850,4.210,4.210,,4.250
2003/06/02,4.520,4.860,4.230,4.230,,4.290
2003/05/30,4.500,4.840,4.210,4.210,,4.250
2003/05/29,4.510,4.850,4.210,4.220,,4.270
2003/05/28,4.520,4.900,4.260,4.260,,4.330
2003/05/27,4.530,4.910,4.280,4.280,,4.360
2003/05/26,4.550,4.930,4.310,4.300,,4.390
2003/05/23,4.520,4.900,4.290,4.280,,4.370
2003/05/22,4.530,4.900,4.290,4.290,,4.370
2003/05/21,4.510,4.860,4.260,4.260,,4.320
2003/05/20,4.510,4.890,4.280,4.290,,4.360
2003/05/19,4.480,4.850,4.230,4.240,,4.320
2003/05/16,4.500,4.890,4.260,4.260,,4.370
2003/05/15,4.520,4.890,4.270,4.270,,4.380
2003/05/14,4.540,4.920,4.290,4.290,,4.420
2003/05/13,4.560,4.920,4.340,4.340,,4.500
2003/05/12,4.600,4.970,4.400,4.400,,4.550
2003/05/09,4.580,4.940,4.380,4.380,,4.520
2003/05/07,4.580,4.950,4.380,4.380,,4.540
2003/05/06,4.590,4.960,4.390,4.390,,4.550
2003/05/02,4.600,4.960,4.390,4.390,,4.550
2003/04/30,4.660,5.010,4.460,4.460,,4.610
2003/04/29,4.700,5.050,4.520,4.520,,4.670
2003/04/28,4.690,5.050,4.520,4.520,,4.670
2003/04/25,4.700,5.080,4.560,4.560,,4.720
2003/04/24,4.700,5.100,4.580,4.580,,4.750
2003/04/23,4.700,5.110,4.590,4.590,,4.770
2003/04/22,4.700,5.120,4.610,4.610,,4.790
2003/04/21,4.720,5.140,4.630,4.630,,4.800
2003/04/18,4.720,5.120,4.630,4.630,,4.780
2003/04/17,4.720,5.110,4.630,4.630,,4.770
2003/04/16,4.730,5.110,4.630,4.630,,4.770
2003/04/15,4.730,5.110,4.620,4.620,,4.760
2003/04/14,4.730,5.130,4.630,4.630,,4.780
2003/04/11,4.710,5.120,4.610,4.610,,4.760
2003/04/10,4.730,5.160,4.630,4.640,,4.800
2003/04/09,4.740,5.180,4.680,4.690,,4.860
2003/04/08,4.730,5.170,4.680,4.670,,4.830
2003/04/07,4.720,5.150,4.630,4.640,,4.820
2003/04/04,4.700,5.120,4.600,4.600,,4.780
2003/04/03,4.690,5.120,4.600,4.600,,4.780
2003/04/02,4.690,5.130,4.610,4.610,,4.790
2003/04/01,4.680,5.110,4.590,4.590,,4.760
2003/03/31,4.680,5.110,4.600,4.590,,4.760
2003/03/28,4.680,5.130,4.600,4.600,,4.780
2003/03/27,4.640,5.080,4.550,4.550,,4.730
2003/03/26,4.640,5.120,4.570,4.560,,4.780
2003/03/25,4.690,5.210,4.610,4.600,,4.850
2003/03/24,4.740,5.290,4.650,4.650,,4.880
2003/03/21,4.770,5.300,4.650,4.650,,4.870
2003/03/20,4.870,5.380,4.780,4.780,,4.960
2003/03/19,4.990,5.460,4.810,4.810,,5.000
2003/03/18,5.180,5.610,4.990,4.980,,5.170
2003/03/17,5.260,5.700,5.070,5.070,,5.270
2003/03/14,5.250,5.660,5.050,5.050,,5.210
2003/03/13,5.260,5.710,5.170,5.160,,5.380
2003/03/12,5.110,5.620,5.160,5.110,,5.330
2003/03/11,4.560,5.170,4.570,4.570,,4.890
2003/03/10,4.550,5.120,4.550,4.540,,4.830
2003/03/07,4.540,5.100,4.530,4.530,,4.800
2003/03/06,4.540,5.100,4.510,4.510,,4.780
2003/03/05,4.540,5.110,4.510,4.510,,4.770
2003/03/04,4.540,5.120,4.510,4.510,,4.770
2003/03/03,4.570,5.140,4.560,4.560,,4.810
2003/02/28,4.570,5.110,4.560,4.550,,4.780
2003/02/27,4.570,5.090,4.560,4.550,,4.760
2003/02/26,4.580,5.110,4.560,4.570,,4.770
2003/02/25,4.610,5.160,4.600,4.600,,4.840
2003/02/24,4.620,5.200,4.630,4.630,,4.880
2003/02/21,4.620,5.200,4.640,4.630,,4.870
2003/02/20,4.650,5.260,4.660,4.670,,4.940
2003/02/19,4.650,5.250,4.660,4.670,,4.930
2003/02/18,4.670,5.320,4.690,4.700,,5.020
2003/02/17,4.670,5.320,4.690,4.700,,5.040
2003/02/14,4.700,5.240,4.650,4.650,,4.950
2003/02/13,4.640,5.240,4.650,4.650,,4.940
2003/02/12,4.640,5.240,4.660,4.660,,4.930
2003/02/11,4.630,5.190,4.640,4.640,,4.860
2003/02/10,4.590,5.130,4.610,4.610,,4.790
2003/02/07,4.590,5.130,4.610,4.610,,4.780
2003/02/06,4.590,5.170,4.620,4.620,,4.810
2003/02/05,4.600,5.230,4.630,4.640,,4.880
2003/02/04,4.610,5.230,4.640,4.640,,4.890
2003/02/03,4.640,5.270,4.660,4.660,,4.940
2003/01/30,4.630,5.250,4.650,4.650,,4.920
2003/01/29,4.630,5.220,4.640,4.640,,4.890
2003/01/28,4.660,5.320,4.670,4.680,,4.990
2003/01/27,4.660,5.380,4.700,4.700,,5.060
2003/01/24,4.660,5.400,4.710,4.710,,5.080
2003/01/23,4.660,5.400,4.690,4.700,,5.080
2003/01/22,4.640,5.390,4.690,4.680,,5.070
2003/01/21,4.660,5.410,4.720,4.710,,5.100
2003/01/20,4.680,5.430,4.740,4.730,,5.130
2003/01/17,4.690,5.450,4.740,4.740,,5.130
2003/01/16,4.690,5.450,4.750,4.740,,5.140
2003/01/15,4.700,5.460,4.760,4.750,,5.150
2003/01/14,4.750,5.490,4.790,4.780,,5.180
2003/01/13,4.810,5.520,4.850,4.830,,5.240
2003/01/10,4.810,5.490,4.850,4.820,,5.220
2003/01/09,4.870,5.510,4.890,4.880,,5.260
2003/01/08,4.930,5.550,4.910,4.900,,5.240
2003/01/07,4.970,5.650,4.930,4.920,,5.270
2003/01/06,4.990,5.700,4.970,4.950,,5.310
2003/01/03,5.010,5.700,4.980,4.970,,5.300
2003/01/02,5.010,5.680,4.970,4.970,,5.280
2002/12/31,5.010,5.730,4.980,4.980,,5.360
2002/12/30,5.010,5.740,4.980,4.980,,5.380
2002/12/27,5.030,5.800,5.000,5.000,,5.440
2002/12/26,5.030,5.810,5.000,5.000,,5.460
2002/12/24,5.030,5.840,5.010,5.010,,5.500
2002/12/23,5.020,5.830,4.990,5.000,,5.490
2002/12/20,5.020,5.840,4.980,4.990,,5.500
2002/12/18,5.030,5.870,5.000,5.000,,5.540
2002/12/17,5.030,5.880,5.000,5.000,,5.540
2002/12/16,5.030,5.870,4.990,5.000,,5.540
2002/12/13,5.030,5.870,4.990,5.000,,5.540
2002/12/12,5.040,5.890,5.000,5.000,,5.570
2002/12/11,5.040,5.900,4.990,5.000,,5.580
2002/12/10,5.050,5.940,5.010,5.010,,5.630
2002/12/09,5.050,5.940,5.010,5.010,,5.630
2002/12/06,5.080,5.990,5.050,5.040,,5.720
2002/12/05,5.080,5.990,5.050,5.040,,5.720
2002/12/04,5.080,5.970,5.070,5.050,,5.700
2002/12/03,5.110,6.000,5.080,5.070,,5.730
2002/12/02,5.100,5.980,5.070,5.070,,5.710
2002/11/29,5.090,5.910,5.050,5.050,,5.620
2002/11/28,5.110,5.960,5.070,5.070,,5.690
2002/11/27,5.080,5.920,5.060,5.060,,5.640
2002/11/26,5.070,5.880,5.050,5.050,,5.600
2002/11/25,5.070,5.900,5.070,5.070,,5.620
2002/11/22,5.040,5.800,5.030,5.030,,5.500
2002/11/21,5.040,5.770,5.010,5.010,,5.450
2002/11/20,5.020,5.740,4.990,4.990,,5.400
2002/11/19,5.000,5.730,4.990,4.980,,5.390
2002/11/18,5.010,5.750,4.990,4.990,,5.420
2002/11/15,5.010,5.780,5.000,5.000,,5.450
2002/11/14,4.980,5.710,4.980,4.970,,5.370
2002/11/13,4.980,5.710,4.970,4.970,,5.360
2002/11/12,4.990,5.790,4.990,4.990,,5.390
2002/11/11,5.010,5.840,5.010,5.010,,5.450
2002/11/08,5.030,5.870,5.030,5.020,,5.470
2002/11/07,5.030,5.930,5.050,5.050,,5.550
2002/11/06,5.060,6.010,5.090,5.090,,5.650
2002/11/05,5.050,6.000,5.090,5.080,,5.640
2002/11/04,5.060,6.010,5.110,5.100,,5.650
2002/11/01,5.050,5.980,5.090,5.080,,5.610
2002/10/31,5.070,6.000,5.100,5.090,,5.630
2002/10/30,5.080,6.020,5.110,5.100,,5.660
2002/10/29,5.080,6.020,5.110,5.100,,5.670
2002/10/28,5.080,6.030,5.140,5.120,,5.690
2002/10/25,5.110,6.080,5.160,5.140,,5.720
2002/10/24,5.110,6.100,5.170,5.150,,5.740
2002/10/23,5.130,6.120,5.180,5.170,,5.760
2002/10/22,5.140,6.120,5.170,5.180,,5.760
2002/10/21,5.150,6.130,5.170,5.180,,5.770
2002/10/18,5.150,6.130,5.200,5.210,,5.790
2002/10/17,5.160,6.130,5.200,5.210,,5.810
2002/10/16,5.150,6.060,5.160,5.170,,5.700
2002/10/15,5.140,6.050,5.150,5.160,,5.690
2002/10/14,5.140,6.040,5.130,5.150,,5.680
2002/10/11,5.120,6.020,5.120,5.130,,5.660
2002/10/10,5.120,6.020,5.120,5.120,,5.670
2002/10/09,5.140,6.080,5.130,5.150,,5.760
2002/10/08,5.120,6.080,5.130,5.130,,5.750
2002/10/07,5.090,6.060,5.100,5.100,,5.720
2002/10/04,5.080,6.050,5.110,5.090,,5.680
2002/10/02,5.070,6.030,5.080,5.070,,5.660
2002/10/01,5.060,6.030,5.080,5.070,,5.660
2002/09/30,5.050,6.020,5.060,5.060,,5.650
2002/09/27,5.050,6.030,5.060,5.060,,5.660
2002/09/26,5.040,6.030,5.050,5.060,,5.660
2002/09/25,5.050,6.040,5.050,5.060,,5.680
2002/09/24,5.050,6.040,5.040,5.050,,5.680
2002/09/23,5.010,6.100,5.040,5.050,,5.750
2002/09/19,5.020,6.140,5.030,5.040,,5.810
2002/09/18,5.020,6.140,5.020,5.040,,5.810
2002/09/17,5.040,6.240,5.090,5.090,,5.960
2002/09/16,4.990,6.100,5.010,5.010,,5.780
2002/09/13,4.970,6.100,5.010,5.010,,5.770
2002/09/12,5.000,6.180,5.060,5.040,,5.870
2002/09/11,5.010,6.210,5.080,5.060,,5.890
2002/09/10,4.990,6.120,5.020,5.020,,5.780
2002/09/09,4.950,6.050,4.970,4.980,,5.690
2002/09/06,4.930,6.050,4.950,4.960,,5.670
2002/09/05,4.930,6.090,4.950,4.960,,5.720
2002/09/04,4.930,6.100,4.950,4.960,,5.740
2002/09/03,4.960,6.200,5.010,5.010,,5.850
2002/09/02,4.990,6.270,5.040,5.040,,5.920
2002/08/30,4.980,6.250,5.010,5.020,,5.900
2002/08/29,5.000,6.330,5.050,5.050,,6.000
2002/08/28,5.010,6.340,5.070,5.060,,6.010
2002/08/27,5.020,6.350,5.080,5.070,,6.030
2002/08/26,5.030,6.330,5.100,5.090,,6.000
2002/08/23,5.000,6.240,5.050,5.060,,5.890
2002/08/22,4.980,6.230,5.030,5.050,,5.830
2002/08/21,4.980,6.200,5.030,5.030,,5.800
2002/08/20,4.950,6.140,4.990,5.000,,5.710
2002/08/19,4.940,6.100,4.980,4.980,,5.650
2002/08/17,,,,,,
2002/08/16,4.950,6.080,4.980,4.990,,5.630
2002/08/14,4.930,6.060,4.980,4.990,,5.600
2002/08/13,4.930,6.100,5.010,5.000,,5.650
2002/08/12,4.930,6.110,5.010,5.010,,5.670
2002/08/10,,,,,,
2002/08/09,4.930,6.120,5.010,5.010,,5.670
2002/08/08,4.930,6.120,5.010,5.010,,5.670
2002/08/07,4.930,6.130,5.010,5.010,,5.920
2002/08/06,4.950,6.160,5.020,5.020,,5.720
2002/08/05,4.940,6.120,4.970,4.970,,5.680
2002/08/03,,,,,,
2002/08/02,4.990,6.290,5.090,5.080,,5.890
2002/08/01,5.040,6.370,5.140,5.140,,5.980
2002/07/31,5.070,6.410,5.200,5.190,,6.020
2002/07/30,5.100,6.440,5.220,5.210,,6.050
2002/07/29,5.070,6.360,5.180,5.170,,5.950
2002/07/27,,,,,,
2002/07/26,5.030,6.320,5.160,5.170,,5.910
2002/07/25,5.040,6.360,5.200,5.190,,5.960
2002/07/24,5.040,6.400,5.200,5.190,,6.010
2002/07/23,5.100,6.480,5.280,5.250,,6.090
2002/07/22,5.000,6.380,5.170,5.170,,5.980
2002/07/20,,,,,,
2002/07/19,5.090,6.610,5.290,5.280,,6.200
2002/07/18,5.130,6.700,5.360,5.340,,6.310
2002/07/16,5.150,6.700,5.370,5.360,,6.300
2002/07/15,5.150,6.700,5.380,5.370,,6.280
2002/07/14,,,5.420,,,
2002/07/13,,,,,,
2002/07/12,5.190,6.710,5.420,5.420,,6.290
2002/07/11,5.160,6.640,5.390,5.390,,6.190
2002/07/10,5.230,6.740,5.470,5.450,,6.230
2002/07/09,5.250,6.750,5.500,5.470,,6.220
2002/07/08,5.250,6.710,5.500,5.480,,6.160
2002/07/06,,,,,,
2002/07/05,5.320,6.740,5.550,5.520,,6.200
2002/07/04,5.280,6.620,5.510,5.480,,6.030
2002/07/03,5.270,6.560,5.440,5.450,,6.470
2002/07/02,5.270,6.560,5.430,5.440,,5.940
2002/06/29,5.250,6.610,5.460,5.440,,6.010
2002/06/28,5.250,6.610,5.460,5.440,,6.010
2002/06/27,5.240,6.600,5.430,5.420,,6.000
2002/06/26,5.190,6.550,5.370,5.380,,5.940
2002/06/25,5.190,6.700,5.380,5.380,,6.160
2002/06/24,5.180,6.760,5.380,5.380,,6.250
2002/06/22,5.180,6.790,5.380,5.390,,6.700
2002/06/21,5.180,6.790,5.380,5.390,,6.280
2002/06/20,5.150,6.810,5.380,5.390,,6.310
2002/06/19,5.150,6.810,5.360,5.380,,6.300
2002/06/18,5.150,6.850,5.390,5.400,,6.350
2002/06/17,5.160,6.880,5.390,5.410,,6.380
2002/06/15,5.190,6.950,5.430,5.440,,6.460
2002/06/14,5.190,6.950,5.430,5.440,,6.460
2002/06/12,5.200,6.950,5.420,5.430,,6.460
2002/06/11,5.200,6.950,5.410,5.430,,6.460
2002/06/10,5.170,6.950,5.380,5.380,,6.460
2002/06/08,5.160,6.940,5.360,5.370,,6.450
2002/06/07,5.160,6.940,5.360,5.370,,6.450
2002/06/05,5.160,6.970,5.390,5.400,,6.500
2002/06/04,5.150,6.970,5.360,5.380,,6.490
2002/06/03,5.130,7.020,5.390,5.400,,6.550
2002/06/01,5.120,7.020,5.360,5.380,,6.550
2002/05/31,5.120,7.020,5.360,5.380,,6.550
2002/05/30,5.150,7.030,5.360,5.380,,6.570
2002/05/29,5.160,7.150,5.420,5.420,,6.710
2002/05/28,5.180,7.180,5.450,5.450,,6.750
2002/05/27,5.200,7.180,5.450,5.450,,6.750
2002/05/25,5.200,7.180,5.450,5.450,,6.750
2002/05/24,5.200,7.180,5.450,5.450,,6.750
2002/05/23,5.210,7.180,5.450,5.440,,6.750
2002/05/22,5.220,7.220,5.460,5.460,,6.800
2002/05/21,5.190,7.200,5.440,5.430,,6.770
2002/05/20,5.190,7.230,5.440,5.440,,6.810
2002/05/18,5.180,7.230,5.450,5.440,,6.820
2002/05/17,5.180,7.230,5.450,,,6.820
2002/05/16,5.170,7.230,5.430,5.430,,6.810
2002/05/15,5.180,7.240,5.420,5.430,,6.830
2002/05/14,5.130,7.190,5.370,5.390,,6.770
2002/05/13,5.130,7.200,5.380,5.400,,6.800
2002/05/12,,,5.380,,,
2002/05/11,5.160,7.250,5.380,5.420,,6.850
2002/05/10,5.160,7.250,5.380,5.420,,6.850
2002/05/09,5.210,7.330,5.480,5.500,,6.940
2002/05/08,5.130,7.320,5.470,5.460,,6.930
2002/05/07,5.070,7.290,5.420,5.410,,6.900
2002/05/06,5.020,7.270,5.340,5.340,,6.880
2002/05/04,4.970,7.260,5.340,5.330,,7.000
2002/05/03,4.970,7.260,5.340,5.330,,6.860
2002/05/02,4.950,7.270,5.340,5.330,,6.880
2002/05/01,,,5.340,,,
2002/04/30,4.950,7.290,5.340,5.350,,6.920
2002/04/29,4.950,7.290,5.340,5.350,,6.920
2002/04/27,,,5.360,,,
2002/04/26,4.950,7.330,5.360,5.380,,6.970
2002/04/25,4.950,7.360,5.390,5.400,,7.000
2002/04/24,4.960,7.360,5.370,5.390,,7.000
2002/04/23,4.960,7.380,5.400,5.400,,7.020
2002/04/22,4.960,7.400,5.420,5.400,,7.040
2002/04/20,4.960,7.400,5.420,5.400,,7.030
2002/04/19,4.960,7.400,5.420,5.400,,7.030
2002/04/18,4.980,7.420,5.450,5.420,,7.070
2002/04/17,5.000,7.450,5.470,5.450,,7.090
2002/04/16,4.980,7.450,5.470,5.450,,7.090
2002/04/15,4.940,7.410,5.430,5.430,,7.040
2002/04/13,4.970,7.440,5.430,5.430,,7.080
2002/04/12,4.970,7.440,5.430,5.430,,7.080
2002/04/11,5.000,7.500,5.460,5.460,,7.150
2002/04/10,5.010,7.490,5.420,5.440,,7.140
2002/04/09,5.030,7.540,5.460,5.460,,7.200
2002/04/08,5.010,7.490,5.400,5.410,,7.150
2002/04/06,5.060,7.500,5.430,5.430,,7.150
2002/04/04,5.060,7.500,5.430,5.430,,7.150
2002/04/03,5.070,7.500,5.460,5.440,,7.130
2002/04/02,5.100,7.500,5.490,5.470,,7.120
2002/04/01,5.100,7.460,5.440,5.430,,7.070
2002/03/30,5.080,7.390,5.390,5.380,,6.980
2002/03/29,5.080,7.390,5.390,5.380,,6.980
2002/03/28,5.090,7.400,5.430,5.400,,7.000
2002/03/27,5.150,7.460,5.500,5.470,,7.080
2002/03/26,5.160,7.500,5.500,5.480,,7.120
2002/03/25,5.180,7.470,5.460,5.440,,7.080
2002/03/23,5.200,7.510,5.440,5.440,,7.100
2002/03/22,5.200,7.510,5.440,5.440,,7.100
2002/03/21,5.200,7.530,5.440,5.440,,7.120
2002/03/20,5.190,7.530,5.420,5.430,,7.120
2002/03/19,5.210,7.580,5.420,5.460,,7.180
2002/03/18,5.060,7.470,5.290,5.320,,7.080
2002/03/16,5.040,7.500,5.300,5.340,,7.110
2002/03/15,5.040,7.500,5.300,5.340,,7.110
2002/03/14,4.940,7.420,5.200,5.230,,7.040
2002/03/13,4.890,7.420,5.200,5.210,,7.040
2002/03/12,4.840,7.330,5.100,5.100,,6.940
2002/03/11,4.830,7.320,5.130,5.100,,6.920
2002/03/09,4.810,7.300,5.130,5.100,,6.910
2002/03/08,4.810,7.300,5.130,5.100,,6.910
2002/03/07,,,,,,
2002/03/06,4.780,7.170,5.060,5.040,,6.760
2002/03/05,4.720,7.100,5.000,4.970,,6.690
2002/03/04,4.730,7.080,5.000,4.970,,6.660
2002/03/02,4.680,6.940,4.860,4.860,,6.460
2002/02/28,4.680,6.940,4.860,4.860,,6.460
2002/02/27,4.700,7.060,4.930,4.930,,6.620
2002/02/26,4.690,7.060,4.930,4.930,,6.610
2002/02/25,4.690,7.090,4.950,4.940,,6.640
2002/02/23,,,4.970,,,
2002/02/22,4.710,7.120,4.970,4.960,,6.670
2002/02/21,4.710,7.120,4.970,4.960,,6.680
2002/02/20,4.720,7.150,4.990,4.980,,6.710
2002/02/19,4.720,7.150,4.990,4.990,,6.710
2002/02/18,4.730,7.170,5.010,5.010,,6.720
2002/02/16,4.740,7.170,5.020,5.030,,6.710
2002/02/15,4.740,7.170,5.020,5.020,,6.710
2002/02/14,4.780,7.180,5.060,5.060,,6.730
2002/02/13,,,5.000,,,
2002/02/12,,,5.000,,,
2002/02/11,,,5.000,,,
2002/02/10,,,5.000,,,
2002/02/09,4.730,7.110,5.000,5.010,,6.640
2002/02/08,4.730,7.110,5.000,5.010,,6.640
2002/02/07,4.700,7.080,4.960,4.980,,6.600
2002/02/06,4.740,7.130,5.000,5.010,,6.670
2002/02/05,4.740,7.120,5.000,5.010,,6.660
2002/02/04,4.760,7.130,5.030,5.030,,6.670
2002/02/03,,,5.010,,,
2002/02/02,4.760,7.120,5.010,5.040,,6.670
2002/02/01,4.760,7.120,5.010,5.040,,6.670
2002/01/31,4.810,7.190,5.080,5.100,,6.760
2002/01/30,4.810,7.190,5.080,5.100,,6.780
2002/01/29,4.830,7.260,5.150,5.150,,6.900
2002/01/28,4.850,7.290,5.180,5.180,,6.930
2002/01/26,,,,,,
2002/01/25,4.830,7.250,5.160,5.180,,6.880
2002/01/24,4.870,7.280,5.220,5.210,,6.910
2002/01/23,4.910,7.250,5.190,5.190,,6.850
2002/01/22,,,,,,
2002/01/21,,,,,,
2002/01/19,,,,,,
2002/01/18,,,,,,
2002/01/17,,,,,,
2002/01/16,,,,,,
2002/01/15,,,,,,
2002/01/14,4.950,7.270,5.270,5.280,,6.900
2002/01/13,,,5.220,,,
2002/01/12,4.950,7.220,5.220,5.230,,6.810
2002/01/11,4.950,7.220,5.220,5.230,,6.810
2002/01/10,,,5.370,,,
2002/01/09,5.130,7.320,5.400,5.400,,6.930
2002/01/08,5.110,7.310,5.370,5.390,,6.890
2002/01/07,5.080,7.280,5.330,5.340,,6.850
2002/01/06,,,5.370,,,
2002/01/05,5.130,7.310,5.370,5.370,,6.900
2002/01/04,5.130,7.310,5.370,5.370,,6.900
2002/01/03,5.210,7.370,5.450,5.460,,6.940
2002/01/02,5.270,7.380,5.480,5.490,,6.950
2001/12/31,5.190,7.200,5.310,5.310,,6.730
2001/12/29,5.160,7.200,5.310,5.310,,6.730
2001/12/28,5.160,7.200,5.310,5.310,,6.730
2001/12/27,5.130,7.160,5.300,5.290,,6.680
2001/12/26,5.120,7.130,5.270,5.270,,6.640
2001/12/24,5.150,7.170,,,,6.690
2001/12/22,5.170,7.170,5.280,,,6.680
2001/12/21,5.170,7.170,5.280,5.310,,6.680
2001/12/20,,,,,,
2001/12/19,5.070,7.130,5.240,5.250,,6.610
2001/12/18,5.050,7.110,5.210,5.230,,6.580
2001/12/17,,,5.270,,,
2001/12/15,,,,,,
2001/12/14,,,,,,
2001/12/13,5.220,7.320,5.390,5.400,,6.810
2001/12/12,5.250,7.370,5.450,5.460,,6.880
2001/12/11,5.290,7.370,5.530,5.510,,6.840
2001/12/10,5.340,7.420,5.600,5.600,,6.850
2001/12/08,,,,,,
2001/12/07,5.310,7.420,5.510,5.490,,6.750
2001/12/06,5.310,7.420,5.510,5.470,,6.710
2001/12/05,5.110,7.190,5.310,5.280,,6.450
2001/12/04,5.000,7.090,5.220,5.200,,6.330
2001/12/03,4.960,7.030,5.130,5.110,,6.260
2001/12/01,5.070,7.100,5.230,5.180,,6.350
2001/11/30,5.050,7.100,5.230,5.180,,6.350
2001/11/29,,,5.300,,,
2001/11/28,5.080,7.090,5.250,5.220,,6.390
2001/11/27,5.180,7.240,5.410,5.420,,6.670
2001/11/26,5.160,7.230,5.320,5.320,,6.550
2001/11/24,5.100,7.230,5.230,5.240,,6.550
2001/11/23,5.100,7.230,5.230,5.240,,6.550
2001/11/22,5.100,7.290,5.240,5.250,,6.640
2001/11/21,4.950,7.140,5.050,5.080,,6.500
2001/11/20,4.900,7.060,4.980,4.990,,6.390
2001/11/19,4.930,7.120,5.020,5.040,,6.490
2001/11/17,4.930,7.120,4.990,5.010,,6.470
2001/11/16,4.930,7.120,4.990,5.010,,6.470
2001/11/15,4.870,7.090,4.940,4.970,,6.430
2001/11/14,4.730,6.840,4.740,4.730,,6.200
2001/11/13,4.610,6.590,4.550,4.560,,5.830
2001/11/12,4.610,6.560,4.550,4.550,,5.810
2001/11/10,4.610,6.560,4.530,4.540,,5.770
2001/11/09,4.610,6.560,4.530,4.540,,5.770
2001/11/08,4.580,6.530,4.520,4.530,,5.740
2001/11/07,4.580,6.530,4.520,4.530,,5.750
2001/11/06,4.580,6.530,4.510,4.530,,5.750
2001/11/05,4.600,6.550,4.550,4.560,,5.880
2001/11/03,4.580,6.520,4.520,4.530,,5.860
2001/11/02,4.580,6.520,4.520,4.530,,5.860
2001/11/01,,,,,,
2001/10/31,4.580,6.540,4.530,4.540,,6.140
2001/10/30,4.580,6.540,4.540,4.550,,6.110
2001/10/29,4.570,6.520,4.520,4.520,,6.050
2001/10/27,4.580,6.520,4.520,4.520,,6.020
2001/10/26,4.580,6.520,4.520,4.520,,6.020
2001/10/25,4.580,6.460,4.520,4.510,,5.940
2001/10/24,,,,,,
2001/10/23,4.530,6.310,4.470,4.470,,5.740
2001/10/22,4.510,6.260,4.440,4.450,,5.660
2001/10/21,,,4.470,,,
2001/10/20,4.550,6.310,4.470,4.480,,5.720
2001/10/19,4.550,6.310,4.470,4.480,,5.720
2001/10/18,,,,,,
2001/10/17,4.570,6.330,4.500,4.510,,5.750
2001/10/16,4.530,6.260,4.470,4.480,,5.750
2001/10/15,4.530,6.220,4.450,4.470,,5.690
2001/10/13,4.570,6.270,4.530,4.540,,5.700
2001/10/12,4.570,6.290,4.530,4.540,,5.780
2001/10/11,4.460,6.200,4.510,4.520,,5.700
2001/10/10,4.310,5.900,4.250,4.270,,5.250
2001/10/09,4.260,5.820,4.180,4.180,,5.060
2001/10/08,4.280,5.830,4.220,4.220,,5.040
2001/10/06,4.250,5.790,4.220,4.220,,4.990
2001/10/05,4.250,5.790,4.220,4.220,,4.990
2001/10/04,4.250,5.840,4.190,4.190,,4.910
2001/09/29,,,,,,
2001/09/28,,,,,,
2001/09/27,4.380,6.020,4.360,4.350,,5.000
2001/09/26,4.360,6.060,4.400,4.390,,5.060
2001/09/25,4.460,6.080,4.420,4.420,,5.060
2001/09/24,4.490,6.090,4.450,4.450,,5.070
2001/09/22,4.500,6.120,4.490,4.490,,5.080
2001/09/21,4.500,6.120,4.490,4.490,,5.080
2001/09/20,4.520,6.110,4.510,4.510,,5.060
2001/09/19,4.590,6.110,4.550,4.540,,5.020
2001/09/18,4.880,6.320,4.860,4.860,,5.190
2001/09/17,4.920,6.370,4.900,4.910,,5.270
2001/09/15,4.900,6.320,4.890,4.900,,5.200
2001/09/14,4.900,6.320,4.890,4.900,,5.200
2001/09/13,4.940,6.360,4.920,4.930,,5.240
2001/09/12,4.950,6.390,4.960,4.960,,5.350
2001/09/11,4.970,6.440,5.000,5.000,,5.510
2001/09/10,4.970,6.420,5.000,5.000,,5.470
2001/09/08,4.990,6.410,5.020,5.010,,5.390
2001/09/07,4.990,6.410,5.020,5.010,,5.390
2001/09/06,4.990,6.400,5.020,5.000,,5.370
2001/09/05,5.000,6.390,5.020,5.010,,5.340
2001/09/04,4.970,6.340,4.980,4.970,,5.250
2001/09/03,5.000,6.390,5.020,,,5.270
2001/09/01,5.050,6.470,5.100,5.100,,5.450
2001/08/31,5.050,6.470,5.100,5.100,,5.450
2001/08/30,5.030,6.390,5.070,5.090,,5.410
2001/08/29,4.990,6.350,4.990,5.010,,5.250
2001/08/28,5.000,6.400,5.040,5.070,,5.410
2001/08/27,4.980,6.390,5.030,5.060,,5.400
2001/08/25,4.930,6.330,4.960,4.970,,5.250
2001/08/24,4.930,6.330,4.960,4.970,,5.250
2001/08/23,4.900,6.290,4.950,4.950,,5.230
2001/08/22,4.890,6.250,4.900,4.910,,5.120
2001/08/21,4.890,6.250,4.910,4.920,,5.120
2001/08/20,4.880,6.240,4.880,4.890,,5.080
2001/08/18,4.920,6.290,4.940,4.950,,5.210
2001/08/17,4.920,6.290,4.940,4.950,,5.210
2001/08/16,4.940,6.330,4.980,4.980,,5.250
2001/08/14,4.910,6.330,4.930,4.930,,5.330
2001/08/13,4.940,6.280,4.880,4.880,,5.240
2001/08/11,5.020,6.380,4.940,4.940,,5.300
2001/08/10,5.020,6.380,4.940,4.940,,5.300
2001/08/09,5.140,6.500,5.090,5.090,,5.450
2001/08/08,5.240,6.680,5.210,5.220,,5.700
2001/08/07,5.260,6.690,5.230,5.230,,5.730
2001/08/06,5.260,6.700,5.230,5.240,,5.790
2001/08/04,5.260,6.700,5.230,5.240,,5.820
2001/08/03,5.260,6.700,5.230,5.240,,5.820
2001/08/02,5.280,6.760,5.240,5.260,,5.900
2001/08/01,5.290,6.770,5.260,5.270,,5.900
2001/07/31,5.340,6.820,5.310,5.320,,6.000
2001/07/30,5.350,6.850,5.310,,,6.030
2001/07/28,5.340,6.850,5.330,5.330,,6.000
2001/07/27,5.340,6.850,5.330,5.330,,6.000
2001/07/26,5.310,6.840,5.320,5.320,,5.970
2001/07/25,5.320,6.850,5.320,5.310,,6.000
2001/07/24,5.340,6.880,5.320,5.320,,6.030
2001/07/23,5.330,6.860,5.320,5.310,,6.080
2001/07/21,5.300,6.860,5.280,5.280,,6.040
2001/07/20,5.300,6.860,5.280,5.270,,6.040
2001/07/19,5.310,6.860,5.290,5.270,,6.050
2001/07/18,5.390,6.930,5.360,5.360,,6.170
2001/07/17,,,5.460,,,
2001/07/16,5.380,6.960,5.460,5.460,,6.230
2001/07/14,5.470,6.970,5.480,5.480,,6.190
2001/07/13,5.470,6.970,5.480,5.480,,6.220
2001/07/12,5.460,6.970,5.510,5.520,,6.180
2001/07/11,5.490,7.000,5.560,5.530,,6.230
2001/07/10,5.550,7.020,5.590,5.580,,6.280
2001/07/09,5.570,7.000,5.590,5.580,,6.280
2001/07/07,5.590,7.020,5.630,5.610,,6.360
2001/07/06,5.590,7.020,5.630,5.610,,6.360
2001/07/05,5.670,7.110,5.670,5.650,,6.370
2001/07/04,5.720,7.140,5.730,5.710,,6.420
2001/07/03,5.750,7.160,5.770,5.750,,6.430
2001/07/02,5.700,7.080,5.730,5.720,,6.270
2001/06/30,5.700,7.080,5.710,5.700,,6.190
2001/06/29,5.700,7.080,5.710,5.700,,6.190
2001/06/28,5.670,7.050,5.690,5.690,,6.150
2001/06/27,5.690,7.080,5.720,5.730,,6.260
2001/06/26,5.680,7.070,5.720,5.720,,6.240
2001/06/25,5.670,7.060,5.720,5.720,,6.220
2001/06/23,5.720,7.130,5.750,5.740,,6.320
2001/06/22,5.720,7.130,5.750,5.740,,6.320
2001/06/21,5.720,7.150,5.750,5.760,,6.350
2001/06/20,5.730,7.190,5.760,5.770,,6.410
2001/06/19,5.760,7.310,5.850,5.830,,6.680
2001/06/18,5.760,7.320,5.870,5.840,,6.700
2001/06/16,5.720,7.270,5.840,5.810,,6.560
2001/06/15,5.720,7.270,5.840,5.820,,6.560
2001/06/14,5.730,7.280,5.840,5.810,,6.590
2001/06/13,5.760,7.370,5.850,5.840,,6.620
2001/06/12,5.760,7.400,5.850,5.850,,6.650
2001/06/11,5.750,7.370,5.810,5.830,,6.610
2001/06/09,5.750,7.340,5.800,5.820,,6.570
2001/06/08,5.750,7.340,5.800,5.820,,6.570
2001/06/07,5.860,7.450,5.880,5.920,,6.750
2001/06/05,5.860,7.450,5.880,5.910,,6.750
2001/06/04,5.820,7.390,5.830,5.850,,6.610
2001/06/02,5.790,7.440,5.840,5.860,,6.650
2001/06/01,5.790,7.440,5.840,5.860,,6.650
2001/05/31,5.840,7.450,5.850,,,6.680
2001/05/30,5.800,7.440,5.850,,,6.650
2001/05/29,5.810,7.520,5.910,5.940,,6.790
2001/05/28,5.840,7.530,5.910,5.940,,6.740
2001/05/27,,,6.010,,,
2001/05/26,5.940,7.660,6.010,6.020,,6.910
2001/05/25,5.940,7.660,6.010,6.020,,6.910
2001/05/24,5.960,7.670,6.040,6.050,,6.940
2001/05/23,6.000,7.720,6.100,6.090,,7.100
2001/05/22,6.010,7.740,6.120,6.110,,7.110
2001/05/21,6.020,7.750,6.130,6.120,,7.160
2001/05/19,6.090,7.800,6.160,6.150,,7.250
2001/05/18,6.090,7.800,6.160,6.150,,7.250
2001/05/17,6.120,7.840,6.210,6.210,,7.300
2001/05/16,6.100,7.850,6.230,6.240,,7.310
2001/05/15,6.110,7.860,6.240,6.250,,7.270
2001/05/14,6.090,7.780,6.190,6.210,,7.150
2001/05/12,6.060,7.720,6.150,6.160,,7.060
2001/05/11,6.060,7.720,,,,7.060
2001/05/10,6.070,7.700,6.130,6.140,,7.030
2001/05/09,6.070,7.750,6.140,6.160,,7.010
2001/05/08,6.090,7.820,6.160,6.190,,7.070
2001/05/07,6.090,7.830,6.170,6.200,,7.080
2001/05/04,6.080,7.820,6.160,6.160,,7.030
2001/05/03,6.100,7.850,6.180,6.170,,7.120
2001/05/02,6.090,7.860,6.210,6.210,,7.180
2001/04/30,6.130,7.950,6.320,6.330,,7.380
2001/04/28,6.210,8.020,,,,7.490
2001/04/27,6.210,8.020,6.340,6.360,,7.490
2001/04/26,6.260,8.080,6.370,6.370,,7.540
2001/04/25,6.160,7.950,6.280,6.280,,7.380
2001/04/24,6.150,7.920,6.250,6.270,,7.340
2001/04/23,6.100,7.830,6.250,6.250,,7.370
2001/04/21,,,6.180,,,
2001/04/20,6.050,7.750,6.180,6.150,,7.210
2001/04/19,6.020,7.700,6.140,6.080,,7.050
2001/04/18,6.060,7.730,6.130,6.130,,7.070
2001/04/17,6.030,7.690,6.100,6.100,,7.010
2001/04/16,6.040,7.710,6.070,6.100,,7.050
2001/04/14,6.040,7.720,6.090,6.120,,7.030
2001/04/13,6.040,7.720,6.090,6.120,,7.060
2001/04/12,6.050,7.730,6.060,6.100,,7.060
2001/04/11,6.040,7.740,6.070,6.080,,7.080
2001/04/10,6.070,7.780,6.110,6.120,,7.230
2001/04/09,6.120,7.830,6.160,6.180,,7.280
2001/04/07,6.230,7.900,6.240,6.230,,7.350
2001/04/06,6.230,7.900,6.240,6.230,,7.350
2001/04/05,,,6.290,,,
2001/04/04,6.290,7.980,6.290,6.240,,7.390
2001/04/03,6.200,7.780,6.160,6.130,,7.130
2001/04/02,6.290,7.880,6.310,6.210,,7.300
2001/03/31,6.140,7.650,6.150,6.130,,7.040
2001/03/30,6.140,7.650,6.150,6.130,,7.040
2001/03/29,6.020,7.450,6.000,5.980,,7.020
2001/03/28,5.940,7.270,5.860,5.840,,6.520
2001/03/27,5.880,7.170,5.780,5.760,,6.320
2001/03/26,5.900,7.210,5.770,5.790,,6.260
2001/03/24,5.940,7.280,5.850,5.830,,6.340
2001/03/23,5.940,7.280,5.850,5.830,,6.340
2001/03/22,6.010,7.330,5.890,5.840,,6.470
2001/03/21,5.970,7.250,5.790,5.770,,6.300
2001/03/20,5.880,7.100,5.700,5.710,,6.190
2001/03/19,5.860,7.050,5.680,5.720,,6.140
2001/03/17,5.810,7.010,5.660,5.660,,6.050
2001/03/16,5.810,7.010,5.660,5.660,,6.050
2001/03/15,5.740,6.960,5.580,5.580,,6.020
2001/03/14,5.830,7.060,5.660,5.710,,6.250
2001/03/13,5.960,7.310,5.790,5.810,,6.650
2001/03/12,5.990,7.280,5.810,5.820,,6.650
2001/03/10,6.010,7.240,5.840,5.880,,6.450
2001/03/09,6.010,7.240,5.840,5.870,,6.450
2001/03/08,6.130,7.370,6.040,6.030,,6.750
2001/03/07,6.050,7.210,5.940,5.920,,6.390
2001/03/06,5.910,7.060,5.790,5.770,,6.250
2001/03/05,5.830,6.900,5.710,5.710,,6.020
2001/03/03,5.820,6.880,5.680,5.680,,6.440
2001/03/02,5.820,6.880,5.680,5.680,,6.440
2001/02/28,5.800,6.860,5.620,5.660,,6.000
2001/02/27,5.880,7.010,5.750,5.740,,6.200
2001/02/26,5.990,7.110,5.850,5.890,,6.580
2001/02/24,6.050,7.190,5.900,5.960,,6.700
2001/02/23,6.050,7.190,5.900,5.960,,6.700
2001/02/22,5.950,6.980,5.620,5.680,,6.250
2001/02/21,5.780,6.890,5.600,5.640,,6.150
2001/02/20,5.510,6.610,5.370,5.360,,5.670
2001/02/19,5.500,6.590,5.350,5.360,,5.800
2001/02/17,5.480,6.540,5.310,5.320,,5.820
2001/02/16,5.480,6.540,5.310,5.310,,5.820
2001/02/15,5.420,6.440,5.240,5.230,,5.790
2001/02/14,5.450,6.450,5.220,5.240,,5.780
2001/02/13,5.440,6.430,5.190,5.200,,5.780
2001/02/12,5.420,6.390,5.210,5.200,,5.810
2001/02/10,5.580,6.570,5.430,5.420,,5.910
2001/02/09,5.580,6.570,5.430,5.420,,5.910
2001/02/08,5.630,6.670,5.430,5.440,,5.990
2001/02/07,5.650,6.660,5.490,5.450,,5.990
2001/02/06,5.700,6.720,5.520,5.520,,6.180
2001/02/05,5.780,6.800,5.520,5.530,,6.270
2001/02/03,5.820,6.840,5.610,5.610,,6.270
2001/02/02,5.820,6.840,5.610,5.620,,6.270
2001/02/01,5.870,6.900,5.700,5.690,,6.270
2001/01/31,5.920,6.920,5.780,5.760,,6.390
2001/01/30,5.970,6.950,5.810,5.820,,6.400
2001/01/29,6.010,6.940,5.870,5.870,,6.410
2001/01/27,6.040,6.970,5.930,5.930,,6.410
2001/01/26,6.040,6.970,5.930,5.930,,6.410
2001/01/22,6.020,6.960,5.920,5.920,,6.380
2001/01/20,6.020,6.960,5.920,5.920,,6.380
2001/01/19,6.020,6.960,5.920,5.920,,6.370
2001/01/18,5.980,6.940,5.920,5.930,,6.370
2001/01/17,6.000,6.920,5.930,5.940,,6.370
2001/01/16,6.010,6.930,5.920,5.940,,6.410
2001/01/15,6.030,6.910,5.960,5.950,,6.490
2001/01/13,6.010,6.890,5.980,5.940,,6.440
2001/01/12,6.010,6.890,5.980,5.940,,6.440
2001/01/11,6.060,6.900,6.000,6.010,,6.400
2001/01/10,6.190,7.070,6.090,6.080,,6.550
2001/01/09,,,6.100,,,
2001/01/08,6.270,7.110,6.180,6.140,,6.530
2001/01/06,6.380,7.190,6.280,6.230,,6.600
2001/01/05,6.380,7.190,6.280,6.230,,6.600
2001/01/04,6.550,7.340,6.380,6.410,,6.820
2001/01/03,6.750,7.610,6.690,6.660,,7.070
2001/01/02,,,,,,
2000/12/30,6.860,7.670,6.750,6.790,,7.170
2000/12/29,6.860,7.670,6.750,6.790,,7.170
2000/12/28,6.820,7.690,6.750,6.820,,7.170
2000/12/27,6.820,7.690,6.750,6.850,,7.160
2000/12/26,6.740,7.600,6.690,6.750,,7.140
2000/12/23,6.720,7.570,6.640,6.700,,7.120
2000/12/22,6.720,7.570,6.640,6.700,,7.120
2000/12/21,6.720,7.560,6.640,6.700,,7.110
2000/12/20,,,6.640,,,
2000/12/19,6.700,7.520,6.620,6.640,,7.040
2000/12/18,6.690,7.500,,,,7.000
2000/12/16,,,6.620,,,
2000/12/15,6.680,7.480,6.620,6.630,,7.000
2000/12/14,6.690,7.500,6.700,6.680,,7.050
2000/12/13,6.710,7.570,6.670,6.680,,7.150
2000/12/12,6.720,7.580,6.680,6.680,,7.200
2000/12/11,6.690,7.500,6.630,6.630,,6.990
2000/12/09,,,6.630,,,
2000/12/08,6.710,7.510,6.630,6.620,,6.990
2000/12/07,6.700,7.530,6.630,6.620,,7.000
2000/12/06,,,6.610,,,
2000/12/05,,,6.670,,,
2000/12/04,6.800,7.630,6.700,6.700,,7.120
2000/12/02,6.910,7.780,6.890,6.870,,7.200
2000/12/01,6.910,7.780,6.890,6.880,,7.200
2000/11/30,,,7.020,,,
2000/11/29,6.970,8.010,7.030,7.020,,7.470
2000/11/28,6.980,8.030,6.970,7.000,,7.510
2000/11/27,6.970,8.050,6.980,7.010,,7.560
2000/11/25,6.980,8.120,7.010,7.020,,7.580
2000/11/24,6.980,8.120,7.010,7.020,,7.580
2000/11/23,6.990,8.150,7.010,7.040,,7.620
2000/11/22,6.970,8.110,,,,7.580
2000/11/21,6.980,8.140,6.990,7.030,,7.620
2000/11/20,6.960,8.090,6.930,,,7.470
2000/11/18,6.940,8.070,6.910,6.930,,7.420
2000/11/17,6.940,8.070,6.910,6.930,,7.420
2000/11/16,6.950,8.080,6.900,6.920,,7.420
2000/11/15,,,6.860,,,
2000/11/14,6.950,8.050,6.830,6.820,,7.350
2000/11/13,6.980,8.090,6.820,6.810,,7.410
2000/11/11,7.010,8.170,6.840,6.820,,7.440
2000/11/10,,,6.840,,,
2000/11/09,7.100,8.280,6.960,6.920,,7.610
2000/11/08,7.180,8.430,7.050,7.040,,8.000
2000/11/07,7.190,8.450,7.070,7.070,,8.070
2000/11/06,7.190,8.450,7.070,7.070,,8.060
2000/11/04,7.180,8.440,7.060,7.060,,8.040
2000/11/03,,,7.060,,,
2000/11/02,7.170,8.430,7.040,7.030,,8.020
2000/11/01,,,7.040,,,
2000/10/31,7.160,8.490,7.050,7.070,,8.000
2000/10/30,7.140,8.480,7.010,7.020,,7.980
2000/10/28,,,,,,
2000/10/27,,,,,,
2000/10/26,,,,,,
2000/10/25,,,,,,
2000/10/24,,,,,,
2000/10/23,,,,,,
2000/10/21,,,,,,
2000/10/20,,,,,,
2000/10/19,,,,,,
2000/10/18,,,,,,
2000/10/17,,,,,,
2000/10/16,,,,,,
2000/10/14,,,,,,
2000/10/13,,,,,,
2000/10/12,,,,,,
2000/10/11,,,,,,
2000/10/10,,,,,,
2000/10/09,,,,,,
2000/10/07,,,,,,
2000/10/06,,,,,,
2000/10/05,,,,,,
2000/10/04,,,,,,
2000/10/02,,,,,,
2000/09/30,,,,,,
2000/09/29,,,,,,
2000/09/28,,,,,,
2000/09/27,,,,,,
2000/09/26,,,,,,
2000/09/25,,,,,,
2000/09/23,,,,,,
2000/09/22,,,,,,
2000/09/21,,,,,,
2000/09/20,,,,,,
2000/09/19,,,,,,
2000/09/18,,,,,,
2000/09/16,,,,,,
2000/09/15,,,,,,
2000/09/14,,,,,,
2000/09/09,,,,,,
2000/09/08,,,,,,
2000/09/07,,,,,,
2000/09/06,,,,,,
2000/09/05,,,,,,
2000/09/04,,,,,,
2000/09/02,,,,,,
2000/09/01,,,,,,
2000/08/31,,,,,,
2000/08/30,,,,,,
2000/08/29,,,,,,
2000/08/28,,,,,,
2000/08/26,,,,,,
2000/08/25,,,,,,
2000/08/24,,,,,,
2000/08/23,,,,,,
2000/08/22,,,,,,
2000/08/21,,,,,,
2000/08/19,,,,,,
2000/08/18,,,,,,
2000/08/17,,,,,,
2000/08/16,,,,,,
2000/08/14,,,,,,
2000/08/12,,,,,,
2000/08/11,,,,,,
2000/08/10,,,,,,
2000/08/09,,,,,,
2000/08/08,,,,,,
2000/08/07,,,,,,
2000/08/05,,,,,,
2000/08/04,,,,,,
2000/08/03,,,,,,
2000/08/02,,,,,,
2000/08/01,,,,,,
2000/07/31,,,,,,
2000/07/29,,,,,,
2000/07/28,,,,,,
2000/07/27,,,,,,
2000/07/26,,,,,,
2000/07/25,,,,,,
2000/07/24,,,,,,
2000/07/22,,,,,,
2000/07/21,,,,,,
2000/07/20,,,,,,
2000/07/19,,,,,,
2000/07/18,,,,,,
2000/07/15,,,,,,
2000/07/14,,,,,,
2000/07/13,,,,,,
2000/07/12,,,,,,
2000/07/11,,,,,,
2000/07/10,,,,,,
2000/07/08,,,,,,
2000/07/07,,,,,,
2000/07/06,,,,,,
2000/07/05,,,,,,
2000/07/04,,,,,,
2000/07/03,,,,,,
2000/07/01,,,,,,
2000/06/30,,,,,,
2000/06/29,,,,,,
2000/06/28,,,,,,
2000/06/27,,,,,,
2000/06/26,,,,,,
2000/06/24,,,,,,
2000/06/23,,,,,,
2000/06/22,,,,,,
2000/06/21,,,,,,
2000/06/20,,,,,,
2000/06/19,,,,,,
2000/06/17,,,,,,
2000/06/16,,,,,,
2000/06/15,,,,,,
2000/06/14,,,,,,
2000/06/13,,,,,,
2000/06/12,,,,,,
2000/06/10,,,,,,
2000/06/09,,,,,,
2000/06/08,,,,,,
2000/06/07,,,,,,
2000/06/05,,,,,,
2000/06/03,,,,,,
2000/06/02,,,,,,
2000/06/01,,,,,,
2000/05/31,,,,,,
2000/05/30,,,,,,
2000/05/29,,,,,,
2000/05/27,,,,,,
2000/05/26,,,,,,
2000/05/25,,,,,,
2000/05/24,,,,,,
2000/05/23,,,,,,
2000/05/22,,,,,,
2000/05/20,,,,,,
2000/05/19,,,,,,
2000/05/18,,,,,,
2000/05/17,,,,,,
2000/05/16,,,,,,
2000/05/15,,,,,,
2000/05/13,,,,,,
2000/05/12,,,,,,
2000/05/10,,,,,,
2000/05/09,,,,,,
2000/05/08,,,,,,
2000/05/06,,,,,,
2000/05/04,,,,,,
2000/05/03,,,,,,
2000/05/02,,,,,,
2000/04/29,,,,,,
2000/04/28,,,,,,
2000/04/27,,,,,,
2000/04/26,,,,,,
2000/04/25,,,,,,
2000/04/24,,,,,,
2000/04/22,,,,,,
2000/04/21,,,,,,
2000/04/20,,,,,,
2000/04/19,,,,,,
2000/04/18,,,,,,
2000/04/17,,,,,,
2000/04/15,,,,,,
2000/04/14,,,,,,
2000/04/12,,,,,,
2000/04/11,,,,,,
2000/04/10,,,,,,
2000/04/08,,,,,,
2000/04/07,,,,,,
2000/04/06,,,,,,
2000/04/04,,,,,,
2000/04/03,,,,,,
2000/04/01,,,,,,
2000/03/31,,,,,,
2000/03/30,,,,,,
2000/03/29,,,,,,
2000/03/28,,,,,,
2000/03/27,,,,,,
2000/03/25,,,,,,
2000/03/24,,,,,,
2000/03/23,,,,,,
2000/03/22,,,,,,
2000/03/21,,,,,,
2000/03/20,,,,,,
2000/03/18,,,,,,
2000/03/17,,,,,,
2000/03/16,,,,,,
2000/03/15,,,,,,
2000/03/14,,,,,,
2000/03/13,,,,,,
2000/03/11,,,,,,
2000/03/10,,,,,,
2000/03/09,,,,,,
2000/03/08,,,,,,
2000/03/07,,,,,,
2000/03/06,,,,,,
2000/03/04,,,,,,
2000/03/03,,,,,,
2000/03/02,,,,,,
2000/02/29,,,,,,
2000/02/28,,,,,,
2000/02/26,,,,,,
2000/02/25,,,,,,
2000/02/24,,,,,,
2000/02/23,,,,,,
2000/02/22,,,,,,
2000/02/21,,,,,,
2000/02/19,,,,,,
2000/02/18,,,,,,
2000/02/17,,,,,,
2000/02/16,,,,,,
2000/02/15,,,,,,
2000/02/14,,,,,,
2000/02/12,,,,,,
2000/02/11,,,,,,
2000/02/10,,,,,,
2000/02/09,,,,,,
2000/02/08,,,,,,
2000/02/07,,,,,,
2000/02/03,,,,,,
2000/02/02,,,,,,
2000/02/01,,,,,,
2000/01/31,,,,,,
2000/01/29,,,,,,
2000/01/28,,,,,,
2000/01/27,,,,,,
2000/01/26,,,,,,
2000/01/25,,,,,,
2000/01/24,,,,,,
2000/01/22,,,,,,
2000/01/21,,,,,,
2000/01/20,,,,,,
2000/01/19,,,,,,
2000/01/18,,,,,,
2000/01/17,,,,,,
2000/01/15,,,,,,
2000/01/14,,,,,,
2000/01/13,,,,,,
2000/01/12,,,,,,
2000/01/11,,,,,,
2000/01/10,,,,,,
2000/01/08,,,,,,
2000/01/07,,,,,,
2000/01/06,,,,,,
2000/01/05,,,,,,
2000/01/04,,,,,,
